ISO-10303-21;
HEADER;
FILE_DESCRIPTION(('Open CASCADE Model'),'2;1');
FILE_NAME('Open CASCADE Shape Model','2026-08-03T21:46:17',('Author'),(
    'Open CASCADE'),'Open CASCADE STEP processor 7.5','Open CASCADE 7.5'
  ,'Unknown');
FILE_SCHEMA(('AUTOMOTIVE_DESIGN { 1 0 10303 214 1 1 1 1 }'));
ENDSEC;
DATA;
#1 = APPLICATION_PROTOCOL_DEFINITION('international standard',
  'automotive_design',2000,#2);
#2 = APPLICATION_CONTEXT(
  'core data for automotive mechanical design processes');
#3 = SHAPE_DEFINITION_REPRESENTATION(#4,#10);
#4 = PRODUCT_DEFINITION_SHAPE('','',#5);
#5 = PRODUCT_DEFINITION('design','',#6,#9);
#6 = PRODUCT_DEFINITION_FORMATION('','',#7);
#7 = PRODUCT('PCB','PCB','',(#8));
#8 = PRODUCT_CONTEXT('',#2,'mechanical');
#9 = PRODUCT_DEFINITION_CONTEXT('part definition',#2,'design');
#10 = SHAPE_REPRESENTATION('',(#11,#15,#19,#23,#27,#31,#35,#39,#43,#47,
    #51,#55,#59,#63,#67,#71,#75,#79,#83,#87,#91,#95,#99,#103,#107,#111,
    #115,#119,#123,#127,#131,#135,#139,#143,#147,#151,#155,#159,#163,
    #167,#171,#175,#179,#183,#187,#191,#195,#199,#203,#207,#211,#215,
    #219,#223,#227,#231,#235,#239,#243,#247,#251,#255,#259,#263,#267,
    #271,#275,#279,#283),#287);
#11 = AXIS2_PLACEMENT_3D('',#12,#13,#14);
#12 = CARTESIAN_POINT('',(0.,0.,0.));
#13 = DIRECTION('',(0.,0.,1.));
#14 = DIRECTION('',(1.,0.,-0.));
#15 = AXIS2_PLACEMENT_3D('',#16,#17,#18);
#16 = CARTESIAN_POINT('',(0.,0.,0.));
#17 = DIRECTION('',(0.,0.,1.));
#18 = DIRECTION('',(1.,0.,-0.));
#19 = AXIS2_PLACEMENT_3D('',#20,#21,#22);
#20 = CARTESIAN_POINT('',(0.,0.,0.));
#21 = DIRECTION('',(0.,0.,1.));
#22 = DIRECTION('',(1.,0.,-0.));
#23 = AXIS2_PLACEMENT_3D('',#24,#25,#26);
#24 = CARTESIAN_POINT('',(0.,0.,0.));
#25 = DIRECTION('',(0.,0.,1.));
#26 = DIRECTION('',(1.,0.,-0.));
#27 = AXIS2_PLACEMENT_3D('',#28,#29,#30);
#28 = CARTESIAN_POINT('',(0.,0.,0.));
#29 = DIRECTION('',(0.,0.,1.));
#30 = DIRECTION('',(1.,0.,-0.));
#31 = AXIS2_PLACEMENT_3D('',#32,#33,#34);
#32 = CARTESIAN_POINT('',(0.,0.,0.));
#33 = DIRECTION('',(0.,0.,1.));
#34 = DIRECTION('',(1.,0.,-0.));
#35 = AXIS2_PLACEMENT_3D('',#36,#37,#38);
#36 = CARTESIAN_POINT('',(0.,0.,0.));
#37 = DIRECTION('',(0.,0.,1.));
#38 = DIRECTION('',(1.,0.,-0.));
#39 = AXIS2_PLACEMENT_3D('',#40,#41,#42);
#40 = CARTESIAN_POINT('',(0.,0.,0.));
#41 = DIRECTION('',(0.,0.,1.));
#42 = DIRECTION('',(1.,0.,-0.));
#43 = AXIS2_PLACEMENT_3D('',#44,#45,#46);
#44 = CARTESIAN_POINT('',(0.,0.,0.));
#45 = DIRECTION('',(0.,0.,1.));
#46 = DIRECTION('',(1.,0.,-0.));
#47 = AXIS2_PLACEMENT_3D('',#48,#49,#50);
#48 = CARTESIAN_POINT('',(0.,0.,0.));
#49 = DIRECTION('',(0.,0.,1.));
#50 = DIRECTION('',(1.,0.,-0.));
#51 = AXIS2_PLACEMENT_3D('',#52,#53,#54);
#52 = CARTESIAN_POINT('',(0.,0.,0.));
#53 = DIRECTION('',(0.,0.,1.));
#54 = DIRECTION('',(1.,0.,-0.));
#55 = AXIS2_PLACEMENT_3D('',#56,#57,#58);
#56 = CARTESIAN_POINT('',(0.,0.,0.));
#57 = DIRECTION('',(0.,0.,1.));
#58 = DIRECTION('',(1.,0.,-0.));
#59 = AXIS2_PLACEMENT_3D('',#60,#61,#62);
#60 = CARTESIAN_POINT('',(0.,0.,0.));
#61 = DIRECTION('',(0.,0.,1.));
#62 = DIRECTION('',(1.,0.,-0.));
#63 = AXIS2_PLACEMENT_3D('',#64,#65,#66);
#64 = CARTESIAN_POINT('',(0.,0.,0.));
#65 = DIRECTION('',(0.,0.,1.));
#66 = DIRECTION('',(1.,0.,-0.));
#67 = AXIS2_PLACEMENT_3D('',#68,#69,#70);
#68 = CARTESIAN_POINT('',(0.,0.,0.));
#69 = DIRECTION('',(0.,0.,1.));
#70 = DIRECTION('',(1.,0.,-0.));
#71 = AXIS2_PLACEMENT_3D('',#72,#73,#74);
#72 = CARTESIAN_POINT('',(0.,0.,0.));
#73 = DIRECTION('',(0.,0.,1.));
#74 = DIRECTION('',(1.,0.,-0.));
#75 = AXIS2_PLACEMENT_3D('',#76,#77,#78);
#76 = CARTESIAN_POINT('',(0.,0.,0.));
#77 = DIRECTION('',(0.,0.,1.));
#78 = DIRECTION('',(1.,0.,-0.));
#79 = AXIS2_PLACEMENT_3D('',#80,#81,#82);
#80 = CARTESIAN_POINT('',(0.,0.,0.));
#81 = DIRECTION('',(0.,0.,1.));
#82 = DIRECTION('',(1.,0.,-0.));
#83 = AXIS2_PLACEMENT_3D('',#84,#85,#86);
#84 = CARTESIAN_POINT('',(0.,0.,0.));
#85 = DIRECTION('',(0.,0.,1.));
#86 = DIRECTION('',(1.,0.,-0.));
#87 = AXIS2_PLACEMENT_3D('',#88,#89,#90);
#88 = CARTESIAN_POINT('',(0.,0.,0.));
#89 = DIRECTION('',(0.,0.,1.));
#90 = DIRECTION('',(1.,0.,-0.));
#91 = AXIS2_PLACEMENT_3D('',#92,#93,#94);
#92 = CARTESIAN_POINT('',(0.,0.,0.));
#93 = DIRECTION('',(0.,0.,1.));
#94 = DIRECTION('',(1.,0.,-0.));
#95 = AXIS2_PLACEMENT_3D('',#96,#97,#98);
#96 = CARTESIAN_POINT('',(0.,0.,0.));
#97 = DIRECTION('',(0.,0.,1.));
#98 = DIRECTION('',(1.,0.,-0.));
#99 = AXIS2_PLACEMENT_3D('',#100,#101,#102);
#100 = CARTESIAN_POINT('',(0.,0.,0.));
#101 = DIRECTION('',(0.,0.,1.));
#102 = DIRECTION('',(1.,0.,-0.));
#103 = AXIS2_PLACEMENT_3D('',#104,#105,#106);
#104 = CARTESIAN_POINT('',(0.,0.,0.));
#105 = DIRECTION('',(0.,0.,1.));
#106 = DIRECTION('',(1.,0.,-0.));
#107 = AXIS2_PLACEMENT_3D('',#108,#109,#110);
#108 = CARTESIAN_POINT('',(0.,0.,0.));
#109 = DIRECTION('',(0.,0.,1.));
#110 = DIRECTION('',(1.,0.,-0.));
#111 = AXIS2_PLACEMENT_3D('',#112,#113,#114);
#112 = CARTESIAN_POINT('',(0.,0.,0.));
#113 = DIRECTION('',(0.,0.,1.));
#114 = DIRECTION('',(1.,0.,-0.));
#115 = AXIS2_PLACEMENT_3D('',#116,#117,#118);
#116 = CARTESIAN_POINT('',(0.,0.,0.));
#117 = DIRECTION('',(0.,0.,1.));
#118 = DIRECTION('',(1.,0.,-0.));
#119 = AXIS2_PLACEMENT_3D('',#120,#121,#122);
#120 = CARTESIAN_POINT('',(0.,0.,0.));
#121 = DIRECTION('',(0.,0.,1.));
#122 = DIRECTION('',(1.,0.,-0.));
#123 = AXIS2_PLACEMENT_3D('',#124,#125,#126);
#124 = CARTESIAN_POINT('',(0.,0.,0.));
#125 = DIRECTION('',(0.,0.,1.));
#126 = DIRECTION('',(1.,0.,-0.));
#127 = AXIS2_PLACEMENT_3D('',#128,#129,#130);
#128 = CARTESIAN_POINT('',(0.,0.,0.));
#129 = DIRECTION('',(0.,0.,1.));
#130 = DIRECTION('',(1.,0.,-0.));
#131 = AXIS2_PLACEMENT_3D('',#132,#133,#134);
#132 = CARTESIAN_POINT('',(0.,0.,0.));
#133 = DIRECTION('',(0.,0.,1.));
#134 = DIRECTION('',(1.,0.,-0.));
#135 = AXIS2_PLACEMENT_3D('',#136,#137,#138);
#136 = CARTESIAN_POINT('',(0.,0.,0.));
#137 = DIRECTION('',(0.,0.,1.));
#138 = DIRECTION('',(1.,0.,-0.));
#139 = AXIS2_PLACEMENT_3D('',#140,#141,#142);
#140 = CARTESIAN_POINT('',(0.,0.,0.));
#141 = DIRECTION('',(0.,0.,1.));
#142 = DIRECTION('',(1.,0.,-0.));
#143 = AXIS2_PLACEMENT_3D('',#144,#145,#146);
#144 = CARTESIAN_POINT('',(0.,0.,0.));
#145 = DIRECTION('',(0.,0.,1.));
#146 = DIRECTION('',(1.,0.,-0.));
#147 = AXIS2_PLACEMENT_3D('',#148,#149,#150);
#148 = CARTESIAN_POINT('',(0.,0.,0.));
#149 = DIRECTION('',(0.,0.,1.));
#150 = DIRECTION('',(1.,0.,-0.));
#151 = AXIS2_PLACEMENT_3D('',#152,#153,#154);
#152 = CARTESIAN_POINT('',(0.,0.,0.));
#153 = DIRECTION('',(0.,0.,1.));
#154 = DIRECTION('',(1.,0.,-0.));
#155 = AXIS2_PLACEMENT_3D('',#156,#157,#158);
#156 = CARTESIAN_POINT('',(0.,0.,0.));
#157 = DIRECTION('',(0.,0.,1.));
#158 = DIRECTION('',(1.,0.,-0.));
#159 = AXIS2_PLACEMENT_3D('',#160,#161,#162);
#160 = CARTESIAN_POINT('',(0.,0.,0.));
#161 = DIRECTION('',(0.,0.,1.));
#162 = DIRECTION('',(1.,0.,-0.));
#163 = AXIS2_PLACEMENT_3D('',#164,#165,#166);
#164 = CARTESIAN_POINT('',(0.,0.,0.));
#165 = DIRECTION('',(0.,0.,1.));
#166 = DIRECTION('',(1.,0.,-0.));
#167 = AXIS2_PLACEMENT_3D('',#168,#169,#170);
#168 = CARTESIAN_POINT('',(0.,0.,0.));
#169 = DIRECTION('',(0.,0.,1.));
#170 = DIRECTION('',(1.,0.,-0.));
#171 = AXIS2_PLACEMENT_3D('',#172,#173,#174);
#172 = CARTESIAN_POINT('',(0.,0.,0.));
#173 = DIRECTION('',(0.,0.,1.));
#174 = DIRECTION('',(1.,0.,-0.));
#175 = AXIS2_PLACEMENT_3D('',#176,#177,#178);
#176 = CARTESIAN_POINT('',(0.,0.,0.));
#177 = DIRECTION('',(0.,0.,1.));
#178 = DIRECTION('',(1.,0.,-0.));
#179 = AXIS2_PLACEMENT_3D('',#180,#181,#182);
#180 = CARTESIAN_POINT('',(0.,0.,0.));
#181 = DIRECTION('',(0.,0.,1.));
#182 = DIRECTION('',(1.,0.,-0.));
#183 = AXIS2_PLACEMENT_3D('',#184,#185,#186);
#184 = CARTESIAN_POINT('',(0.,0.,0.));
#185 = DIRECTION('',(0.,0.,1.));
#186 = DIRECTION('',(1.,0.,-0.));
#187 = AXIS2_PLACEMENT_3D('',#188,#189,#190);
#188 = CARTESIAN_POINT('',(0.,0.,0.));
#189 = DIRECTION('',(0.,0.,1.));
#190 = DIRECTION('',(1.,0.,-0.));
#191 = AXIS2_PLACEMENT_3D('',#192,#193,#194);
#192 = CARTESIAN_POINT('',(0.,0.,0.));
#193 = DIRECTION('',(0.,0.,1.));
#194 = DIRECTION('',(1.,0.,-0.));
#195 = AXIS2_PLACEMENT_3D('',#196,#197,#198);
#196 = CARTESIAN_POINT('',(0.,0.,0.));
#197 = DIRECTION('',(0.,0.,1.));
#198 = DIRECTION('',(1.,0.,-0.));
#199 = AXIS2_PLACEMENT_3D('',#200,#201,#202);
#200 = CARTESIAN_POINT('',(0.,0.,0.));
#201 = DIRECTION('',(0.,0.,1.));
#202 = DIRECTION('',(1.,0.,-0.));
#203 = AXIS2_PLACEMENT_3D('',#204,#205,#206);
#204 = CARTESIAN_POINT('',(0.,0.,0.));
#205 = DIRECTION('',(0.,0.,1.));
#206 = DIRECTION('',(1.,0.,-0.));
#207 = AXIS2_PLACEMENT_3D('',#208,#209,#210);
#208 = CARTESIAN_POINT('',(0.,0.,0.));
#209 = DIRECTION('',(0.,0.,1.));
#210 = DIRECTION('',(1.,0.,-0.));
#211 = AXIS2_PLACEMENT_3D('',#212,#213,#214);
#212 = CARTESIAN_POINT('',(0.,0.,0.));
#213 = DIRECTION('',(0.,0.,1.));
#214 = DIRECTION('',(1.,0.,-0.));
#215 = AXIS2_PLACEMENT_3D('',#216,#217,#218);
#216 = CARTESIAN_POINT('',(0.,0.,0.));
#217 = DIRECTION('',(0.,0.,1.));
#218 = DIRECTION('',(1.,0.,-0.));
#219 = AXIS2_PLACEMENT_3D('',#220,#221,#222);
#220 = CARTESIAN_POINT('',(0.,0.,0.));
#221 = DIRECTION('',(0.,0.,1.));
#222 = DIRECTION('',(1.,0.,-0.));
#223 = AXIS2_PLACEMENT_3D('',#224,#225,#226);
#224 = CARTESIAN_POINT('',(0.,0.,0.));
#225 = DIRECTION('',(0.,0.,1.));
#226 = DIRECTION('',(1.,0.,-0.));
#227 = AXIS2_PLACEMENT_3D('',#228,#229,#230);
#228 = CARTESIAN_POINT('',(0.,0.,0.));
#229 = DIRECTION('',(0.,0.,1.));
#230 = DIRECTION('',(1.,0.,-0.));
#231 = AXIS2_PLACEMENT_3D('',#232,#233,#234);
#232 = CARTESIAN_POINT('',(0.,0.,0.));
#233 = DIRECTION('',(0.,0.,1.));
#234 = DIRECTION('',(1.,0.,-0.));
#235 = AXIS2_PLACEMENT_3D('',#236,#237,#238);
#236 = CARTESIAN_POINT('',(0.,0.,0.));
#237 = DIRECTION('',(0.,0.,1.));
#238 = DIRECTION('',(1.,0.,-0.));
#239 = AXIS2_PLACEMENT_3D('',#240,#241,#242);
#240 = CARTESIAN_POINT('',(0.,0.,0.));
#241 = DIRECTION('',(0.,0.,1.));
#242 = DIRECTION('',(1.,0.,-0.));
#243 = AXIS2_PLACEMENT_3D('',#244,#245,#246);
#244 = CARTESIAN_POINT('',(0.,0.,0.));
#245 = DIRECTION('',(0.,0.,1.));
#246 = DIRECTION('',(1.,0.,-0.));
#247 = AXIS2_PLACEMENT_3D('',#248,#249,#250);
#248 = CARTESIAN_POINT('',(0.,0.,0.));
#249 = DIRECTION('',(0.,0.,1.));
#250 = DIRECTION('',(1.,0.,-0.));
#251 = AXIS2_PLACEMENT_3D('',#252,#253,#254);
#252 = CARTESIAN_POINT('',(0.,0.,0.));
#253 = DIRECTION('',(0.,0.,1.));
#254 = DIRECTION('',(1.,0.,-0.));
#255 = AXIS2_PLACEMENT_3D('',#256,#257,#258);
#256 = CARTESIAN_POINT('',(0.,0.,0.));
#257 = DIRECTION('',(0.,0.,1.));
#258 = DIRECTION('',(1.,0.,-0.));
#259 = AXIS2_PLACEMENT_3D('',#260,#261,#262);
#260 = CARTESIAN_POINT('',(0.,0.,0.));
#261 = DIRECTION('',(0.,0.,1.));
#262 = DIRECTION('',(1.,0.,-0.));
#263 = AXIS2_PLACEMENT_3D('',#264,#265,#266);
#264 = CARTESIAN_POINT('',(0.,0.,0.));
#265 = DIRECTION('',(0.,0.,1.));
#266 = DIRECTION('',(1.,0.,-0.));
#267 = AXIS2_PLACEMENT_3D('',#268,#269,#270);
#268 = CARTESIAN_POINT('',(0.,0.,0.));
#269 = DIRECTION('',(0.,0.,1.));
#270 = DIRECTION('',(1.,0.,-0.));
#271 = AXIS2_PLACEMENT_3D('',#272,#273,#274);
#272 = CARTESIAN_POINT('',(0.,0.,0.));
#273 = DIRECTION('',(0.,0.,1.));
#274 = DIRECTION('',(1.,0.,-0.));
#275 = AXIS2_PLACEMENT_3D('',#276,#277,#278);
#276 = CARTESIAN_POINT('',(0.,0.,0.));
#277 = DIRECTION('',(0.,0.,1.));
#278 = DIRECTION('',(1.,0.,-0.));
#279 = AXIS2_PLACEMENT_3D('',#280,#281,#282);
#280 = CARTESIAN_POINT('',(0.,0.,0.));
#281 = DIRECTION('',(0.,0.,1.));
#282 = DIRECTION('',(1.,0.,-0.));
#283 = AXIS2_PLACEMENT_3D('',#284,#285,#286);
#284 = CARTESIAN_POINT('',(0.,0.,0.));
#285 = DIRECTION('',(0.,0.,1.));
#286 = DIRECTION('',(1.,0.,-0.));
#287 = ( GEOMETRIC_REPRESENTATION_CONTEXT(3) 
GLOBAL_UNCERTAINTY_ASSIGNED_CONTEXT((#291)) GLOBAL_UNIT_ASSIGNED_CONTEXT
((#288,#289,#290)) REPRESENTATION_CONTEXT('Context #1',
  '3D Context with UNIT and UNCERTAINTY') );
#288 = ( LENGTH_UNIT() NAMED_UNIT(*) SI_UNIT(.MILLI.,.METRE.) );
#289 = ( NAMED_UNIT(*) PLANE_ANGLE_UNIT() SI_UNIT($,.RADIAN.) );
#290 = ( NAMED_UNIT(*) SI_UNIT($,.STERADIAN.) SOLID_ANGLE_UNIT() );
#291 = UNCERTAINTY_MEASURE_WITH_UNIT(LENGTH_MEASURE(1.E-07),#288,
  'distance_accuracy_value','confusion accuracy');
#292 = PRODUCT_RELATED_PRODUCT_CATEGORY('part',$,(#7));
#293 = SHAPE_DEFINITION_REPRESENTATION(#294,#300);
#294 = PRODUCT_DEFINITION_SHAPE('','',#295);
#295 = PRODUCT_DEFINITION('design','',#296,#299);
#296 = PRODUCT_DEFINITION_FORMATION('','',#297);
#297 = PRODUCT('Board','Board','',(#298));
#298 = PRODUCT_CONTEXT('',#2,'mechanical');
#299 = PRODUCT_DEFINITION_CONTEXT('part definition',#2,'design');
#300 = SHAPE_REPRESENTATION('',(#11,#301),#305);
#301 = AXIS2_PLACEMENT_3D('',#302,#303,#304);
#302 = CARTESIAN_POINT('',(0.,0.,-0.41148));
#303 = DIRECTION('',(0.,0.,1.));
#304 = DIRECTION('',(1.,0.,-0.));
#305 = ( GEOMETRIC_REPRESENTATION_CONTEXT(3) 
GLOBAL_UNCERTAINTY_ASSIGNED_CONTEXT((#309)) GLOBAL_UNIT_ASSIGNED_CONTEXT
((#306,#307,#308)) REPRESENTATION_CONTEXT('Context #1',
  '3D Context with UNIT and UNCERTAINTY') );
#306 = ( LENGTH_UNIT() NAMED_UNIT(*) SI_UNIT(.MILLI.,.METRE.) );
#307 = ( NAMED_UNIT(*) PLANE_ANGLE_UNIT() SI_UNIT($,.RADIAN.) );
#308 = ( NAMED_UNIT(*) SI_UNIT($,.STERADIAN.) SOLID_ANGLE_UNIT() );
#309 = UNCERTAINTY_MEASURE_WITH_UNIT(LENGTH_MEASURE(1.E-07),#306,
  'distance_accuracy_value','confusion accuracy');
#310 = ADVANCED_BREP_SHAPE_REPRESENTATION('',(#11,#311),#1259);
#311 = MANIFOLD_SOLID_BREP('',#312);
#312 = CLOSED_SHELL('',(#313,#353,#386,#419,#441,#481,#514,#545,#569,
    #602,#635,#675,#708,#739,#763,#796,#829,#869,#902,#933,#957,#997,
    #1030,#1061,#1085,#1118,#1151,#1205));
#313 = ADVANCED_FACE('',(#314),#348,.T.);
#314 = FACE_BOUND('',#315,.T.);
#315 = EDGE_LOOP('',(#316,#326,#334,#342));
#316 = ORIENTED_EDGE('',*,*,#317,.T.);
#317 = EDGE_CURVE('',#318,#320,#322,.T.);
#318 = VERTEX_POINT('',#319);
#319 = CARTESIAN_POINT('',(-1.275,-52.8,0.));
#320 = VERTEX_POINT('',#321);
#321 = CARTESIAN_POINT('',(-1.275,-52.8,0.41148));
#322 = LINE('',#323,#324);
#323 = CARTESIAN_POINT('',(-1.275,-52.8,0.));
#324 = VECTOR('',#325,1.);
#325 = DIRECTION('',(0.,0.,1.));
#326 = ORIENTED_EDGE('',*,*,#327,.T.);
#327 = EDGE_CURVE('',#320,#328,#330,.T.);
#328 = VERTEX_POINT('',#329);
#329 = CARTESIAN_POINT('',(-41.4,1.45,0.41148));
#330 = LINE('',#331,#332);
#331 = CARTESIAN_POINT('',(-1.275,-52.8,0.41148));
#332 = VECTOR('',#333,1.);
#333 = DIRECTION('',(-0.594651466502,0.803983602685,0.));
#334 = ORIENTED_EDGE('',*,*,#335,.F.);
#335 = EDGE_CURVE('',#336,#328,#338,.T.);
#336 = VERTEX_POINT('',#337);
#337 = CARTESIAN_POINT('',(-41.4,1.45,0.));
#338 = LINE('',#339,#340);
#339 = CARTESIAN_POINT('',(-41.4,1.45,0.));
#340 = VECTOR('',#341,1.);
#341 = DIRECTION('',(0.,0.,1.));
#342 = ORIENTED_EDGE('',*,*,#343,.F.);
#343 = EDGE_CURVE('',#318,#336,#344,.T.);
#344 = LINE('',#345,#346);
#345 = CARTESIAN_POINT('',(-1.275,-52.8,0.));
#346 = VECTOR('',#347,1.);
#347 = DIRECTION('',(-0.594651466502,0.803983602685,0.));
#348 = PLANE('',#349);
#349 = AXIS2_PLACEMENT_3D('',#350,#351,#352);
#350 = CARTESIAN_POINT('',(-1.275,-52.8,0.));
#351 = DIRECTION('',(-0.803983602685,-0.594651466502,0.));
#352 = DIRECTION('',(-0.594651466502,0.803983602685,0.));
#353 = ADVANCED_FACE('',(#354),#381,.T.);
#354 = FACE_BOUND('',#355,.T.);
#355 = EDGE_LOOP('',(#356,#357,#366,#374));
#356 = ORIENTED_EDGE('',*,*,#335,.T.);
#357 = ORIENTED_EDGE('',*,*,#358,.T.);
#358 = EDGE_CURVE('',#328,#359,#361,.T.);
#359 = VERTEX_POINT('',#360);
#360 = CARTESIAN_POINT('',(-1.275,31.2,0.41148));
#361 = CIRCLE('',#362,25.150910505965);
#362 = AXIS2_PLACEMENT_3D('',#363,#364,#365);
#363 = CARTESIAN_POINT('',(-19.57082839119,13.942220225094,0.41148));
#364 = DIRECTION('',(0.,0.,-1.));
#365 = DIRECTION('',(-0.86792768809,-0.496690575959,-0.));
#366 = ORIENTED_EDGE('',*,*,#367,.F.);
#367 = EDGE_CURVE('',#368,#359,#370,.T.);
#368 = VERTEX_POINT('',#369);
#369 = CARTESIAN_POINT('',(-1.275,31.2,0.));
#370 = LINE('',#371,#372);
#371 = CARTESIAN_POINT('',(-1.275,31.2,0.));
#372 = VECTOR('',#373,1.);
#373 = DIRECTION('',(0.,0.,1.));
#374 = ORIENTED_EDGE('',*,*,#375,.F.);
#375 = EDGE_CURVE('',#336,#368,#376,.T.);
#376 = CIRCLE('',#377,25.150910505965);
#377 = AXIS2_PLACEMENT_3D('',#378,#379,#380);
#378 = CARTESIAN_POINT('',(-19.57082839119,13.942220225094,0.));
#379 = DIRECTION('',(0.,0.,-1.));
#380 = DIRECTION('',(-0.86792768809,-0.496690575959,-0.));
#381 = CYLINDRICAL_SURFACE('',#382,25.150910505965);
#382 = AXIS2_PLACEMENT_3D('',#383,#384,#385);
#383 = CARTESIAN_POINT('',(-19.57082839119,13.942220225094,0.));
#384 = DIRECTION('',(0.,0.,-1.));
#385 = DIRECTION('',(-0.86792768809,-0.496690575959,-0.));
#386 = ADVANCED_FACE('',(#387),#414,.T.);
#387 = FACE_BOUND('',#388,.T.);
#388 = EDGE_LOOP('',(#389,#390,#399,#407));
#389 = ORIENTED_EDGE('',*,*,#367,.T.);
#390 = ORIENTED_EDGE('',*,*,#391,.T.);
#391 = EDGE_CURVE('',#359,#392,#394,.T.);
#392 = VERTEX_POINT('',#393);
#393 = CARTESIAN_POINT('',(38.85,1.45,0.41148));
#394 = CIRCLE('',#395,25.150910505965);
#395 = AXIS2_PLACEMENT_3D('',#396,#397,#398);
#396 = CARTESIAN_POINT('',(17.020828391191,13.942220225094,0.41148));
#397 = DIRECTION('',(0.,0.,-1.));
#398 = DIRECTION('',(-0.727441990096,0.686169185438,0.));
#399 = ORIENTED_EDGE('',*,*,#400,.F.);
#400 = EDGE_CURVE('',#401,#392,#403,.T.);
#401 = VERTEX_POINT('',#402);
#402 = CARTESIAN_POINT('',(38.85,1.45,0.));
#403 = LINE('',#404,#405);
#404 = CARTESIAN_POINT('',(38.85,1.45,0.));
#405 = VECTOR('',#406,1.);
#406 = DIRECTION('',(0.,0.,1.));
#407 = ORIENTED_EDGE('',*,*,#408,.F.);
#408 = EDGE_CURVE('',#368,#401,#409,.T.);
#409 = CIRCLE('',#410,25.150910505965);
#410 = AXIS2_PLACEMENT_3D('',#411,#412,#413);
#411 = CARTESIAN_POINT('',(17.020828391191,13.942220225094,0.));
#412 = DIRECTION('',(0.,0.,-1.));
#413 = DIRECTION('',(-0.727441990096,0.686169185438,0.));
#414 = CYLINDRICAL_SURFACE('',#415,25.150910505965);
#415 = AXIS2_PLACEMENT_3D('',#416,#417,#418);
#416 = CARTESIAN_POINT('',(17.020828391191,13.942220225094,0.));
#417 = DIRECTION('',(0.,0.,-1.));
#418 = DIRECTION('',(-0.727441990096,0.686169185438,0.));
#419 = ADVANCED_FACE('',(#420),#436,.T.);
#420 = FACE_BOUND('',#421,.T.);
#421 = EDGE_LOOP('',(#422,#423,#429,#430));
#422 = ORIENTED_EDGE('',*,*,#400,.T.);
#423 = ORIENTED_EDGE('',*,*,#424,.T.);
#424 = EDGE_CURVE('',#392,#320,#425,.T.);
#425 = LINE('',#426,#427);
#426 = CARTESIAN_POINT('',(38.85,1.45,0.41148));
#427 = VECTOR('',#428,1.);
#428 = DIRECTION('',(-0.594651466502,-0.803983602685,0.));
#429 = ORIENTED_EDGE('',*,*,#317,.F.);
#430 = ORIENTED_EDGE('',*,*,#431,.F.);
#431 = EDGE_CURVE('',#401,#318,#432,.T.);
#432 = LINE('',#433,#434);
#433 = CARTESIAN_POINT('',(38.85,1.45,0.));
#434 = VECTOR('',#435,1.);
#435 = DIRECTION('',(-0.594651466502,-0.803983602685,0.));
#436 = PLANE('',#437);
#437 = AXIS2_PLACEMENT_3D('',#438,#439,#440);
#438 = CARTESIAN_POINT('',(38.85,1.45,0.));
#439 = DIRECTION('',(0.803983602685,-0.594651466502,0.));
#440 = DIRECTION('',(-0.594651466502,-0.803983602685,0.));
#441 = ADVANCED_FACE('',(#442),#476,.T.);
#442 = FACE_BOUND('',#443,.T.);
#443 = EDGE_LOOP('',(#444,#454,#462,#470));
#444 = ORIENTED_EDGE('',*,*,#445,.T.);
#445 = EDGE_CURVE('',#446,#448,#450,.T.);
#446 = VERTEX_POINT('',#447);
#447 = CARTESIAN_POINT('',(-5.67003184,-42.49769504,0.));
#448 = VERTEX_POINT('',#449);
#449 = CARTESIAN_POINT('',(-5.67003184,-42.49769504,0.41148));
#450 = LINE('',#451,#452);
#451 = CARTESIAN_POINT('',(-5.67003184,-42.49769504,0.));
#452 = VECTOR('',#453,1.);
#453 = DIRECTION('',(0.,0.,1.));
#454 = ORIENTED_EDGE('',*,*,#455,.T.);
#455 = EDGE_CURVE('',#448,#456,#458,.T.);
#456 = VERTEX_POINT('',#457);
#457 = CARTESIAN_POINT('',(-5.67003184,-41.99769604,0.41148));
#458 = LINE('',#459,#460);
#459 = CARTESIAN_POINT('',(-5.67003184,-42.49769504,0.41148));
#460 = VECTOR('',#461,1.);
#461 = DIRECTION('',(0.,1.,0.));
#462 = ORIENTED_EDGE('',*,*,#463,.F.);
#463 = EDGE_CURVE('',#464,#456,#466,.T.);
#464 = VERTEX_POINT('',#465);
#465 = CARTESIAN_POINT('',(-5.67003184,-41.99769604,0.));
#466 = LINE('',#467,#468);
#467 = CARTESIAN_POINT('',(-5.67003184,-41.99769604,0.));
#468 = VECTOR('',#469,1.);
#469 = DIRECTION('',(0.,0.,1.));
#470 = ORIENTED_EDGE('',*,*,#471,.F.);
#471 = EDGE_CURVE('',#446,#464,#472,.T.);
#472 = LINE('',#473,#474);
#473 = CARTESIAN_POINT('',(-5.67003184,-42.49769504,0.));
#474 = VECTOR('',#475,1.);
#475 = DIRECTION('',(0.,1.,0.));
#476 = PLANE('',#477);
#477 = AXIS2_PLACEMENT_3D('',#478,#479,#480);
#478 = CARTESIAN_POINT('',(-5.67003184,-42.49769504,0.));
#479 = DIRECTION('',(-1.,0.,0.));
#480 = DIRECTION('',(0.,1.,0.));
#481 = ADVANCED_FACE('',(#482),#509,.F.);
#482 = FACE_BOUND('',#483,.T.);
#483 = EDGE_LOOP('',(#484,#485,#494,#502));
#484 = ORIENTED_EDGE('',*,*,#463,.T.);
#485 = ORIENTED_EDGE('',*,*,#486,.T.);
#486 = EDGE_CURVE('',#456,#487,#489,.T.);
#487 = VERTEX_POINT('',#488);
#488 = CARTESIAN_POINT('',(-6.27003064,-41.99769604,0.41148));
#489 = CIRCLE('',#490,0.2999994);
#490 = AXIS2_PLACEMENT_3D('',#491,#492,#493);
#491 = CARTESIAN_POINT('',(-5.97003124,-41.99769604,0.41148));
#492 = DIRECTION('',(0.,0.,1.));
#493 = DIRECTION('',(1.,2.368480522828E-14,-0.));
#494 = ORIENTED_EDGE('',*,*,#495,.F.);
#495 = EDGE_CURVE('',#496,#487,#498,.T.);
#496 = VERTEX_POINT('',#497);
#497 = CARTESIAN_POINT('',(-6.27003064,-41.99769604,0.));
#498 = LINE('',#499,#500);
#499 = CARTESIAN_POINT('',(-6.27003064,-41.99769604,0.));
#500 = VECTOR('',#501,1.);
#501 = DIRECTION('',(0.,0.,1.));
#502 = ORIENTED_EDGE('',*,*,#503,.F.);
#503 = EDGE_CURVE('',#464,#496,#504,.T.);
#504 = CIRCLE('',#505,0.2999994);
#505 = AXIS2_PLACEMENT_3D('',#506,#507,#508);
#506 = CARTESIAN_POINT('',(-5.97003124,-41.99769604,0.));
#507 = DIRECTION('',(0.,0.,1.));
#508 = DIRECTION('',(1.,2.368480522828E-14,-0.));
#509 = CYLINDRICAL_SURFACE('',#510,0.2999994);
#510 = AXIS2_PLACEMENT_3D('',#511,#512,#513);
#511 = CARTESIAN_POINT('',(-5.97003124,-41.99769604,0.));
#512 = DIRECTION('',(-0.,-0.,-1.));
#513 = DIRECTION('',(1.,2.368480522828E-14,-0.));
#514 = ADVANCED_FACE('',(#515),#540,.T.);
#515 = FACE_BOUND('',#516,.T.);
#516 = EDGE_LOOP('',(#517,#518,#526,#534));
#517 = ORIENTED_EDGE('',*,*,#495,.T.);
#518 = ORIENTED_EDGE('',*,*,#519,.T.);
#519 = EDGE_CURVE('',#487,#520,#522,.T.);
#520 = VERTEX_POINT('',#521);
#521 = CARTESIAN_POINT('',(-6.27003064,-42.49769504,0.41148));
#522 = LINE('',#523,#524);
#523 = CARTESIAN_POINT('',(-6.27003064,-41.99769604,0.41148));
#524 = VECTOR('',#525,1.);
#525 = DIRECTION('',(0.,-1.,0.));
#526 = ORIENTED_EDGE('',*,*,#527,.F.);
#527 = EDGE_CURVE('',#528,#520,#530,.T.);
#528 = VERTEX_POINT('',#529);
#529 = CARTESIAN_POINT('',(-6.27003064,-42.49769504,0.));
#530 = LINE('',#531,#532);
#531 = CARTESIAN_POINT('',(-6.27003064,-42.49769504,0.));
#532 = VECTOR('',#533,1.);
#533 = DIRECTION('',(0.,0.,1.));
#534 = ORIENTED_EDGE('',*,*,#535,.F.);
#535 = EDGE_CURVE('',#496,#528,#536,.T.);
#536 = LINE('',#537,#538);
#537 = CARTESIAN_POINT('',(-6.27003064,-41.99769604,0.));
#538 = VECTOR('',#539,1.);
#539 = DIRECTION('',(0.,-1.,0.));
#540 = PLANE('',#541);
#541 = AXIS2_PLACEMENT_3D('',#542,#543,#544);
#542 = CARTESIAN_POINT('',(-6.27003064,-41.99769604,0.));
#543 = DIRECTION('',(1.,0.,-0.));
#544 = DIRECTION('',(0.,-1.,0.));
#545 = ADVANCED_FACE('',(#546),#564,.F.);
#546 = FACE_BOUND('',#547,.T.);
#547 = EDGE_LOOP('',(#548,#549,#556,#557));
#548 = ORIENTED_EDGE('',*,*,#527,.T.);
#549 = ORIENTED_EDGE('',*,*,#550,.T.);
#550 = EDGE_CURVE('',#520,#448,#551,.T.);
#551 = CIRCLE('',#552,0.2999994);
#552 = AXIS2_PLACEMENT_3D('',#553,#554,#555);
#553 = CARTESIAN_POINT('',(-5.97003124,-42.49769504,0.41148));
#554 = DIRECTION('',(0.,0.,1.));
#555 = DIRECTION('',(-1.,-2.368480522828E-14,0.));
#556 = ORIENTED_EDGE('',*,*,#445,.F.);
#557 = ORIENTED_EDGE('',*,*,#558,.F.);
#558 = EDGE_CURVE('',#528,#446,#559,.T.);
#559 = CIRCLE('',#560,0.2999994);
#560 = AXIS2_PLACEMENT_3D('',#561,#562,#563);
#561 = CARTESIAN_POINT('',(-5.97003124,-42.49769504,0.));
#562 = DIRECTION('',(0.,0.,1.));
#563 = DIRECTION('',(-1.,-2.368480522828E-14,0.));
#564 = CYLINDRICAL_SURFACE('',#565,0.2999994);
#565 = AXIS2_PLACEMENT_3D('',#566,#567,#568);
#566 = CARTESIAN_POINT('',(-5.97003124,-42.49769504,0.));
#567 = DIRECTION('',(-0.,-0.,-1.));
#568 = DIRECTION('',(-1.,-2.368480522828E-14,0.));
#569 = ADVANCED_FACE('',(#570),#597,.F.);
#570 = FACE_BOUND('',#571,.T.);
#571 = EDGE_LOOP('',(#572,#582,#589,#590));
#572 = ORIENTED_EDGE('',*,*,#573,.T.);
#573 = EDGE_CURVE('',#574,#576,#578,.T.);
#574 = VERTEX_POINT('',#575);
#575 = CARTESIAN_POINT('',(-4.21,-38.598,0.));
#576 = VERTEX_POINT('',#577);
#577 = CARTESIAN_POINT('',(-4.21,-38.598,0.41148));
#578 = LINE('',#579,#580);
#579 = CARTESIAN_POINT('',(-4.21,-38.598,0.));
#580 = VECTOR('',#581,1.);
#581 = DIRECTION('',(0.,0.,1.));
#582 = ORIENTED_EDGE('',*,*,#583,.T.);
#583 = EDGE_CURVE('',#576,#576,#584,.T.);
#584 = CIRCLE('',#585,0.33);
#585 = AXIS2_PLACEMENT_3D('',#586,#587,#588);
#586 = CARTESIAN_POINT('',(-4.54,-38.598,0.41148));
#587 = DIRECTION('',(0.,0.,1.));
#588 = DIRECTION('',(1.,0.,-0.));
#589 = ORIENTED_EDGE('',*,*,#573,.F.);
#590 = ORIENTED_EDGE('',*,*,#591,.F.);
#591 = EDGE_CURVE('',#574,#574,#592,.T.);
#592 = CIRCLE('',#593,0.33);
#593 = AXIS2_PLACEMENT_3D('',#594,#595,#596);
#594 = CARTESIAN_POINT('',(-4.54,-38.598,0.));
#595 = DIRECTION('',(0.,0.,1.));
#596 = DIRECTION('',(1.,0.,-0.));
#597 = CYLINDRICAL_SURFACE('',#598,0.33);
#598 = AXIS2_PLACEMENT_3D('',#599,#600,#601);
#599 = CARTESIAN_POINT('',(-4.54,-38.598,0.));
#600 = DIRECTION('',(-0.,-0.,-1.));
#601 = DIRECTION('',(1.,0.,-0.));
#602 = ADVANCED_FACE('',(#603),#630,.F.);
#603 = FACE_BOUND('',#604,.T.);
#604 = EDGE_LOOP('',(#605,#615,#622,#623));
#605 = ORIENTED_EDGE('',*,*,#606,.T.);
#606 = EDGE_CURVE('',#607,#609,#611,.T.);
#607 = VERTEX_POINT('',#608);
#608 = CARTESIAN_POINT('',(-21.6,-18.3,0.));
#609 = VERTEX_POINT('',#610);
#610 = CARTESIAN_POINT('',(-21.6,-18.3,0.41148));
#611 = LINE('',#612,#613);
#612 = CARTESIAN_POINT('',(-21.6,-18.3,0.));
#613 = VECTOR('',#614,1.);
#614 = DIRECTION('',(0.,0.,1.));
#615 = ORIENTED_EDGE('',*,*,#616,.T.);
#616 = EDGE_CURVE('',#609,#609,#617,.T.);
#617 = CIRCLE('',#618,0.3);
#618 = AXIS2_PLACEMENT_3D('',#619,#620,#621);
#619 = CARTESIAN_POINT('',(-21.9,-18.3,0.41148));
#620 = DIRECTION('',(0.,0.,1.));
#621 = DIRECTION('',(1.,0.,-0.));
#622 = ORIENTED_EDGE('',*,*,#606,.F.);
#623 = ORIENTED_EDGE('',*,*,#624,.F.);
#624 = EDGE_CURVE('',#607,#607,#625,.T.);
#625 = CIRCLE('',#626,0.3);
#626 = AXIS2_PLACEMENT_3D('',#627,#628,#629);
#627 = CARTESIAN_POINT('',(-21.9,-18.3,0.));
#628 = DIRECTION('',(0.,0.,1.));
#629 = DIRECTION('',(1.,0.,-0.));
#630 = CYLINDRICAL_SURFACE('',#631,0.3);
#631 = AXIS2_PLACEMENT_3D('',#632,#633,#634);
#632 = CARTESIAN_POINT('',(-21.9,-18.3,0.));
#633 = DIRECTION('',(-0.,-0.,-1.));
#634 = DIRECTION('',(1.,0.,-0.));
#635 = ADVANCED_FACE('',(#636),#670,.T.);
#636 = FACE_BOUND('',#637,.T.);
#637 = EDGE_LOOP('',(#638,#648,#656,#664));
#638 = ORIENTED_EDGE('',*,*,#639,.T.);
#639 = EDGE_CURVE('',#640,#642,#644,.T.);
#640 = VERTEX_POINT('',#641);
#641 = CARTESIAN_POINT('',(-5.67000136,-38.34769572,0.));
#642 = VERTEX_POINT('',#643);
#643 = CARTESIAN_POINT('',(-5.67000136,-38.34769572,0.41148));
#644 = LINE('',#645,#646);
#645 = CARTESIAN_POINT('',(-5.67000136,-38.34769572,0.));
#646 = VECTOR('',#647,1.);
#647 = DIRECTION('',(0.,0.,1.));
#648 = ORIENTED_EDGE('',*,*,#649,.T.);
#649 = EDGE_CURVE('',#642,#650,#652,.T.);
#650 = VERTEX_POINT('',#651);
#651 = CARTESIAN_POINT('',(-5.67000136,-37.84769672,0.41148));
#652 = LINE('',#653,#654);
#653 = CARTESIAN_POINT('',(-5.67000136,-38.34769572,0.41148));
#654 = VECTOR('',#655,1.);
#655 = DIRECTION('',(0.,1.,0.));
#656 = ORIENTED_EDGE('',*,*,#657,.F.);
#657 = EDGE_CURVE('',#658,#650,#660,.T.);
#658 = VERTEX_POINT('',#659);
#659 = CARTESIAN_POINT('',(-5.67000136,-37.84769672,0.));
#660 = LINE('',#661,#662);
#661 = CARTESIAN_POINT('',(-5.67000136,-37.84769672,0.));
#662 = VECTOR('',#663,1.);
#663 = DIRECTION('',(0.,0.,1.));
#664 = ORIENTED_EDGE('',*,*,#665,.F.);
#665 = EDGE_CURVE('',#640,#658,#666,.T.);
#666 = LINE('',#667,#668);
#667 = CARTESIAN_POINT('',(-5.67000136,-38.34769572,0.));
#668 = VECTOR('',#669,1.);
#669 = DIRECTION('',(0.,1.,0.));
#670 = PLANE('',#671);
#671 = AXIS2_PLACEMENT_3D('',#672,#673,#674);
#672 = CARTESIAN_POINT('',(-5.67000136,-38.34769572,0.));
#673 = DIRECTION('',(-1.,0.,0.));
#674 = DIRECTION('',(0.,1.,0.));
#675 = ADVANCED_FACE('',(#676),#703,.F.);
#676 = FACE_BOUND('',#677,.T.);
#677 = EDGE_LOOP('',(#678,#679,#688,#696));
#678 = ORIENTED_EDGE('',*,*,#657,.T.);
#679 = ORIENTED_EDGE('',*,*,#680,.T.);
#680 = EDGE_CURVE('',#650,#681,#683,.T.);
#681 = VERTEX_POINT('',#682);
#682 = CARTESIAN_POINT('',(-6.27000016,-37.84769672,0.41148));
#683 = CIRCLE('',#684,0.2999994);
#684 = AXIS2_PLACEMENT_3D('',#685,#686,#687);
#685 = CARTESIAN_POINT('',(-5.97000076,-37.84769672,0.41148));
#686 = DIRECTION('',(0.,0.,1.));
#687 = DIRECTION('',(1.,4.736961045656E-14,-0.));
#688 = ORIENTED_EDGE('',*,*,#689,.F.);
#689 = EDGE_CURVE('',#690,#681,#692,.T.);
#690 = VERTEX_POINT('',#691);
#691 = CARTESIAN_POINT('',(-6.27000016,-37.84769672,0.));
#692 = LINE('',#693,#694);
#693 = CARTESIAN_POINT('',(-6.27000016,-37.84769672,0.));
#694 = VECTOR('',#695,1.);
#695 = DIRECTION('',(0.,0.,1.));
#696 = ORIENTED_EDGE('',*,*,#697,.F.);
#697 = EDGE_CURVE('',#658,#690,#698,.T.);
#698 = CIRCLE('',#699,0.2999994);
#699 = AXIS2_PLACEMENT_3D('',#700,#701,#702);
#700 = CARTESIAN_POINT('',(-5.97000076,-37.84769672,0.));
#701 = DIRECTION('',(0.,0.,1.));
#702 = DIRECTION('',(1.,4.736961045656E-14,-0.));
#703 = CYLINDRICAL_SURFACE('',#704,0.2999994);
#704 = AXIS2_PLACEMENT_3D('',#705,#706,#707);
#705 = CARTESIAN_POINT('',(-5.97000076,-37.84769672,0.));
#706 = DIRECTION('',(-0.,-0.,-1.));
#707 = DIRECTION('',(1.,4.736961045656E-14,-0.));
#708 = ADVANCED_FACE('',(#709),#734,.T.);
#709 = FACE_BOUND('',#710,.T.);
#710 = EDGE_LOOP('',(#711,#712,#720,#728));
#711 = ORIENTED_EDGE('',*,*,#689,.T.);
#712 = ORIENTED_EDGE('',*,*,#713,.T.);
#713 = EDGE_CURVE('',#681,#714,#716,.T.);
#714 = VERTEX_POINT('',#715);
#715 = CARTESIAN_POINT('',(-6.27000016,-38.34769572,0.41148));
#716 = LINE('',#717,#718);
#717 = CARTESIAN_POINT('',(-6.27000016,-37.84769672,0.41148));
#718 = VECTOR('',#719,1.);
#719 = DIRECTION('',(0.,-1.,0.));
#720 = ORIENTED_EDGE('',*,*,#721,.F.);
#721 = EDGE_CURVE('',#722,#714,#724,.T.);
#722 = VERTEX_POINT('',#723);
#723 = CARTESIAN_POINT('',(-6.27000016,-38.34769572,0.));
#724 = LINE('',#725,#726);
#725 = CARTESIAN_POINT('',(-6.27000016,-38.34769572,0.));
#726 = VECTOR('',#727,1.);
#727 = DIRECTION('',(0.,0.,1.));
#728 = ORIENTED_EDGE('',*,*,#729,.F.);
#729 = EDGE_CURVE('',#690,#722,#730,.T.);
#730 = LINE('',#731,#732);
#731 = CARTESIAN_POINT('',(-6.27000016,-37.84769672,0.));
#732 = VECTOR('',#733,1.);
#733 = DIRECTION('',(0.,-1.,0.));
#734 = PLANE('',#735);
#735 = AXIS2_PLACEMENT_3D('',#736,#737,#738);
#736 = CARTESIAN_POINT('',(-6.27000016,-37.84769672,0.));
#737 = DIRECTION('',(1.,0.,-0.));
#738 = DIRECTION('',(0.,-1.,0.));
#739 = ADVANCED_FACE('',(#740),#758,.F.);
#740 = FACE_BOUND('',#741,.T.);
#741 = EDGE_LOOP('',(#742,#743,#750,#751));
#742 = ORIENTED_EDGE('',*,*,#721,.T.);
#743 = ORIENTED_EDGE('',*,*,#744,.T.);
#744 = EDGE_CURVE('',#714,#642,#745,.T.);
#745 = CIRCLE('',#746,0.2999994);
#746 = AXIS2_PLACEMENT_3D('',#747,#748,#749);
#747 = CARTESIAN_POINT('',(-5.97000076,-38.34769572,0.41148));
#748 = DIRECTION('',(0.,0.,1.));
#749 = DIRECTION('',(-1.,-4.736961045656E-14,0.));
#750 = ORIENTED_EDGE('',*,*,#639,.F.);
#751 = ORIENTED_EDGE('',*,*,#752,.F.);
#752 = EDGE_CURVE('',#722,#640,#753,.T.);
#753 = CIRCLE('',#754,0.2999994);
#754 = AXIS2_PLACEMENT_3D('',#755,#756,#757);
#755 = CARTESIAN_POINT('',(-5.97000076,-38.34769572,0.));
#756 = DIRECTION('',(0.,0.,1.));
#757 = DIRECTION('',(-1.,-4.736961045656E-14,0.));
#758 = CYLINDRICAL_SURFACE('',#759,0.2999994);
#759 = AXIS2_PLACEMENT_3D('',#760,#761,#762);
#760 = CARTESIAN_POINT('',(-5.97000076,-38.34769572,0.));
#761 = DIRECTION('',(-0.,-0.,-1.));
#762 = DIRECTION('',(-1.,-4.736961045656E-14,0.));
#763 = ADVANCED_FACE('',(#764),#791,.F.);
#764 = FACE_BOUND('',#765,.T.);
#765 = EDGE_LOOP('',(#766,#776,#783,#784));
#766 = ORIENTED_EDGE('',*,*,#767,.T.);
#767 = EDGE_CURVE('',#768,#770,#772,.T.);
#768 = VERTEX_POINT('',#769);
#769 = CARTESIAN_POINT('',(-16.6,-18.3,0.));
#770 = VERTEX_POINT('',#771);
#771 = CARTESIAN_POINT('',(-16.6,-18.3,0.41148));
#772 = LINE('',#773,#774);
#773 = CARTESIAN_POINT('',(-16.6,-18.3,0.));
#774 = VECTOR('',#775,1.);
#775 = DIRECTION('',(0.,0.,1.));
#776 = ORIENTED_EDGE('',*,*,#777,.T.);
#777 = EDGE_CURVE('',#770,#770,#778,.T.);
#778 = CIRCLE('',#779,0.3);
#779 = AXIS2_PLACEMENT_3D('',#780,#781,#782);
#780 = CARTESIAN_POINT('',(-16.9,-18.3,0.41148));
#781 = DIRECTION('',(0.,0.,1.));
#782 = DIRECTION('',(1.,0.,-0.));
#783 = ORIENTED_EDGE('',*,*,#767,.F.);
#784 = ORIENTED_EDGE('',*,*,#785,.F.);
#785 = EDGE_CURVE('',#768,#768,#786,.T.);
#786 = CIRCLE('',#787,0.3);
#787 = AXIS2_PLACEMENT_3D('',#788,#789,#790);
#788 = CARTESIAN_POINT('',(-16.9,-18.3,0.));
#789 = DIRECTION('',(0.,0.,1.));
#790 = DIRECTION('',(1.,0.,-0.));
#791 = CYLINDRICAL_SURFACE('',#792,0.3);
#792 = AXIS2_PLACEMENT_3D('',#793,#794,#795);
#793 = CARTESIAN_POINT('',(-16.9,-18.3,0.));
#794 = DIRECTION('',(-0.,-0.,-1.));
#795 = DIRECTION('',(1.,0.,-0.));
#796 = ADVANCED_FACE('',(#797),#824,.F.);
#797 = FACE_BOUND('',#798,.T.);
#798 = EDGE_LOOP('',(#799,#809,#816,#817));
#799 = ORIENTED_EDGE('',*,*,#800,.T.);
#800 = EDGE_CURVE('',#801,#803,#805,.T.);
#801 = VERTEX_POINT('',#802);
#802 = CARTESIAN_POINT('',(1.57,-38.598,0.));
#803 = VERTEX_POINT('',#804);
#804 = CARTESIAN_POINT('',(1.57,-38.598,0.41148));
#805 = LINE('',#806,#807);
#806 = CARTESIAN_POINT('',(1.57,-38.598,0.));
#807 = VECTOR('',#808,1.);
#808 = DIRECTION('',(0.,0.,1.));
#809 = ORIENTED_EDGE('',*,*,#810,.T.);
#810 = EDGE_CURVE('',#803,#803,#811,.T.);
#811 = CIRCLE('',#812,0.33);
#812 = AXIS2_PLACEMENT_3D('',#813,#814,#815);
#813 = CARTESIAN_POINT('',(1.24,-38.598,0.41148));
#814 = DIRECTION('',(0.,0.,1.));
#815 = DIRECTION('',(1.,0.,-0.));
#816 = ORIENTED_EDGE('',*,*,#800,.F.);
#817 = ORIENTED_EDGE('',*,*,#818,.F.);
#818 = EDGE_CURVE('',#801,#801,#819,.T.);
#819 = CIRCLE('',#820,0.33);
#820 = AXIS2_PLACEMENT_3D('',#821,#822,#823);
#821 = CARTESIAN_POINT('',(1.24,-38.598,0.));
#822 = DIRECTION('',(0.,0.,1.));
#823 = DIRECTION('',(1.,0.,-0.));
#824 = CYLINDRICAL_SURFACE('',#825,0.33);
#825 = AXIS2_PLACEMENT_3D('',#826,#827,#828);
#826 = CARTESIAN_POINT('',(1.24,-38.598,0.));
#827 = DIRECTION('',(-0.,-0.,-1.));
#828 = DIRECTION('',(1.,0.,-0.));
#829 = ADVANCED_FACE('',(#830),#864,.T.);
#830 = FACE_BOUND('',#831,.T.);
#831 = EDGE_LOOP('',(#832,#842,#850,#858));
#832 = ORIENTED_EDGE('',*,*,#833,.T.);
#833 = EDGE_CURVE('',#834,#836,#838,.T.);
#834 = VERTEX_POINT('',#835);
#835 = CARTESIAN_POINT('',(2.97003216,-42.49769504,0.));
#836 = VERTEX_POINT('',#837);
#837 = CARTESIAN_POINT('',(2.97003216,-42.49769504,0.41148));
#838 = LINE('',#839,#840);
#839 = CARTESIAN_POINT('',(2.97003216,-42.49769504,0.));
#840 = VECTOR('',#841,1.);
#841 = DIRECTION('',(0.,0.,1.));
#842 = ORIENTED_EDGE('',*,*,#843,.T.);
#843 = EDGE_CURVE('',#836,#844,#846,.T.);
#844 = VERTEX_POINT('',#845);
#845 = CARTESIAN_POINT('',(2.97003216,-41.99769604,0.41148));
#846 = LINE('',#847,#848);
#847 = CARTESIAN_POINT('',(2.97003216,-42.49769504,0.41148));
#848 = VECTOR('',#849,1.);
#849 = DIRECTION('',(0.,1.,0.));
#850 = ORIENTED_EDGE('',*,*,#851,.F.);
#851 = EDGE_CURVE('',#852,#844,#854,.T.);
#852 = VERTEX_POINT('',#853);
#853 = CARTESIAN_POINT('',(2.97003216,-41.99769604,0.));
#854 = LINE('',#855,#856);
#855 = CARTESIAN_POINT('',(2.97003216,-41.99769604,0.));
#856 = VECTOR('',#857,1.);
#857 = DIRECTION('',(0.,0.,1.));
#858 = ORIENTED_EDGE('',*,*,#859,.F.);
#859 = EDGE_CURVE('',#834,#852,#860,.T.);
#860 = LINE('',#861,#862);
#861 = CARTESIAN_POINT('',(2.97003216,-42.49769504,0.));
#862 = VECTOR('',#863,1.);
#863 = DIRECTION('',(0.,1.,0.));
#864 = PLANE('',#865);
#865 = AXIS2_PLACEMENT_3D('',#866,#867,#868);
#866 = CARTESIAN_POINT('',(2.97003216,-42.49769504,0.));
#867 = DIRECTION('',(-1.,0.,0.));
#868 = DIRECTION('',(0.,1.,0.));
#869 = ADVANCED_FACE('',(#870),#897,.F.);
#870 = FACE_BOUND('',#871,.T.);
#871 = EDGE_LOOP('',(#872,#873,#882,#890));
#872 = ORIENTED_EDGE('',*,*,#851,.T.);
#873 = ORIENTED_EDGE('',*,*,#874,.T.);
#874 = EDGE_CURVE('',#844,#875,#877,.T.);
#875 = VERTEX_POINT('',#876);
#876 = CARTESIAN_POINT('',(2.37003336,-41.99769604,0.41148));
#877 = CIRCLE('',#878,0.2999994);
#878 = AXIS2_PLACEMENT_3D('',#879,#880,#881);
#879 = CARTESIAN_POINT('',(2.67003276,-41.99769604,0.41148));
#880 = DIRECTION('',(0.,0.,1.));
#881 = DIRECTION('',(1.,2.368480522828E-14,-0.));
#882 = ORIENTED_EDGE('',*,*,#883,.F.);
#883 = EDGE_CURVE('',#884,#875,#886,.T.);
#884 = VERTEX_POINT('',#885);
#885 = CARTESIAN_POINT('',(2.37003336,-41.99769604,0.));
#886 = LINE('',#887,#888);
#887 = CARTESIAN_POINT('',(2.37003336,-41.99769604,0.));
#888 = VECTOR('',#889,1.);
#889 = DIRECTION('',(0.,0.,1.));
#890 = ORIENTED_EDGE('',*,*,#891,.F.);
#891 = EDGE_CURVE('',#852,#884,#892,.T.);
#892 = CIRCLE('',#893,0.2999994);
#893 = AXIS2_PLACEMENT_3D('',#894,#895,#896);
#894 = CARTESIAN_POINT('',(2.67003276,-41.99769604,0.));
#895 = DIRECTION('',(0.,0.,1.));
#896 = DIRECTION('',(1.,2.368480522828E-14,-0.));
#897 = CYLINDRICAL_SURFACE('',#898,0.2999994);
#898 = AXIS2_PLACEMENT_3D('',#899,#900,#901);
#899 = CARTESIAN_POINT('',(2.67003276,-41.99769604,0.));
#900 = DIRECTION('',(-0.,-0.,-1.));
#901 = DIRECTION('',(1.,2.368480522828E-14,-0.));
#902 = ADVANCED_FACE('',(#903),#928,.T.);
#903 = FACE_BOUND('',#904,.T.);
#904 = EDGE_LOOP('',(#905,#906,#914,#922));
#905 = ORIENTED_EDGE('',*,*,#883,.T.);
#906 = ORIENTED_EDGE('',*,*,#907,.T.);
#907 = EDGE_CURVE('',#875,#908,#910,.T.);
#908 = VERTEX_POINT('',#909);
#909 = CARTESIAN_POINT('',(2.37003336,-42.49769504,0.41148));
#910 = LINE('',#911,#912);
#911 = CARTESIAN_POINT('',(2.37003336,-41.99769604,0.41148));
#912 = VECTOR('',#913,1.);
#913 = DIRECTION('',(0.,-1.,0.));
#914 = ORIENTED_EDGE('',*,*,#915,.F.);
#915 = EDGE_CURVE('',#916,#908,#918,.T.);
#916 = VERTEX_POINT('',#917);
#917 = CARTESIAN_POINT('',(2.37003336,-42.49769504,0.));
#918 = LINE('',#919,#920);
#919 = CARTESIAN_POINT('',(2.37003336,-42.49769504,0.));
#920 = VECTOR('',#921,1.);
#921 = DIRECTION('',(0.,0.,1.));
#922 = ORIENTED_EDGE('',*,*,#923,.F.);
#923 = EDGE_CURVE('',#884,#916,#924,.T.);
#924 = LINE('',#925,#926);
#925 = CARTESIAN_POINT('',(2.37003336,-41.99769604,0.));
#926 = VECTOR('',#927,1.);
#927 = DIRECTION('',(0.,-1.,0.));
#928 = PLANE('',#929);
#929 = AXIS2_PLACEMENT_3D('',#930,#931,#932);
#930 = CARTESIAN_POINT('',(2.37003336,-41.99769604,0.));
#931 = DIRECTION('',(1.,0.,-0.));
#932 = DIRECTION('',(0.,-1.,0.));
#933 = ADVANCED_FACE('',(#934),#952,.F.);
#934 = FACE_BOUND('',#935,.T.);
#935 = EDGE_LOOP('',(#936,#937,#944,#945));
#936 = ORIENTED_EDGE('',*,*,#915,.T.);
#937 = ORIENTED_EDGE('',*,*,#938,.T.);
#938 = EDGE_CURVE('',#908,#836,#939,.T.);
#939 = CIRCLE('',#940,0.2999994);
#940 = AXIS2_PLACEMENT_3D('',#941,#942,#943);
#941 = CARTESIAN_POINT('',(2.67003276,-42.49769504,0.41148));
#942 = DIRECTION('',(0.,0.,1.));
#943 = DIRECTION('',(-1.,-2.368480522828E-14,0.));
#944 = ORIENTED_EDGE('',*,*,#833,.F.);
#945 = ORIENTED_EDGE('',*,*,#946,.F.);
#946 = EDGE_CURVE('',#916,#834,#947,.T.);
#947 = CIRCLE('',#948,0.2999994);
#948 = AXIS2_PLACEMENT_3D('',#949,#950,#951);
#949 = CARTESIAN_POINT('',(2.67003276,-42.49769504,0.));
#950 = DIRECTION('',(0.,0.,1.));
#951 = DIRECTION('',(-1.,-2.368480522828E-14,0.));
#952 = CYLINDRICAL_SURFACE('',#953,0.2999994);
#953 = AXIS2_PLACEMENT_3D('',#954,#955,#956);
#954 = CARTESIAN_POINT('',(2.67003276,-42.49769504,0.));
#955 = DIRECTION('',(-0.,-0.,-1.));
#956 = DIRECTION('',(-1.,-2.368480522828E-14,0.));
#957 = ADVANCED_FACE('',(#958),#992,.T.);
#958 = FACE_BOUND('',#959,.T.);
#959 = EDGE_LOOP('',(#960,#970,#978,#986));
#960 = ORIENTED_EDGE('',*,*,#961,.T.);
#961 = EDGE_CURVE('',#962,#964,#966,.T.);
#962 = VERTEX_POINT('',#963);
#963 = CARTESIAN_POINT('',(2.97000168,-38.34769572,0.));
#964 = VERTEX_POINT('',#965);
#965 = CARTESIAN_POINT('',(2.97000168,-38.34769572,0.41148));
#966 = LINE('',#967,#968);
#967 = CARTESIAN_POINT('',(2.97000168,-38.34769572,0.));
#968 = VECTOR('',#969,1.);
#969 = DIRECTION('',(0.,0.,1.));
#970 = ORIENTED_EDGE('',*,*,#971,.T.);
#971 = EDGE_CURVE('',#964,#972,#974,.T.);
#972 = VERTEX_POINT('',#973);
#973 = CARTESIAN_POINT('',(2.97000168,-37.84769672,0.41148));
#974 = LINE('',#975,#976);
#975 = CARTESIAN_POINT('',(2.97000168,-38.34769572,0.41148));
#976 = VECTOR('',#977,1.);
#977 = DIRECTION('',(0.,1.,0.));
#978 = ORIENTED_EDGE('',*,*,#979,.F.);
#979 = EDGE_CURVE('',#980,#972,#982,.T.);
#980 = VERTEX_POINT('',#981);
#981 = CARTESIAN_POINT('',(2.97000168,-37.84769672,0.));
#982 = LINE('',#983,#984);
#983 = CARTESIAN_POINT('',(2.97000168,-37.84769672,0.));
#984 = VECTOR('',#985,1.);
#985 = DIRECTION('',(0.,0.,1.));
#986 = ORIENTED_EDGE('',*,*,#987,.F.);
#987 = EDGE_CURVE('',#962,#980,#988,.T.);
#988 = LINE('',#989,#990);
#989 = CARTESIAN_POINT('',(2.97000168,-38.34769572,0.));
#990 = VECTOR('',#991,1.);
#991 = DIRECTION('',(0.,1.,0.));
#992 = PLANE('',#993);
#993 = AXIS2_PLACEMENT_3D('',#994,#995,#996);
#994 = CARTESIAN_POINT('',(2.97000168,-38.34769572,0.));
#995 = DIRECTION('',(-1.,0.,0.));
#996 = DIRECTION('',(0.,1.,0.));
#997 = ADVANCED_FACE('',(#998),#1025,.F.);
#998 = FACE_BOUND('',#999,.T.);
#999 = EDGE_LOOP('',(#1000,#1001,#1010,#1018));
#1000 = ORIENTED_EDGE('',*,*,#979,.T.);
#1001 = ORIENTED_EDGE('',*,*,#1002,.T.);
#1002 = EDGE_CURVE('',#972,#1003,#1005,.T.);
#1003 = VERTEX_POINT('',#1004);
#1004 = CARTESIAN_POINT('',(2.37000288,-37.84769672,0.41148));
#1005 = CIRCLE('',#1006,0.2999994);
#1006 = AXIS2_PLACEMENT_3D('',#1007,#1008,#1009);
#1007 = CARTESIAN_POINT('',(2.67000228,-37.84769672,0.41148));
#1008 = DIRECTION('',(0.,0.,1.));
#1009 = DIRECTION('',(1.,4.736961045656E-14,-0.));
#1010 = ORIENTED_EDGE('',*,*,#1011,.F.);
#1011 = EDGE_CURVE('',#1012,#1003,#1014,.T.);
#1012 = VERTEX_POINT('',#1013);
#1013 = CARTESIAN_POINT('',(2.37000288,-37.84769672,0.));
#1014 = LINE('',#1015,#1016);
#1015 = CARTESIAN_POINT('',(2.37000288,-37.84769672,0.));
#1016 = VECTOR('',#1017,1.);
#1017 = DIRECTION('',(0.,0.,1.));
#1018 = ORIENTED_EDGE('',*,*,#1019,.F.);
#1019 = EDGE_CURVE('',#980,#1012,#1020,.T.);
#1020 = CIRCLE('',#1021,0.2999994);
#1021 = AXIS2_PLACEMENT_3D('',#1022,#1023,#1024);
#1022 = CARTESIAN_POINT('',(2.67000228,-37.84769672,0.));
#1023 = DIRECTION('',(0.,0.,1.));
#1024 = DIRECTION('',(1.,4.736961045656E-14,-0.));
#1025 = CYLINDRICAL_SURFACE('',#1026,0.2999994);
#1026 = AXIS2_PLACEMENT_3D('',#1027,#1028,#1029);
#1027 = CARTESIAN_POINT('',(2.67000228,-37.84769672,0.));
#1028 = DIRECTION('',(-0.,-0.,-1.));
#1029 = DIRECTION('',(1.,4.736961045656E-14,-0.));
#1030 = ADVANCED_FACE('',(#1031),#1056,.T.);
#1031 = FACE_BOUND('',#1032,.T.);
#1032 = EDGE_LOOP('',(#1033,#1034,#1042,#1050));
#1033 = ORIENTED_EDGE('',*,*,#1011,.T.);
#1034 = ORIENTED_EDGE('',*,*,#1035,.T.);
#1035 = EDGE_CURVE('',#1003,#1036,#1038,.T.);
#1036 = VERTEX_POINT('',#1037);
#1037 = CARTESIAN_POINT('',(2.37000288,-38.34769572,0.41148));
#1038 = LINE('',#1039,#1040);
#1039 = CARTESIAN_POINT('',(2.37000288,-37.84769672,0.41148));
#1040 = VECTOR('',#1041,1.);
#1041 = DIRECTION('',(0.,-1.,0.));
#1042 = ORIENTED_EDGE('',*,*,#1043,.F.);
#1043 = EDGE_CURVE('',#1044,#1036,#1046,.T.);
#1044 = VERTEX_POINT('',#1045);
#1045 = CARTESIAN_POINT('',(2.37000288,-38.34769572,0.));
#1046 = LINE('',#1047,#1048);
#1047 = CARTESIAN_POINT('',(2.37000288,-38.34769572,0.));
#1048 = VECTOR('',#1049,1.);
#1049 = DIRECTION('',(0.,0.,1.));
#1050 = ORIENTED_EDGE('',*,*,#1051,.F.);
#1051 = EDGE_CURVE('',#1012,#1044,#1052,.T.);
#1052 = LINE('',#1053,#1054);
#1053 = CARTESIAN_POINT('',(2.37000288,-37.84769672,0.));
#1054 = VECTOR('',#1055,1.);
#1055 = DIRECTION('',(0.,-1.,0.));
#1056 = PLANE('',#1057);
#1057 = AXIS2_PLACEMENT_3D('',#1058,#1059,#1060);
#1058 = CARTESIAN_POINT('',(2.37000288,-37.84769672,0.));
#1059 = DIRECTION('',(1.,0.,-0.));
#1060 = DIRECTION('',(0.,-1.,0.));
#1061 = ADVANCED_FACE('',(#1062),#1080,.F.);
#1062 = FACE_BOUND('',#1063,.T.);
#1063 = EDGE_LOOP('',(#1064,#1065,#1072,#1073));
#1064 = ORIENTED_EDGE('',*,*,#1043,.T.);
#1065 = ORIENTED_EDGE('',*,*,#1066,.T.);
#1066 = EDGE_CURVE('',#1036,#964,#1067,.T.);
#1067 = CIRCLE('',#1068,0.2999994);
#1068 = AXIS2_PLACEMENT_3D('',#1069,#1070,#1071);
#1069 = CARTESIAN_POINT('',(2.67000228,-38.34769572,0.41148));
#1070 = DIRECTION('',(0.,0.,1.));
#1071 = DIRECTION('',(-1.,-4.736961045656E-14,0.));
#1072 = ORIENTED_EDGE('',*,*,#961,.F.);
#1073 = ORIENTED_EDGE('',*,*,#1074,.F.);
#1074 = EDGE_CURVE('',#1044,#962,#1075,.T.);
#1075 = CIRCLE('',#1076,0.2999994);
#1076 = AXIS2_PLACEMENT_3D('',#1077,#1078,#1079);
#1077 = CARTESIAN_POINT('',(2.67000228,-38.34769572,0.));
#1078 = DIRECTION('',(0.,0.,1.));
#1079 = DIRECTION('',(-1.,-4.736961045656E-14,0.));
#1080 = CYLINDRICAL_SURFACE('',#1081,0.2999994);
#1081 = AXIS2_PLACEMENT_3D('',#1082,#1083,#1084);
#1082 = CARTESIAN_POINT('',(2.67000228,-38.34769572,0.));
#1083 = DIRECTION('',(-0.,-0.,-1.));
#1084 = DIRECTION('',(-1.,-4.736961045656E-14,0.));
#1085 = ADVANCED_FACE('',(#1086),#1113,.F.);
#1086 = FACE_BOUND('',#1087,.T.);
#1087 = EDGE_LOOP('',(#1088,#1098,#1105,#1106));
#1088 = ORIENTED_EDGE('',*,*,#1089,.T.);
#1089 = EDGE_CURVE('',#1090,#1092,#1094,.T.);
#1090 = VERTEX_POINT('',#1091);
#1091 = CARTESIAN_POINT('',(17.09,-23.929,0.));
#1092 = VERTEX_POINT('',#1093);
#1093 = CARTESIAN_POINT('',(17.09,-23.929,0.41148));
#1094 = LINE('',#1095,#1096);
#1095 = CARTESIAN_POINT('',(17.09,-23.929,0.));
#1096 = VECTOR('',#1097,1.);
#1097 = DIRECTION('',(0.,0.,1.));
#1098 = ORIENTED_EDGE('',*,*,#1099,.T.);
#1099 = EDGE_CURVE('',#1092,#1092,#1100,.T.);
#1100 = CIRCLE('',#1101,0.425);
#1101 = AXIS2_PLACEMENT_3D('',#1102,#1103,#1104);
#1102 = CARTESIAN_POINT('',(16.665,-23.929,0.41148));
#1103 = DIRECTION('',(0.,0.,1.));
#1104 = DIRECTION('',(1.,0.,-0.));
#1105 = ORIENTED_EDGE('',*,*,#1089,.F.);
#1106 = ORIENTED_EDGE('',*,*,#1107,.F.);
#1107 = EDGE_CURVE('',#1090,#1090,#1108,.T.);
#1108 = CIRCLE('',#1109,0.425);
#1109 = AXIS2_PLACEMENT_3D('',#1110,#1111,#1112);
#1110 = CARTESIAN_POINT('',(16.665,-23.929,0.));
#1111 = DIRECTION('',(0.,0.,1.));
#1112 = DIRECTION('',(1.,0.,-0.));
#1113 = CYLINDRICAL_SURFACE('',#1114,0.425);
#1114 = AXIS2_PLACEMENT_3D('',#1115,#1116,#1117);
#1115 = CARTESIAN_POINT('',(16.665,-23.929,0.));
#1116 = DIRECTION('',(-0.,-0.,-1.));
#1117 = DIRECTION('',(1.,0.,-0.));
#1118 = ADVANCED_FACE('',(#1119),#1146,.F.);
#1119 = FACE_BOUND('',#1120,.T.);
#1120 = EDGE_LOOP('',(#1121,#1131,#1138,#1139));
#1121 = ORIENTED_EDGE('',*,*,#1122,.T.);
#1122 = EDGE_CURVE('',#1123,#1125,#1127,.T.);
#1123 = VERTEX_POINT('',#1124);
#1124 = CARTESIAN_POINT('',(18.81,-21.471,0.));
#1125 = VERTEX_POINT('',#1126);
#1126 = CARTESIAN_POINT('',(18.81,-21.471,0.41148));
#1127 = LINE('',#1128,#1129);
#1128 = CARTESIAN_POINT('',(18.81,-21.471,0.));
#1129 = VECTOR('',#1130,1.);
#1130 = DIRECTION('',(0.,0.,1.));
#1131 = ORIENTED_EDGE('',*,*,#1132,.T.);
#1132 = EDGE_CURVE('',#1125,#1125,#1133,.T.);
#1133 = CIRCLE('',#1134,0.425);
#1134 = AXIS2_PLACEMENT_3D('',#1135,#1136,#1137);
#1135 = CARTESIAN_POINT('',(18.385,-21.471,0.41148));
#1136 = DIRECTION('',(0.,0.,1.));
#1137 = DIRECTION('',(1.,0.,-0.));
#1138 = ORIENTED_EDGE('',*,*,#1122,.F.);
#1139 = ORIENTED_EDGE('',*,*,#1140,.F.);
#1140 = EDGE_CURVE('',#1123,#1123,#1141,.T.);
#1141 = CIRCLE('',#1142,0.425);
#1142 = AXIS2_PLACEMENT_3D('',#1143,#1144,#1145);
#1143 = CARTESIAN_POINT('',(18.385,-21.471,0.));
#1144 = DIRECTION('',(0.,0.,1.));
#1145 = DIRECTION('',(1.,0.,-0.));
#1146 = CYLINDRICAL_SURFACE('',#1147,0.425);
#1147 = AXIS2_PLACEMENT_3D('',#1148,#1149,#1150);
#1148 = CARTESIAN_POINT('',(18.385,-21.471,0.));
#1149 = DIRECTION('',(-0.,-0.,-1.));
#1150 = DIRECTION('',(1.,0.,-0.));
#1151 = ADVANCED_FACE('',(#1152,#1158,#1164,#1167,#1170,#1176,#1179,
    #1182,#1188,#1194,#1197),#1200,.T.);
#1152 = FACE_BOUND('',#1153,.T.);
#1153 = EDGE_LOOP('',(#1154,#1155,#1156,#1157));
#1154 = ORIENTED_EDGE('',*,*,#343,.T.);
#1155 = ORIENTED_EDGE('',*,*,#375,.T.);
#1156 = ORIENTED_EDGE('',*,*,#408,.T.);
#1157 = ORIENTED_EDGE('',*,*,#431,.T.);
#1158 = FACE_BOUND('',#1159,.T.);
#1159 = EDGE_LOOP('',(#1160,#1161,#1162,#1163));
#1160 = ORIENTED_EDGE('',*,*,#471,.T.);
#1161 = ORIENTED_EDGE('',*,*,#503,.T.);
#1162 = ORIENTED_EDGE('',*,*,#535,.T.);
#1163 = ORIENTED_EDGE('',*,*,#558,.T.);
#1164 = FACE_BOUND('',#1165,.T.);
#1165 = EDGE_LOOP('',(#1166));
#1166 = ORIENTED_EDGE('',*,*,#591,.T.);
#1167 = FACE_BOUND('',#1168,.T.);
#1168 = EDGE_LOOP('',(#1169));
#1169 = ORIENTED_EDGE('',*,*,#624,.T.);
#1170 = FACE_BOUND('',#1171,.T.);
#1171 = EDGE_LOOP('',(#1172,#1173,#1174,#1175));
#1172 = ORIENTED_EDGE('',*,*,#665,.T.);
#1173 = ORIENTED_EDGE('',*,*,#697,.T.);
#1174 = ORIENTED_EDGE('',*,*,#729,.T.);
#1175 = ORIENTED_EDGE('',*,*,#752,.T.);
#1176 = FACE_BOUND('',#1177,.T.);
#1177 = EDGE_LOOP('',(#1178));
#1178 = ORIENTED_EDGE('',*,*,#785,.T.);
#1179 = FACE_BOUND('',#1180,.T.);
#1180 = EDGE_LOOP('',(#1181));
#1181 = ORIENTED_EDGE('',*,*,#818,.T.);
#1182 = FACE_BOUND('',#1183,.T.);
#1183 = EDGE_LOOP('',(#1184,#1185,#1186,#1187));
#1184 = ORIENTED_EDGE('',*,*,#859,.T.);
#1185 = ORIENTED_EDGE('',*,*,#891,.T.);
#1186 = ORIENTED_EDGE('',*,*,#923,.T.);
#1187 = ORIENTED_EDGE('',*,*,#946,.T.);
#1188 = FACE_BOUND('',#1189,.T.);
#1189 = EDGE_LOOP('',(#1190,#1191,#1192,#1193));
#1190 = ORIENTED_EDGE('',*,*,#987,.T.);
#1191 = ORIENTED_EDGE('',*,*,#1019,.T.);
#1192 = ORIENTED_EDGE('',*,*,#1051,.T.);
#1193 = ORIENTED_EDGE('',*,*,#1074,.T.);
#1194 = FACE_BOUND('',#1195,.T.);
#1195 = EDGE_LOOP('',(#1196));
#1196 = ORIENTED_EDGE('',*,*,#1107,.T.);
#1197 = FACE_BOUND('',#1198,.T.);
#1198 = EDGE_LOOP('',(#1199));
#1199 = ORIENTED_EDGE('',*,*,#1140,.T.);
#1200 = PLANE('',#1201);
#1201 = AXIS2_PLACEMENT_3D('',#1202,#1203,#1204);
#1202 = CARTESIAN_POINT('',(-1.275,1.017252271133,0.));
#1203 = DIRECTION('',(-0.,-0.,-1.));
#1204 = DIRECTION('',(-1.,0.,0.));
#1205 = ADVANCED_FACE('',(#1206,#1212,#1218,#1221,#1224,#1230,#1233,
    #1236,#1242,#1248,#1251),#1254,.F.);
#1206 = FACE_BOUND('',#1207,.F.);
#1207 = EDGE_LOOP('',(#1208,#1209,#1210,#1211));
#1208 = ORIENTED_EDGE('',*,*,#327,.T.);
#1209 = ORIENTED_EDGE('',*,*,#358,.T.);
#1210 = ORIENTED_EDGE('',*,*,#391,.T.);
#1211 = ORIENTED_EDGE('',*,*,#424,.T.);
#1212 = FACE_BOUND('',#1213,.F.);
#1213 = EDGE_LOOP('',(#1214,#1215,#1216,#1217));
#1214 = ORIENTED_EDGE('',*,*,#455,.T.);
#1215 = ORIENTED_EDGE('',*,*,#486,.T.);
#1216 = ORIENTED_EDGE('',*,*,#519,.T.);
#1217 = ORIENTED_EDGE('',*,*,#550,.T.);
#1218 = FACE_BOUND('',#1219,.F.);
#1219 = EDGE_LOOP('',(#1220));
#1220 = ORIENTED_EDGE('',*,*,#583,.T.);
#1221 = FACE_BOUND('',#1222,.F.);
#1222 = EDGE_LOOP('',(#1223));
#1223 = ORIENTED_EDGE('',*,*,#616,.T.);
#1224 = FACE_BOUND('',#1225,.F.);
#1225 = EDGE_LOOP('',(#1226,#1227,#1228,#1229));
#1226 = ORIENTED_EDGE('',*,*,#649,.T.);
#1227 = ORIENTED_EDGE('',*,*,#680,.T.);
#1228 = ORIENTED_EDGE('',*,*,#713,.T.);
#1229 = ORIENTED_EDGE('',*,*,#744,.T.);
#1230 = FACE_BOUND('',#1231,.F.);
#1231 = EDGE_LOOP('',(#1232));
#1232 = ORIENTED_EDGE('',*,*,#777,.T.);
#1233 = FACE_BOUND('',#1234,.F.);
#1234 = EDGE_LOOP('',(#1235));
#1235 = ORIENTED_EDGE('',*,*,#810,.T.);
#1236 = FACE_BOUND('',#1237,.F.);
#1237 = EDGE_LOOP('',(#1238,#1239,#1240,#1241));
#1238 = ORIENTED_EDGE('',*,*,#843,.T.);
#1239 = ORIENTED_EDGE('',*,*,#874,.T.);
#1240 = ORIENTED_EDGE('',*,*,#907,.T.);
#1241 = ORIENTED_EDGE('',*,*,#938,.T.);
#1242 = FACE_BOUND('',#1243,.F.);
#1243 = EDGE_LOOP('',(#1244,#1245,#1246,#1247));
#1244 = ORIENTED_EDGE('',*,*,#971,.T.);
#1245 = ORIENTED_EDGE('',*,*,#1002,.T.);
#1246 = ORIENTED_EDGE('',*,*,#1035,.T.);
#1247 = ORIENTED_EDGE('',*,*,#1066,.T.);
#1248 = FACE_BOUND('',#1249,.F.);
#1249 = EDGE_LOOP('',(#1250));
#1250 = ORIENTED_EDGE('',*,*,#1099,.T.);
#1251 = FACE_BOUND('',#1252,.F.);
#1252 = EDGE_LOOP('',(#1253));
#1253 = ORIENTED_EDGE('',*,*,#1132,.T.);
#1254 = PLANE('',#1255);
#1255 = AXIS2_PLACEMENT_3D('',#1256,#1257,#1258);
#1256 = CARTESIAN_POINT('',(-1.275,1.017252271133,0.41148));
#1257 = DIRECTION('',(-0.,-0.,-1.));
#1258 = DIRECTION('',(-1.,0.,0.));
#1259 = ( GEOMETRIC_REPRESENTATION_CONTEXT(3) 
GLOBAL_UNCERTAINTY_ASSIGNED_CONTEXT((#1263)) 
GLOBAL_UNIT_ASSIGNED_CONTEXT((#1260,#1261,#1262)) REPRESENTATION_CONTEXT
('Context #1','3D Context with UNIT and UNCERTAINTY') );
#1260 = ( LENGTH_UNIT() NAMED_UNIT(*) SI_UNIT(.MILLI.,.METRE.) );
#1261 = ( NAMED_UNIT(*) PLANE_ANGLE_UNIT() SI_UNIT($,.RADIAN.) );
#1262 = ( NAMED_UNIT(*) SI_UNIT($,.STERADIAN.) SOLID_ANGLE_UNIT() );
#1263 = UNCERTAINTY_MEASURE_WITH_UNIT(LENGTH_MEASURE(1.E-07),#1260,
  'distance_accuracy_value','confusion accuracy');
#1264 = SHAPE_DEFINITION_REPRESENTATION(#1265,#310);
#1265 = PRODUCT_DEFINITION_SHAPE('','',#1266);
#1266 = PRODUCT_DEFINITION('design','',#1267,#1270);
#1267 = PRODUCT_DEFINITION_FORMATION('','',#1268);
#1268 = PRODUCT('Open CASCADE STEP translator 7.5 1.1.1',
  'Open CASCADE STEP translator 7.5 1.1.1','',(#1269));
#1269 = PRODUCT_CONTEXT('',#2,'mechanical');
#1270 = PRODUCT_DEFINITION_CONTEXT('part definition',#2,'design');
#1271 = CONTEXT_DEPENDENT_SHAPE_REPRESENTATION(#1272,#1274);
#1272 = ( REPRESENTATION_RELATIONSHIP('','',#310,#300) 
REPRESENTATION_RELATIONSHIP_WITH_TRANSFORMATION(#1273) 
SHAPE_REPRESENTATION_RELATIONSHIP() );
#1273 = ITEM_DEFINED_TRANSFORMATION('','',#11,#301);
#1274 = PRODUCT_DEFINITION_SHAPE('Placement','Placement of an item',
  #1275);
#1275 = NEXT_ASSEMBLY_USAGE_OCCURRENCE('1','','',#295,#1266,$);
#1276 = PRODUCT_RELATED_PRODUCT_CATEGORY('part',$,(#1268));
#1277 = CONTEXT_DEPENDENT_SHAPE_REPRESENTATION(#1278,#1280);
#1278 = ( REPRESENTATION_RELATIONSHIP('','',#300,#10) 
REPRESENTATION_RELATIONSHIP_WITH_TRANSFORMATION(#1279) 
SHAPE_REPRESENTATION_RELATIONSHIP() );
#1279 = ITEM_DEFINED_TRANSFORMATION('','',#11,#15);
#1280 = PRODUCT_DEFINITION_SHAPE('Placement','Placement of an item',
  #1281);
#1281 = NEXT_ASSEMBLY_USAGE_OCCURRENCE('2','','',#5,#295,$);
#1282 = PRODUCT_RELATED_PRODUCT_CATEGORY('part',$,(#297));
#1283 = SHAPE_DEFINITION_REPRESENTATION(#1284,#1290);
#1284 = PRODUCT_DEFINITION_SHAPE('','',#1285);
#1285 = PRODUCT_DEFINITION('design','',#1286,#1289);
#1286 = PRODUCT_DEFINITION_FORMATION('','',#1287);
#1287 = PRODUCT('R21','R21','',(#1288));
#1288 = PRODUCT_CONTEXT('',#2,'mechanical');
#1289 = PRODUCT_DEFINITION_CONTEXT('part definition',#2,'design');
#1290 = SHAPE_REPRESENTATION('',(#11,#1291,#1295,#1299),#1303);
#1291 = AXIS2_PLACEMENT_3D('',#1292,#1293,#1294);
#1292 = CARTESIAN_POINT('',(-22.91444911324,25.664302202988,
    -0.911478996277));
#1293 = DIRECTION('',(0.,0.,1.));
#1294 = DIRECTION('',(1.,0.,0.));
#1295 = AXIS2_PLACEMENT_3D('',#1296,#1297,#1298);
#1296 = CARTESIAN_POINT('',(-24.31445063912,25.664302202988,
    -0.911478996277));
#1297 = DIRECTION('',(0.,0.,1.));
#1298 = DIRECTION('',(1.,0.,0.));
#1299 = AXIS2_PLACEMENT_3D('',#1300,#1301,#1302);
#1300 = CARTESIAN_POINT('',(-23.61445369087,25.664302202988,
    -0.911478996277));
#1301 = DIRECTION('',(0.,0.,1.));
#1302 = DIRECTION('',(1.,0.,0.));
#1303 = ( GEOMETRIC_REPRESENTATION_CONTEXT(3) 
GLOBAL_UNCERTAINTY_ASSIGNED_CONTEXT((#1307)) 
GLOBAL_UNIT_ASSIGNED_CONTEXT((#1304,#1305,#1306)) REPRESENTATION_CONTEXT
('Context #1','3D Context with UNIT and UNCERTAINTY') );
#1304 = ( LENGTH_UNIT() NAMED_UNIT(*) SI_UNIT(.MILLI.,.METRE.) );
#1305 = ( NAMED_UNIT(*) PLANE_ANGLE_UNIT() SI_UNIT($,.RADIAN.) );
#1306 = ( NAMED_UNIT(*) SI_UNIT($,.STERADIAN.) SOLID_ANGLE_UNIT() );
#1307 = UNCERTAINTY_MEASURE_WITH_UNIT(LENGTH_MEASURE(1.E-07),#1304,
  'distance_accuracy_value','confusion accuracy');
#1308 = SHAPE_DEFINITION_REPRESENTATION(#1309,#1315);
#1309 = PRODUCT_DEFINITION_SHAPE('','',#1310);
#1310 = PRODUCT_DEFINITION('design','',#1311,#1314);
#1311 = PRODUCT_DEFINITION_FORMATION('','',#1312);
#1312 = PRODUCT('8855137136','8855137136','',(#1313));
#1313 = PRODUCT_CONTEXT('',#2,'mechanical');
#1314 = PRODUCT_DEFINITION_CONTEXT('part definition',#2,'design');
#1315 = SHAPE_REPRESENTATION('',(#11,#1316),#1320);
#1316 = AXIS2_PLACEMENT_3D('',#1317,#1318,#1319);
#1317 = CARTESIAN_POINT('',(0.,0.,0.));
#1318 = DIRECTION('',(0.,0.,1.));
#1319 = DIRECTION('',(1.,0.,0.));
#1320 = ( GEOMETRIC_REPRESENTATION_CONTEXT(3) 
GLOBAL_UNCERTAINTY_ASSIGNED_CONTEXT((#1324)) 
GLOBAL_UNIT_ASSIGNED_CONTEXT((#1321,#1322,#1323)) REPRESENTATION_CONTEXT
('Context #1','3D Context with UNIT and UNCERTAINTY') );
#1321 = ( LENGTH_UNIT() NAMED_UNIT(*) SI_UNIT(.MILLI.,.METRE.) );
#1322 = ( NAMED_UNIT(*) PLANE_ANGLE_UNIT() SI_UNIT($,.RADIAN.) );
#1323 = ( NAMED_UNIT(*) SI_UNIT($,.STERADIAN.) SOLID_ANGLE_UNIT() );
#1324 = UNCERTAINTY_MEASURE_WITH_UNIT(LENGTH_MEASURE(1.E-07),#1321,
  'distance_accuracy_value','confusion accuracy');
#1325 = ADVANCED_BREP_SHAPE_REPRESENTATION('',(#11,#1326),#1476);
#1326 = MANIFOLD_SOLID_BREP('',#1327);
#1327 = CLOSED_SHELL('',(#1328,#1368,#1399,#1430,#1452,#1464));
#1328 = ADVANCED_FACE('',(#1329),#1363,.T.);
#1329 = FACE_BOUND('',#1330,.T.);
#1330 = EDGE_LOOP('',(#1331,#1341,#1349,#1357));
#1331 = ORIENTED_EDGE('',*,*,#1332,.T.);
#1332 = EDGE_CURVE('',#1333,#1335,#1337,.T.);
#1333 = VERTEX_POINT('',#1334);
#1334 = CARTESIAN_POINT('',(-0.1499997,-0.47499778,0.));
#1335 = VERTEX_POINT('',#1336);
#1336 = CARTESIAN_POINT('',(-0.1499997,-0.47499778,0.499999));
#1337 = LINE('',#1338,#1339);
#1338 = CARTESIAN_POINT('',(-0.1499997,-0.47499778,0.));
#1339 = VECTOR('',#1340,1.);
#1340 = DIRECTION('',(0.,0.,1.));
#1341 = ORIENTED_EDGE('',*,*,#1342,.T.);
#1342 = EDGE_CURVE('',#1335,#1343,#1345,.T.);
#1343 = VERTEX_POINT('',#1344);
#1344 = CARTESIAN_POINT('',(-0.1499997,0.47500032,0.499999));
#1345 = LINE('',#1346,#1347);
#1346 = CARTESIAN_POINT('',(-0.1499997,-0.47499778,0.499999));
#1347 = VECTOR('',#1348,1.);
#1348 = DIRECTION('',(0.,1.,0.));
#1349 = ORIENTED_EDGE('',*,*,#1350,.F.);
#1350 = EDGE_CURVE('',#1351,#1343,#1353,.T.);
#1351 = VERTEX_POINT('',#1352);
#1352 = CARTESIAN_POINT('',(-0.1499997,0.47500032,0.));
#1353 = LINE('',#1354,#1355);
#1354 = CARTESIAN_POINT('',(-0.1499997,0.47500032,0.));
#1355 = VECTOR('',#1356,1.);
#1356 = DIRECTION('',(0.,0.,1.));
#1357 = ORIENTED_EDGE('',*,*,#1358,.F.);
#1358 = EDGE_CURVE('',#1333,#1351,#1359,.T.);
#1359 = LINE('',#1360,#1361);
#1360 = CARTESIAN_POINT('',(-0.1499997,-0.47499778,0.));
#1361 = VECTOR('',#1362,1.);
#1362 = DIRECTION('',(0.,1.,0.));
#1363 = PLANE('',#1364);
#1364 = AXIS2_PLACEMENT_3D('',#1365,#1366,#1367);
#1365 = CARTESIAN_POINT('',(-0.1499997,-0.47499778,0.));
#1366 = DIRECTION('',(-1.,0.,0.));
#1367 = DIRECTION('',(0.,1.,0.));
#1368 = ADVANCED_FACE('',(#1369),#1394,.T.);
#1369 = FACE_BOUND('',#1370,.T.);
#1370 = EDGE_LOOP('',(#1371,#1372,#1380,#1388));
#1371 = ORIENTED_EDGE('',*,*,#1350,.T.);
#1372 = ORIENTED_EDGE('',*,*,#1373,.T.);
#1373 = EDGE_CURVE('',#1343,#1374,#1376,.T.);
#1374 = VERTEX_POINT('',#1375);
#1375 = CARTESIAN_POINT('',(0.1499997,0.47500032,0.499999));
#1376 = LINE('',#1377,#1378);
#1377 = CARTESIAN_POINT('',(-0.1499997,0.47500032,0.499999));
#1378 = VECTOR('',#1379,1.);
#1379 = DIRECTION('',(1.,0.,0.));
#1380 = ORIENTED_EDGE('',*,*,#1381,.F.);
#1381 = EDGE_CURVE('',#1382,#1374,#1384,.T.);
#1382 = VERTEX_POINT('',#1383);
#1383 = CARTESIAN_POINT('',(0.1499997,0.47500032,0.));
#1384 = LINE('',#1385,#1386);
#1385 = CARTESIAN_POINT('',(0.1499997,0.47500032,0.));
#1386 = VECTOR('',#1387,1.);
#1387 = DIRECTION('',(0.,0.,1.));
#1388 = ORIENTED_EDGE('',*,*,#1389,.F.);
#1389 = EDGE_CURVE('',#1351,#1382,#1390,.T.);
#1390 = LINE('',#1391,#1392);
#1391 = CARTESIAN_POINT('',(-0.1499997,0.47500032,0.));
#1392 = VECTOR('',#1393,1.);
#1393 = DIRECTION('',(1.,0.,0.));
#1394 = PLANE('',#1395);
#1395 = AXIS2_PLACEMENT_3D('',#1396,#1397,#1398);
#1396 = CARTESIAN_POINT('',(-0.1499997,0.47500032,0.));
#1397 = DIRECTION('',(0.,1.,0.));
#1398 = DIRECTION('',(1.,0.,0.));
#1399 = ADVANCED_FACE('',(#1400),#1425,.T.);
#1400 = FACE_BOUND('',#1401,.T.);
#1401 = EDGE_LOOP('',(#1402,#1403,#1411,#1419));
#1402 = ORIENTED_EDGE('',*,*,#1381,.T.);
#1403 = ORIENTED_EDGE('',*,*,#1404,.T.);
#1404 = EDGE_CURVE('',#1374,#1405,#1407,.T.);
#1405 = VERTEX_POINT('',#1406);
#1406 = CARTESIAN_POINT('',(0.1499997,-0.47499778,0.499999));
#1407 = LINE('',#1408,#1409);
#1408 = CARTESIAN_POINT('',(0.1499997,0.47500032,0.499999));
#1409 = VECTOR('',#1410,1.);
#1410 = DIRECTION('',(0.,-1.,0.));
#1411 = ORIENTED_EDGE('',*,*,#1412,.F.);
#1412 = EDGE_CURVE('',#1413,#1405,#1415,.T.);
#1413 = VERTEX_POINT('',#1414);
#1414 = CARTESIAN_POINT('',(0.1499997,-0.47499778,0.));
#1415 = LINE('',#1416,#1417);
#1416 = CARTESIAN_POINT('',(0.1499997,-0.47499778,0.));
#1417 = VECTOR('',#1418,1.);
#1418 = DIRECTION('',(0.,0.,1.));
#1419 = ORIENTED_EDGE('',*,*,#1420,.F.);
#1420 = EDGE_CURVE('',#1382,#1413,#1421,.T.);
#1421 = LINE('',#1422,#1423);
#1422 = CARTESIAN_POINT('',(0.1499997,0.47500032,0.));
#1423 = VECTOR('',#1424,1.);
#1424 = DIRECTION('',(0.,-1.,0.));
#1425 = PLANE('',#1426);
#1426 = AXIS2_PLACEMENT_3D('',#1427,#1428,#1429);
#1427 = CARTESIAN_POINT('',(0.1499997,0.47500032,0.));
#1428 = DIRECTION('',(1.,0.,-0.));
#1429 = DIRECTION('',(0.,-1.,0.));
#1430 = ADVANCED_FACE('',(#1431),#1447,.T.);
#1431 = FACE_BOUND('',#1432,.T.);
#1432 = EDGE_LOOP('',(#1433,#1434,#1440,#1441));
#1433 = ORIENTED_EDGE('',*,*,#1412,.T.);
#1434 = ORIENTED_EDGE('',*,*,#1435,.T.);
#1435 = EDGE_CURVE('',#1405,#1335,#1436,.T.);
#1436 = LINE('',#1437,#1438);
#1437 = CARTESIAN_POINT('',(0.1499997,-0.47499778,0.499999));
#1438 = VECTOR('',#1439,1.);
#1439 = DIRECTION('',(-1.,0.,0.));
#1440 = ORIENTED_EDGE('',*,*,#1332,.F.);
#1441 = ORIENTED_EDGE('',*,*,#1442,.F.);
#1442 = EDGE_CURVE('',#1413,#1333,#1443,.T.);
#1443 = LINE('',#1444,#1445);
#1444 = CARTESIAN_POINT('',(0.1499997,-0.47499778,0.));
#1445 = VECTOR('',#1446,1.);
#1446 = DIRECTION('',(-1.,0.,0.));
#1447 = PLANE('',#1448);
#1448 = AXIS2_PLACEMENT_3D('',#1449,#1450,#1451);
#1449 = CARTESIAN_POINT('',(0.1499997,-0.47499778,0.));
#1450 = DIRECTION('',(0.,-1.,0.));
#1451 = DIRECTION('',(-1.,0.,0.));
#1452 = ADVANCED_FACE('',(#1453),#1459,.T.);
#1453 = FACE_BOUND('',#1454,.T.);
#1454 = EDGE_LOOP('',(#1455,#1456,#1457,#1458));
#1455 = ORIENTED_EDGE('',*,*,#1358,.T.);
#1456 = ORIENTED_EDGE('',*,*,#1389,.T.);
#1457 = ORIENTED_EDGE('',*,*,#1420,.T.);
#1458 = ORIENTED_EDGE('',*,*,#1442,.T.);
#1459 = PLANE('',#1460);
#1460 = AXIS2_PLACEMENT_3D('',#1461,#1462,#1463);
#1461 = CARTESIAN_POINT('',(0.,1.269999991414E-06,0.));
#1462 = DIRECTION('',(-0.,-0.,-1.));
#1463 = DIRECTION('',(-1.,0.,0.));
#1464 = ADVANCED_FACE('',(#1465),#1471,.F.);
#1465 = FACE_BOUND('',#1466,.F.);
#1466 = EDGE_LOOP('',(#1467,#1468,#1469,#1470));
#1467 = ORIENTED_EDGE('',*,*,#1342,.T.);
#1468 = ORIENTED_EDGE('',*,*,#1373,.T.);
#1469 = ORIENTED_EDGE('',*,*,#1404,.T.);
#1470 = ORIENTED_EDGE('',*,*,#1435,.T.);
#1471 = PLANE('',#1472);
#1472 = AXIS2_PLACEMENT_3D('',#1473,#1474,#1475);
#1473 = CARTESIAN_POINT('',(0.,1.269999991414E-06,0.499999));
#1474 = DIRECTION('',(-0.,-0.,-1.));
#1475 = DIRECTION('',(-1.,0.,0.));
#1476 = ( GEOMETRIC_REPRESENTATION_CONTEXT(3) 
GLOBAL_UNCERTAINTY_ASSIGNED_CONTEXT((#1480)) 
GLOBAL_UNIT_ASSIGNED_CONTEXT((#1477,#1478,#1479)) REPRESENTATION_CONTEXT
('Context #1','3D Context with UNIT and UNCERTAINTY') );
#1477 = ( LENGTH_UNIT() NAMED_UNIT(*) SI_UNIT(.MILLI.,.METRE.) );
#1478 = ( NAMED_UNIT(*) PLANE_ANGLE_UNIT() SI_UNIT($,.RADIAN.) );
#1479 = ( NAMED_UNIT(*) SI_UNIT($,.STERADIAN.) SOLID_ANGLE_UNIT() );
#1480 = UNCERTAINTY_MEASURE_WITH_UNIT(LENGTH_MEASURE(1.E-07),#1477,
  'distance_accuracy_value','confusion accuracy');
#1481 = SHAPE_DEFINITION_REPRESENTATION(#1482,#1325);
#1482 = PRODUCT_DEFINITION_SHAPE('','',#1483);
#1483 = PRODUCT_DEFINITION('design','',#1484,#1487);
#1484 = PRODUCT_DEFINITION_FORMATION('','',#1485);
#1485 = PRODUCT('Extruded','Extruded','',(#1486));
#1486 = PRODUCT_CONTEXT('',#2,'mechanical');
#1487 = PRODUCT_DEFINITION_CONTEXT('part definition',#2,'design');
#1488 = CONTEXT_DEPENDENT_SHAPE_REPRESENTATION(#1489,#1491);
#1489 = ( REPRESENTATION_RELATIONSHIP('','',#1325,#1315) 
REPRESENTATION_RELATIONSHIP_WITH_TRANSFORMATION(#1490) 
SHAPE_REPRESENTATION_RELATIONSHIP() );
#1490 = ITEM_DEFINED_TRANSFORMATION('','',#11,#1316);
#1491 = PRODUCT_DEFINITION_SHAPE('Placement','Placement of an item',
  #1492);
#1492 = NEXT_ASSEMBLY_USAGE_OCCURRENCE('3','1','',#1310,#1483,$);
#1493 = PRODUCT_RELATED_PRODUCT_CATEGORY('part',$,(#1485));
#1494 = CONTEXT_DEPENDENT_SHAPE_REPRESENTATION(#1495,#1497);
#1495 = ( REPRESENTATION_RELATIONSHIP('','',#1315,#1290) 
REPRESENTATION_RELATIONSHIP_WITH_TRANSFORMATION(#1496) 
SHAPE_REPRESENTATION_RELATIONSHIP() );
#1496 = ITEM_DEFINED_TRANSFORMATION('','',#11,#1291);
#1497 = PRODUCT_DEFINITION_SHAPE('Placement','Placement of an item',
  #1498);
#1498 = NEXT_ASSEMBLY_USAGE_OCCURRENCE('4','','',#1285,#1310,$);
#1499 = PRODUCT_RELATED_PRODUCT_CATEGORY('part',$,(#1312));
#1500 = CONTEXT_DEPENDENT_SHAPE_REPRESENTATION(#1501,#1503);
#1501 = ( REPRESENTATION_RELATIONSHIP('','',#1315,#1290) 
REPRESENTATION_RELATIONSHIP_WITH_TRANSFORMATION(#1502) 
SHAPE_REPRESENTATION_RELATIONSHIP() );
#1502 = ITEM_DEFINED_TRANSFORMATION('','',#11,#1295);
#1503 = PRODUCT_DEFINITION_SHAPE('Placement','Placement of an item',
  #1504);
#1504 = NEXT_ASSEMBLY_USAGE_OCCURRENCE('5','','',#1285,#1310,$);
#1505 = SHAPE_DEFINITION_REPRESENTATION(#1506,#1512);
#1506 = PRODUCT_DEFINITION_SHAPE('','',#1507);
#1507 = PRODUCT_DEFINITION('design','',#1508,#1511);
#1508 = PRODUCT_DEFINITION_FORMATION('','',#1509);
#1509 = PRODUCT('9034358688','9034358688','',(#1510));
#1510 = PRODUCT_CONTEXT('',#2,'mechanical');
#1511 = PRODUCT_DEFINITION_CONTEXT('part definition',#2,'design');
#1512 = SHAPE_REPRESENTATION('',(#11,#1513),#1517);
#1513 = AXIS2_PLACEMENT_3D('',#1514,#1515,#1516);
#1514 = CARTESIAN_POINT('',(0.,0.,0.));
#1515 = DIRECTION('',(0.,0.,1.));
#1516 = DIRECTION('',(1.,0.,0.));
#1517 = ( GEOMETRIC_REPRESENTATION_CONTEXT(3) 
GLOBAL_UNCERTAINTY_ASSIGNED_CONTEXT((#1521)) 
GLOBAL_UNIT_ASSIGNED_CONTEXT((#1518,#1519,#1520)) REPRESENTATION_CONTEXT
('Context #1','3D Context with UNIT and UNCERTAINTY') );
#1518 = ( LENGTH_UNIT() NAMED_UNIT(*) SI_UNIT(.MILLI.,.METRE.) );
#1519 = ( NAMED_UNIT(*) PLANE_ANGLE_UNIT() SI_UNIT($,.RADIAN.) );
#1520 = ( NAMED_UNIT(*) SI_UNIT($,.STERADIAN.) SOLID_ANGLE_UNIT() );
#1521 = UNCERTAINTY_MEASURE_WITH_UNIT(LENGTH_MEASURE(1.E-07),#1518,
  'distance_accuracy_value','confusion accuracy');
#1522 = ADVANCED_BREP_SHAPE_REPRESENTATION('',(#11,#1523),#1673);
#1523 = MANIFOLD_SOLID_BREP('',#1524);
#1524 = CLOSED_SHELL('',(#1525,#1565,#1596,#1627,#1649,#1661));
#1525 = ADVANCED_FACE('',(#1526),#1560,.T.);
#1526 = FACE_BOUND('',#1527,.T.);
#1527 = EDGE_LOOP('',(#1528,#1538,#1546,#1554));
#1528 = ORIENTED_EDGE('',*,*,#1529,.T.);
#1529 = EDGE_CURVE('',#1530,#1532,#1534,.T.);
#1530 = VERTEX_POINT('',#1531);
#1531 = CARTESIAN_POINT('',(-0.5499989,-0.47499778,0.));
#1532 = VERTEX_POINT('',#1533);
#1533 = CARTESIAN_POINT('',(-0.5499989,-0.47499778,0.499999));
#1534 = LINE('',#1535,#1536);
#1535 = CARTESIAN_POINT('',(-0.5499989,-0.47499778,0.));
#1536 = VECTOR('',#1537,1.);
#1537 = DIRECTION('',(0.,0.,1.));
#1538 = ORIENTED_EDGE('',*,*,#1539,.T.);
#1539 = EDGE_CURVE('',#1532,#1540,#1542,.T.);
#1540 = VERTEX_POINT('',#1541);
#1541 = CARTESIAN_POINT('',(-0.5499989,0.47500032,0.499999));
#1542 = LINE('',#1543,#1544);
#1543 = CARTESIAN_POINT('',(-0.5499989,-0.47499778,0.499999));
#1544 = VECTOR('',#1545,1.);
#1545 = DIRECTION('',(0.,1.,0.));
#1546 = ORIENTED_EDGE('',*,*,#1547,.F.);
#1547 = EDGE_CURVE('',#1548,#1540,#1550,.T.);
#1548 = VERTEX_POINT('',#1549);
#1549 = CARTESIAN_POINT('',(-0.5499989,0.47500032,0.));
#1550 = LINE('',#1551,#1552);
#1551 = CARTESIAN_POINT('',(-0.5499989,0.47500032,0.));
#1552 = VECTOR('',#1553,1.);
#1553 = DIRECTION('',(0.,0.,1.));
#1554 = ORIENTED_EDGE('',*,*,#1555,.F.);
#1555 = EDGE_CURVE('',#1530,#1548,#1556,.T.);
#1556 = LINE('',#1557,#1558);
#1557 = CARTESIAN_POINT('',(-0.5499989,-0.47499778,0.));
#1558 = VECTOR('',#1559,1.);
#1559 = DIRECTION('',(0.,1.,0.));
#1560 = PLANE('',#1561);
#1561 = AXIS2_PLACEMENT_3D('',#1562,#1563,#1564);
#1562 = CARTESIAN_POINT('',(-0.5499989,-0.47499778,0.));
#1563 = DIRECTION('',(-1.,0.,0.));
#1564 = DIRECTION('',(0.,1.,0.));
#1565 = ADVANCED_FACE('',(#1566),#1591,.T.);
#1566 = FACE_BOUND('',#1567,.T.);
#1567 = EDGE_LOOP('',(#1568,#1569,#1577,#1585));
#1568 = ORIENTED_EDGE('',*,*,#1547,.T.);
#1569 = ORIENTED_EDGE('',*,*,#1570,.T.);
#1570 = EDGE_CURVE('',#1540,#1571,#1573,.T.);
#1571 = VERTEX_POINT('',#1572);
#1572 = CARTESIAN_POINT('',(0.55000144,0.47500032,0.499999));
#1573 = LINE('',#1574,#1575);
#1574 = CARTESIAN_POINT('',(-0.5499989,0.47500032,0.499999));
#1575 = VECTOR('',#1576,1.);
#1576 = DIRECTION('',(1.,0.,0.));
#1577 = ORIENTED_EDGE('',*,*,#1578,.F.);
#1578 = EDGE_CURVE('',#1579,#1571,#1581,.T.);
#1579 = VERTEX_POINT('',#1580);
#1580 = CARTESIAN_POINT('',(0.55000144,0.47500032,0.));
#1581 = LINE('',#1582,#1583);
#1582 = CARTESIAN_POINT('',(0.55000144,0.47500032,0.));
#1583 = VECTOR('',#1584,1.);
#1584 = DIRECTION('',(0.,0.,1.));
#1585 = ORIENTED_EDGE('',*,*,#1586,.F.);
#1586 = EDGE_CURVE('',#1548,#1579,#1587,.T.);
#1587 = LINE('',#1588,#1589);
#1588 = CARTESIAN_POINT('',(-0.5499989,0.47500032,0.));
#1589 = VECTOR('',#1590,1.);
#1590 = DIRECTION('',(1.,0.,0.));
#1591 = PLANE('',#1592);
#1592 = AXIS2_PLACEMENT_3D('',#1593,#1594,#1595);
#1593 = CARTESIAN_POINT('',(-0.5499989,0.47500032,0.));
#1594 = DIRECTION('',(0.,1.,0.));
#1595 = DIRECTION('',(1.,0.,0.));
#1596 = ADVANCED_FACE('',(#1597),#1622,.T.);
#1597 = FACE_BOUND('',#1598,.T.);
#1598 = EDGE_LOOP('',(#1599,#1600,#1608,#1616));
#1599 = ORIENTED_EDGE('',*,*,#1578,.T.);
#1600 = ORIENTED_EDGE('',*,*,#1601,.T.);
#1601 = EDGE_CURVE('',#1571,#1602,#1604,.T.);
#1602 = VERTEX_POINT('',#1603);
#1603 = CARTESIAN_POINT('',(0.55000144,-0.47499778,0.499999));
#1604 = LINE('',#1605,#1606);
#1605 = CARTESIAN_POINT('',(0.55000144,0.47500032,0.499999));
#1606 = VECTOR('',#1607,1.);
#1607 = DIRECTION('',(0.,-1.,0.));
#1608 = ORIENTED_EDGE('',*,*,#1609,.F.);
#1609 = EDGE_CURVE('',#1610,#1602,#1612,.T.);
#1610 = VERTEX_POINT('',#1611);
#1611 = CARTESIAN_POINT('',(0.55000144,-0.47499778,0.));
#1612 = LINE('',#1613,#1614);
#1613 = CARTESIAN_POINT('',(0.55000144,-0.47499778,0.));
#1614 = VECTOR('',#1615,1.);
#1615 = DIRECTION('',(0.,0.,1.));
#1616 = ORIENTED_EDGE('',*,*,#1617,.F.);
#1617 = EDGE_CURVE('',#1579,#1610,#1618,.T.);
#1618 = LINE('',#1619,#1620);
#1619 = CARTESIAN_POINT('',(0.55000144,0.47500032,0.));
#1620 = VECTOR('',#1621,1.);
#1621 = DIRECTION('',(0.,-1.,0.));
#1622 = PLANE('',#1623);
#1623 = AXIS2_PLACEMENT_3D('',#1624,#1625,#1626);
#1624 = CARTESIAN_POINT('',(0.55000144,0.47500032,0.));
#1625 = DIRECTION('',(1.,0.,-0.));
#1626 = DIRECTION('',(0.,-1.,0.));
#1627 = ADVANCED_FACE('',(#1628),#1644,.T.);
#1628 = FACE_BOUND('',#1629,.T.);
#1629 = EDGE_LOOP('',(#1630,#1631,#1637,#1638));
#1630 = ORIENTED_EDGE('',*,*,#1609,.T.);
#1631 = ORIENTED_EDGE('',*,*,#1632,.T.);
#1632 = EDGE_CURVE('',#1602,#1532,#1633,.T.);
#1633 = LINE('',#1634,#1635);
#1634 = CARTESIAN_POINT('',(0.55000144,-0.47499778,0.499999));
#1635 = VECTOR('',#1636,1.);
#1636 = DIRECTION('',(-1.,0.,0.));
#1637 = ORIENTED_EDGE('',*,*,#1529,.F.);
#1638 = ORIENTED_EDGE('',*,*,#1639,.F.);
#1639 = EDGE_CURVE('',#1610,#1530,#1640,.T.);
#1640 = LINE('',#1641,#1642);
#1641 = CARTESIAN_POINT('',(0.55000144,-0.47499778,0.));
#1642 = VECTOR('',#1643,1.);
#1643 = DIRECTION('',(-1.,0.,0.));
#1644 = PLANE('',#1645);
#1645 = AXIS2_PLACEMENT_3D('',#1646,#1647,#1648);
#1646 = CARTESIAN_POINT('',(0.55000144,-0.47499778,0.));
#1647 = DIRECTION('',(0.,-1.,0.));
#1648 = DIRECTION('',(-1.,0.,0.));
#1649 = ADVANCED_FACE('',(#1650),#1656,.T.);
#1650 = FACE_BOUND('',#1651,.T.);
#1651 = EDGE_LOOP('',(#1652,#1653,#1654,#1655));
#1652 = ORIENTED_EDGE('',*,*,#1555,.T.);
#1653 = ORIENTED_EDGE('',*,*,#1586,.T.);
#1654 = ORIENTED_EDGE('',*,*,#1617,.T.);
#1655 = ORIENTED_EDGE('',*,*,#1639,.T.);
#1656 = PLANE('',#1657);
#1657 = AXIS2_PLACEMENT_3D('',#1658,#1659,#1660);
#1658 = CARTESIAN_POINT('',(1.269999998489E-06,1.269999991408E-06,0.));
#1659 = DIRECTION('',(-0.,-0.,-1.));
#1660 = DIRECTION('',(-1.,0.,0.));
#1661 = ADVANCED_FACE('',(#1662),#1668,.F.);
#1662 = FACE_BOUND('',#1663,.F.);
#1663 = EDGE_LOOP('',(#1664,#1665,#1666,#1667));
#1664 = ORIENTED_EDGE('',*,*,#1539,.T.);
#1665 = ORIENTED_EDGE('',*,*,#1570,.T.);
#1666 = ORIENTED_EDGE('',*,*,#1601,.T.);
#1667 = ORIENTED_EDGE('',*,*,#1632,.T.);
#1668 = PLANE('',#1669);
#1669 = AXIS2_PLACEMENT_3D('',#1670,#1671,#1672);
#1670 = CARTESIAN_POINT('',(1.269999998489E-06,1.269999991408E-06,
    0.499999));
#1671 = DIRECTION('',(-0.,-0.,-1.));
#1672 = DIRECTION('',(-1.,0.,0.));
#1673 = ( GEOMETRIC_REPRESENTATION_CONTEXT(3) 
GLOBAL_UNCERTAINTY_ASSIGNED_CONTEXT((#1677)) 
GLOBAL_UNIT_ASSIGNED_CONTEXT((#1674,#1675,#1676)) REPRESENTATION_CONTEXT
('Context #1','3D Context with UNIT and UNCERTAINTY') );
#1674 = ( LENGTH_UNIT() NAMED_UNIT(*) SI_UNIT(.MILLI.,.METRE.) );
#1675 = ( NAMED_UNIT(*) PLANE_ANGLE_UNIT() SI_UNIT($,.RADIAN.) );
#1676 = ( NAMED_UNIT(*) SI_UNIT($,.STERADIAN.) SOLID_ANGLE_UNIT() );
#1677 = UNCERTAINTY_MEASURE_WITH_UNIT(LENGTH_MEASURE(1.E-07),#1674,
  'distance_accuracy_value','confusion accuracy');
#1678 = SHAPE_DEFINITION_REPRESENTATION(#1679,#1522);
#1679 = PRODUCT_DEFINITION_SHAPE('','',#1680);
#1680 = PRODUCT_DEFINITION('design','',#1681,#1684);
#1681 = PRODUCT_DEFINITION_FORMATION('','',#1682);
#1682 = PRODUCT('Extruded','Extruded','',(#1683));
#1683 = PRODUCT_CONTEXT('',#2,'mechanical');
#1684 = PRODUCT_DEFINITION_CONTEXT('part definition',#2,'design');
#1685 = CONTEXT_DEPENDENT_SHAPE_REPRESENTATION(#1686,#1688);
#1686 = ( REPRESENTATION_RELATIONSHIP('','',#1522,#1512) 
REPRESENTATION_RELATIONSHIP_WITH_TRANSFORMATION(#1687) 
SHAPE_REPRESENTATION_RELATIONSHIP() );
#1687 = ITEM_DEFINED_TRANSFORMATION('','',#11,#1513);
#1688 = PRODUCT_DEFINITION_SHAPE('Placement','Placement of an item',
  #1689);
#1689 = NEXT_ASSEMBLY_USAGE_OCCURRENCE('6','7','',#1507,#1680,$);
#1690 = PRODUCT_RELATED_PRODUCT_CATEGORY('part',$,(#1682));
#1691 = CONTEXT_DEPENDENT_SHAPE_REPRESENTATION(#1692,#1694);
#1692 = ( REPRESENTATION_RELATIONSHIP('','',#1512,#1290) 
REPRESENTATION_RELATIONSHIP_WITH_TRANSFORMATION(#1693) 
SHAPE_REPRESENTATION_RELATIONSHIP() );
#1693 = ITEM_DEFINED_TRANSFORMATION('','',#11,#1299);
#1694 = PRODUCT_DEFINITION_SHAPE('Placement','Placement of an item',
  #1695);
#1695 = NEXT_ASSEMBLY_USAGE_OCCURRENCE('7','','',#1285,#1507,$);
#1696 = PRODUCT_RELATED_PRODUCT_CATEGORY('part',$,(#1509));
#1697 = CONTEXT_DEPENDENT_SHAPE_REPRESENTATION(#1698,#1700);
#1698 = ( REPRESENTATION_RELATIONSHIP('','',#1290,#10) 
REPRESENTATION_RELATIONSHIP_WITH_TRANSFORMATION(#1699) 
SHAPE_REPRESENTATION_RELATIONSHIP() );
#1699 = ITEM_DEFINED_TRANSFORMATION('','',#11,#19);
#1700 = PRODUCT_DEFINITION_SHAPE('Placement','Placement of an item',
  #1701);
#1701 = NEXT_ASSEMBLY_USAGE_OCCURRENCE('8','','',#5,#1285,$);
#1702 = PRODUCT_RELATED_PRODUCT_CATEGORY('part',$,(#1287));
#1703 = SHAPE_DEFINITION_REPRESENTATION(#1704,#1710);
#1704 = PRODUCT_DEFINITION_SHAPE('','',#1705);
#1705 = PRODUCT_DEFINITION('design','',#1706,#1709);
#1706 = PRODUCT_DEFINITION_FORMATION('','',#1707);
#1707 = PRODUCT('R18','R18','',(#1708));
#1708 = PRODUCT_CONTEXT('',#2,'mechanical');
#1709 = PRODUCT_DEFINITION_CONTEXT('part definition',#2,'design');
#1710 = SHAPE_REPRESENTATION('',(#11,#1711,#1715,#1719),#1723);
#1711 = AXIS2_PLACEMENT_3D('',#1712,#1713,#1714);
#1712 = CARTESIAN_POINT('',(-24.06445826851,20.414302202988,
    -0.911478996277));
#1713 = DIRECTION('',(0.,0.,1.));
#1714 = DIRECTION('',(1.,0.,0.));
#1715 = AXIS2_PLACEMENT_3D('',#1716,#1717,#1718);
#1716 = CARTESIAN_POINT('',(-22.66445674263,20.414302202988,
    -0.911478996277));
#1717 = DIRECTION('',(0.,0.,1.));
#1718 = DIRECTION('',(1.,0.,0.));
#1719 = AXIS2_PLACEMENT_3D('',#1720,#1721,#1722);
#1720 = CARTESIAN_POINT('',(-23.36445369087,20.414302202988,
    -0.911478996277));
#1721 = DIRECTION('',(0.,0.,1.));
#1722 = DIRECTION('',(1.,0.,0.));
#1723 = ( GEOMETRIC_REPRESENTATION_CONTEXT(3) 
GLOBAL_UNCERTAINTY_ASSIGNED_CONTEXT((#1727)) 
GLOBAL_UNIT_ASSIGNED_CONTEXT((#1724,#1725,#1726)) REPRESENTATION_CONTEXT
('Context #1','3D Context with UNIT and UNCERTAINTY') );
#1724 = ( LENGTH_UNIT() NAMED_UNIT(*) SI_UNIT(.MILLI.,.METRE.) );
#1725 = ( NAMED_UNIT(*) PLANE_ANGLE_UNIT() SI_UNIT($,.RADIAN.) );
#1726 = ( NAMED_UNIT(*) SI_UNIT($,.STERADIAN.) SOLID_ANGLE_UNIT() );
#1727 = UNCERTAINTY_MEASURE_WITH_UNIT(LENGTH_MEASURE(1.E-07),#1724,
  'distance_accuracy_value','confusion accuracy');
#1728 = CONTEXT_DEPENDENT_SHAPE_REPRESENTATION(#1729,#1731);
#1729 = ( REPRESENTATION_RELATIONSHIP('','',#1315,#1710) 
REPRESENTATION_RELATIONSHIP_WITH_TRANSFORMATION(#1730) 
SHAPE_REPRESENTATION_RELATIONSHIP() );
#1730 = ITEM_DEFINED_TRANSFORMATION('','',#11,#1711);
#1731 = PRODUCT_DEFINITION_SHAPE('Placement','Placement of an item',
  #1732);
#1732 = NEXT_ASSEMBLY_USAGE_OCCURRENCE('9','','',#1705,#1310,$);
#1733 = CONTEXT_DEPENDENT_SHAPE_REPRESENTATION(#1734,#1736);
#1734 = ( REPRESENTATION_RELATIONSHIP('','',#1315,#1710) 
REPRESENTATION_RELATIONSHIP_WITH_TRANSFORMATION(#1735) 
SHAPE_REPRESENTATION_RELATIONSHIP() );
#1735 = ITEM_DEFINED_TRANSFORMATION('','',#11,#1715);
#1736 = PRODUCT_DEFINITION_SHAPE('Placement','Placement of an item',
  #1737);
#1737 = NEXT_ASSEMBLY_USAGE_OCCURRENCE('10','','',#1705,#1310,$);
#1738 = CONTEXT_DEPENDENT_SHAPE_REPRESENTATION(#1739,#1741);
#1739 = ( REPRESENTATION_RELATIONSHIP('','',#1512,#1710) 
REPRESENTATION_RELATIONSHIP_WITH_TRANSFORMATION(#1740) 
SHAPE_REPRESENTATION_RELATIONSHIP() );
#1740 = ITEM_DEFINED_TRANSFORMATION('','',#11,#1719);
#1741 = PRODUCT_DEFINITION_SHAPE('Placement','Placement of an item',
  #1742);
#1742 = NEXT_ASSEMBLY_USAGE_OCCURRENCE('11','','',#1705,#1507,$);
#1743 = CONTEXT_DEPENDENT_SHAPE_REPRESENTATION(#1744,#1746);
#1744 = ( REPRESENTATION_RELATIONSHIP('','',#1710,#10) 
REPRESENTATION_RELATIONSHIP_WITH_TRANSFORMATION(#1745) 
SHAPE_REPRESENTATION_RELATIONSHIP() );
#1745 = ITEM_DEFINED_TRANSFORMATION('','',#11,#23);
#1746 = PRODUCT_DEFINITION_SHAPE('Placement','Placement of an item',
  #1747);
#1747 = NEXT_ASSEMBLY_USAGE_OCCURRENCE('12','','',#5,#1705,$);
#1748 = PRODUCT_RELATED_PRODUCT_CATEGORY('part',$,(#1707));
#1749 = SHAPE_DEFINITION_REPRESENTATION(#1750,#1756);
#1750 = PRODUCT_DEFINITION_SHAPE('','',#1751);
#1751 = PRODUCT_DEFINITION('design','',#1752,#1755);
#1752 = PRODUCT_DEFINITION_FORMATION('','',#1753);
#1753 = PRODUCT('ferrit1','ferrit1','',(#1754));
#1754 = PRODUCT_CONTEXT('',#2,'mechanical');
#1755 = PRODUCT_DEFINITION_CONTEXT('part definition',#2,'design');
#1756 = SHAPE_REPRESENTATION('',(#11,#1757,#1761,#1765),#1769);
#1757 = AXIS2_PLACEMENT_3D('',#1758,#1759,#1760);
#1758 = CARTESIAN_POINT('',(-9.89999904,-10.29998460121,-0.411480009556)
  );
#1759 = DIRECTION('',(0.,1.,1.311341577548E-07));
#1760 = DIRECTION('',(1.,0.,-0.));
#1761 = AXIS2_PLACEMENT_3D('',#1762,#1763,#1764);
#1762 = CARTESIAN_POINT('',(-8.999997514121,-10.29999986,-0.961478888988
    ));
#1763 = DIRECTION('',(0.,0.,1.));
#1764 = DIRECTION('',(1.,0.,0.));
#1765 = AXIS2_PLACEMENT_3D('',#1766,#1767,#1768);
#1766 = CARTESIAN_POINT('',(-10.80000056587,-10.29999986,-0.961478888988
    ));
#1767 = DIRECTION('',(0.,0.,1.));
#1768 = DIRECTION('',(1.,0.,0.));
#1769 = ( GEOMETRIC_REPRESENTATION_CONTEXT(3) 
GLOBAL_UNCERTAINTY_ASSIGNED_CONTEXT((#1773)) 
GLOBAL_UNIT_ASSIGNED_CONTEXT((#1770,#1771,#1772)) REPRESENTATION_CONTEXT
('Context #1','3D Context with UNIT and UNCERTAINTY') );
#1770 = ( LENGTH_UNIT() NAMED_UNIT(*) SI_UNIT(.MILLI.,.METRE.) );
#1771 = ( NAMED_UNIT(*) PLANE_ANGLE_UNIT() SI_UNIT($,.RADIAN.) );
#1772 = ( NAMED_UNIT(*) SI_UNIT($,.STERADIAN.) SOLID_ANGLE_UNIT() );
#1773 = UNCERTAINTY_MEASURE_WITH_UNIT(LENGTH_MEASURE(1.E-07),#1770,
  'distance_accuracy_value','confusion accuracy');
#1774 = SHAPE_REPRESENTATION('',(#11,#1775,#1925,#2339,#2753),#7438);
#1775 = MANIFOLD_SOLID_BREP('',#1776);
#1776 = CLOSED_SHELL('',(#1777,#1817,#1848,#1879,#1901,#1913));
#1777 = ADVANCED_FACE('',(#1778),#1812,.F.);
#1778 = FACE_BOUND('',#1779,.T.);
#1779 = EDGE_LOOP('',(#1780,#1790,#1798,#1806));
#1780 = ORIENTED_EDGE('',*,*,#1781,.T.);
#1781 = EDGE_CURVE('',#1782,#1784,#1786,.T.);
#1782 = VERTEX_POINT('',#1783);
#1783 = CARTESIAN_POINT('',(-1.1,0.7,-0.675));
#1784 = VERTEX_POINT('',#1785);
#1785 = CARTESIAN_POINT('',(-1.1,5.E-02,-0.675));
#1786 = LINE('',#1787,#1788);
#1787 = CARTESIAN_POINT('',(-1.1,0.7,-0.675));
#1788 = VECTOR('',#1789,1.);
#1789 = DIRECTION('',(-0.,-1.,-0.));
#1790 = ORIENTED_EDGE('',*,*,#1791,.T.);
#1791 = EDGE_CURVE('',#1784,#1792,#1794,.T.);
#1792 = VERTEX_POINT('',#1793);
#1793 = CARTESIAN_POINT('',(-1.1,5.E-02,0.675));
#1794 = LINE('',#1795,#1796);
#1795 = CARTESIAN_POINT('',(-1.1,5.E-02,-0.675));
#1796 = VECTOR('',#1797,1.);
#1797 = DIRECTION('',(-0.,-0.,1.));
#1798 = ORIENTED_EDGE('',*,*,#1799,.F.);
#1799 = EDGE_CURVE('',#1800,#1792,#1802,.T.);
#1800 = VERTEX_POINT('',#1801);
#1801 = CARTESIAN_POINT('',(-1.1,0.7,0.675));
#1802 = LINE('',#1803,#1804);
#1803 = CARTESIAN_POINT('',(-1.1,0.7,0.675));
#1804 = VECTOR('',#1805,1.);
#1805 = DIRECTION('',(-0.,-1.,-0.));
#1806 = ORIENTED_EDGE('',*,*,#1807,.F.);
#1807 = EDGE_CURVE('',#1782,#1800,#1808,.T.);
#1808 = LINE('',#1809,#1810);
#1809 = CARTESIAN_POINT('',(-1.1,0.7,-0.675));
#1810 = VECTOR('',#1811,1.);
#1811 = DIRECTION('',(1.606225440719E-16,0.,1.));
#1812 = PLANE('',#1813);
#1813 = AXIS2_PLACEMENT_3D('',#1814,#1815,#1816);
#1814 = CARTESIAN_POINT('',(-1.1,0.7,-0.675));
#1815 = DIRECTION('',(1.,0.,-1.606225440719E-16));
#1816 = DIRECTION('',(-1.606225440719E-16,0.,-1.));
#1817 = ADVANCED_FACE('',(#1818),#1843,.F.);
#1818 = FACE_BOUND('',#1819,.T.);
#1819 = EDGE_LOOP('',(#1820,#1821,#1829,#1837));
#1820 = ORIENTED_EDGE('',*,*,#1799,.T.);
#1821 = ORIENTED_EDGE('',*,*,#1822,.F.);
#1822 = EDGE_CURVE('',#1823,#1792,#1825,.T.);
#1823 = VERTEX_POINT('',#1824);
#1824 = CARTESIAN_POINT('',(1.1,5.E-02,0.675));
#1825 = LINE('',#1826,#1827);
#1826 = CARTESIAN_POINT('',(-1.1,5.E-02,0.675));
#1827 = VECTOR('',#1828,1.);
#1828 = DIRECTION('',(-1.,3.080119808197E-18,-0.));
#1829 = ORIENTED_EDGE('',*,*,#1830,.F.);
#1830 = EDGE_CURVE('',#1831,#1823,#1833,.T.);
#1831 = VERTEX_POINT('',#1832);
#1832 = CARTESIAN_POINT('',(1.1,0.7,0.675));
#1833 = LINE('',#1834,#1835);
#1834 = CARTESIAN_POINT('',(1.1,0.7,0.675));
#1835 = VECTOR('',#1836,1.);
#1836 = DIRECTION('',(-0.,-1.,-0.));
#1837 = ORIENTED_EDGE('',*,*,#1838,.F.);
#1838 = EDGE_CURVE('',#1800,#1831,#1839,.T.);
#1839 = LINE('',#1840,#1841);
#1840 = CARTESIAN_POINT('',(1.1,0.7,0.675));
#1841 = VECTOR('',#1842,1.);
#1842 = DIRECTION('',(1.,-0.,-9.856383386232E-17));
#1843 = PLANE('',#1844);
#1844 = AXIS2_PLACEMENT_3D('',#1845,#1846,#1847);
#1845 = CARTESIAN_POINT('',(1.1,0.7,0.675));
#1846 = DIRECTION('',(-9.856383386232E-17,0.,-1.));
#1847 = DIRECTION('',(-1.,0.,9.856383386232E-17));
#1848 = ADVANCED_FACE('',(#1849),#1874,.F.);
#1849 = FACE_BOUND('',#1850,.T.);
#1850 = EDGE_LOOP('',(#1851,#1852,#1860,#1868));
#1851 = ORIENTED_EDGE('',*,*,#1830,.T.);
#1852 = ORIENTED_EDGE('',*,*,#1853,.F.);
#1853 = EDGE_CURVE('',#1854,#1823,#1856,.T.);
#1854 = VERTEX_POINT('',#1855);
#1855 = CARTESIAN_POINT('',(1.1,5.E-02,-0.675));
#1856 = LINE('',#1857,#1858);
#1857 = CARTESIAN_POINT('',(1.1,5.E-02,-0.675));
#1858 = VECTOR('',#1859,1.);
#1859 = DIRECTION('',(-0.,-0.,1.));
#1860 = ORIENTED_EDGE('',*,*,#1861,.F.);
#1861 = EDGE_CURVE('',#1862,#1854,#1864,.T.);
#1862 = VERTEX_POINT('',#1863);
#1863 = CARTESIAN_POINT('',(1.1,0.7,-0.675));
#1864 = LINE('',#1865,#1866);
#1865 = CARTESIAN_POINT('',(1.1,0.7,-0.675));
#1866 = VECTOR('',#1867,1.);
#1867 = DIRECTION('',(-0.,-1.,-0.));
#1868 = ORIENTED_EDGE('',*,*,#1869,.F.);
#1869 = EDGE_CURVE('',#1831,#1862,#1870,.T.);
#1870 = LINE('',#1871,#1872);
#1871 = CARTESIAN_POINT('',(1.1,0.7,-0.675));
#1872 = VECTOR('',#1873,1.);
#1873 = DIRECTION('',(-3.212450881439E-16,-0.,-1.));
#1874 = PLANE('',#1875);
#1875 = AXIS2_PLACEMENT_3D('',#1876,#1877,#1878);
#1876 = CARTESIAN_POINT('',(1.1,0.7,-0.675));
#1877 = DIRECTION('',(-1.,0.,3.212450881439E-16));
#1878 = DIRECTION('',(3.212450881439E-16,0.,1.));
#1879 = ADVANCED_FACE('',(#1880),#1896,.F.);
#1880 = FACE_BOUND('',#1881,.T.);
#1881 = EDGE_LOOP('',(#1882,#1883,#1889,#1890));
#1882 = ORIENTED_EDGE('',*,*,#1861,.T.);
#1883 = ORIENTED_EDGE('',*,*,#1884,.T.);
#1884 = EDGE_CURVE('',#1854,#1784,#1885,.T.);
#1885 = LINE('',#1886,#1887);
#1886 = CARTESIAN_POINT('',(-1.1,5.E-02,-0.675));
#1887 = VECTOR('',#1888,1.);
#1888 = DIRECTION('',(-1.,3.080119808197E-18,-0.));
#1889 = ORIENTED_EDGE('',*,*,#1781,.F.);
#1890 = ORIENTED_EDGE('',*,*,#1891,.F.);
#1891 = EDGE_CURVE('',#1862,#1782,#1892,.T.);
#1892 = LINE('',#1893,#1894);
#1893 = CARTESIAN_POINT('',(1.1,0.7,-0.675));
#1894 = VECTOR('',#1895,1.);
#1895 = DIRECTION('',(-1.,0.,9.856383386232E-17));
#1896 = PLANE('',#1897);
#1897 = AXIS2_PLACEMENT_3D('',#1898,#1899,#1900);
#1898 = CARTESIAN_POINT('',(1.1,0.7,-0.675));
#1899 = DIRECTION('',(9.856383386232E-17,-0.,1.));
#1900 = DIRECTION('',(1.,0.,-9.856383386232E-17));
#1901 = ADVANCED_FACE('',(#1902),#1908,.F.);
#1902 = FACE_BOUND('',#1903,.T.);
#1903 = EDGE_LOOP('',(#1904,#1905,#1906,#1907));
#1904 = ORIENTED_EDGE('',*,*,#1807,.T.);
#1905 = ORIENTED_EDGE('',*,*,#1838,.T.);
#1906 = ORIENTED_EDGE('',*,*,#1869,.T.);
#1907 = ORIENTED_EDGE('',*,*,#1891,.T.);
#1908 = PLANE('',#1909);
#1909 = AXIS2_PLACEMENT_3D('',#1910,#1911,#1912);
#1910 = CARTESIAN_POINT('',(-1.1,0.7,0.675));
#1911 = DIRECTION('',(0.,-1.,0.));
#1912 = DIRECTION('',(0.,-0.,-1.));
#1913 = ADVANCED_FACE('',(#1914),#1920,.F.);
#1914 = FACE_BOUND('',#1915,.T.);
#1915 = EDGE_LOOP('',(#1916,#1917,#1918,#1919));
#1916 = ORIENTED_EDGE('',*,*,#1822,.T.);
#1917 = ORIENTED_EDGE('',*,*,#1791,.F.);
#1918 = ORIENTED_EDGE('',*,*,#1884,.F.);
#1919 = ORIENTED_EDGE('',*,*,#1853,.T.);
#1920 = PLANE('',#1921);
#1921 = AXIS2_PLACEMENT_3D('',#1922,#1923,#1924);
#1922 = CARTESIAN_POINT('',(-1.1,5.E-02,-0.675));
#1923 = DIRECTION('',(3.080119808197E-18,1.,0.));
#1924 = DIRECTION('',(-1.,3.080119808197E-18,0.));
#1925 = MANIFOLD_SOLID_BREP('',#1926);
#1926 = CLOSED_SHELL('',(#1927,#1967,#2007,#2038,#2069,#2132,#2165,#2221
    ,#2247,#2269,#2281,#2298,#2310,#2327));
#1927 = ADVANCED_FACE('',(#1928),#1962,.F.);
#1928 = FACE_BOUND('',#1929,.T.);
#1929 = EDGE_LOOP('',(#1930,#1940,#1948,#1956));
#1930 = ORIENTED_EDGE('',*,*,#1931,.F.);
#1931 = EDGE_CURVE('',#1932,#1934,#1936,.T.);
#1932 = VERTEX_POINT('',#1933);
#1933 = CARTESIAN_POINT('',(-0.75,5.E-02,-0.675));
#1934 = VERTEX_POINT('',#1935);
#1935 = CARTESIAN_POINT('',(-0.75,5.E-02,0.675));
#1936 = LINE('',#1937,#1938);
#1937 = CARTESIAN_POINT('',(-0.75,5.E-02,-0.675));
#1938 = VECTOR('',#1939,1.);
#1939 = DIRECTION('',(0.,0.,1.));
#1940 = ORIENTED_EDGE('',*,*,#1941,.F.);
#1941 = EDGE_CURVE('',#1942,#1932,#1944,.T.);
#1942 = VERTEX_POINT('',#1943);
#1943 = CARTESIAN_POINT('',(-1.1,5.E-02,-0.675));
#1944 = LINE('',#1945,#1946);
#1945 = CARTESIAN_POINT('',(-1.1,5.E-02,-0.675));
#1946 = VECTOR('',#1947,1.);
#1947 = DIRECTION('',(1.,0.,0.));
#1948 = ORIENTED_EDGE('',*,*,#1949,.F.);
#1949 = EDGE_CURVE('',#1950,#1942,#1952,.T.);
#1950 = VERTEX_POINT('',#1951);
#1951 = CARTESIAN_POINT('',(-1.1,5.E-02,0.675));
#1952 = LINE('',#1953,#1954);
#1953 = CARTESIAN_POINT('',(-1.1,5.E-02,-0.675));
#1954 = VECTOR('',#1955,1.);
#1955 = DIRECTION('',(0.,0.,-1.));
#1956 = ORIENTED_EDGE('',*,*,#1957,.T.);
#1957 = EDGE_CURVE('',#1950,#1934,#1958,.T.);
#1958 = LINE('',#1959,#1960);
#1959 = CARTESIAN_POINT('',(-1.1,5.E-02,0.675));
#1960 = VECTOR('',#1961,1.);
#1961 = DIRECTION('',(1.,0.,0.));
#1962 = PLANE('',#1963);
#1963 = AXIS2_PLACEMENT_3D('',#1964,#1965,#1966);
#1964 = CARTESIAN_POINT('',(-1.1,5.E-02,-0.675));
#1965 = DIRECTION('',(0.,-1.,0.));
#1966 = DIRECTION('',(0.,-0.,-1.));
#1967 = ADVANCED_FACE('',(#1968),#2002,.F.);
#1968 = FACE_BOUND('',#1969,.T.);
#1969 = EDGE_LOOP('',(#1970,#1980,#1988,#1996));
#1970 = ORIENTED_EDGE('',*,*,#1971,.F.);
#1971 = EDGE_CURVE('',#1972,#1974,#1976,.T.);
#1972 = VERTEX_POINT('',#1973);
#1973 = CARTESIAN_POINT('',(-0.75,-4.878909776185E-16,0.675));
#1974 = VERTEX_POINT('',#1975);
#1975 = CARTESIAN_POINT('',(-0.75,0.,-0.675));
#1976 = LINE('',#1977,#1978);
#1977 = CARTESIAN_POINT('',(-0.75,0.,0.675));
#1978 = VECTOR('',#1979,1.);
#1979 = DIRECTION('',(0.,0.,-1.));
#1980 = ORIENTED_EDGE('',*,*,#1981,.F.);
#1981 = EDGE_CURVE('',#1982,#1972,#1984,.T.);
#1982 = VERTEX_POINT('',#1983);
#1983 = CARTESIAN_POINT('',(-1.15,-4.878909776185E-16,0.675));
#1984 = LINE('',#1985,#1986);
#1985 = CARTESIAN_POINT('',(-1.15,-4.878909776185E-16,0.675));
#1986 = VECTOR('',#1987,1.);
#1987 = DIRECTION('',(1.,0.,0.));
#1988 = ORIENTED_EDGE('',*,*,#1989,.F.);
#1989 = EDGE_CURVE('',#1990,#1982,#1992,.T.);
#1990 = VERTEX_POINT('',#1991);
#1991 = CARTESIAN_POINT('',(-1.15,0.,-0.675));
#1992 = LINE('',#1993,#1994);
#1993 = CARTESIAN_POINT('',(-1.15,0.,0.675));
#1994 = VECTOR('',#1995,1.);
#1995 = DIRECTION('',(0.,0.,1.));
#1996 = ORIENTED_EDGE('',*,*,#1997,.T.);
#1997 = EDGE_CURVE('',#1990,#1974,#1998,.T.);
#1998 = LINE('',#1999,#2000);
#1999 = CARTESIAN_POINT('',(-1.15,0.,-0.675));
#2000 = VECTOR('',#2001,1.);
#2001 = DIRECTION('',(1.,0.,0.));
#2002 = PLANE('',#2003);
#2003 = AXIS2_PLACEMENT_3D('',#2004,#2005,#2006);
#2004 = CARTESIAN_POINT('',(-1.15,0.,0.675));
#2005 = DIRECTION('',(0.,1.,0.));
#2006 = DIRECTION('',(0.,-0.,1.));
#2007 = ADVANCED_FACE('',(#2008),#2033,.T.);
#2008 = FACE_BOUND('',#2009,.T.);
#2009 = EDGE_LOOP('',(#2010,#2018,#2019,#2027));
#2010 = ORIENTED_EDGE('',*,*,#2011,.T.);
#2011 = EDGE_CURVE('',#2012,#1950,#2014,.T.);
#2012 = VERTEX_POINT('',#2013);
#2013 = CARTESIAN_POINT('',(-1.1,0.7,0.675));
#2014 = LINE('',#2015,#2016);
#2015 = CARTESIAN_POINT('',(-1.1,0.7,0.675));
#2016 = VECTOR('',#2017,1.);
#2017 = DIRECTION('',(0.,-1.,0.));
#2018 = ORIENTED_EDGE('',*,*,#1949,.T.);
#2019 = ORIENTED_EDGE('',*,*,#2020,.F.);
#2020 = EDGE_CURVE('',#2021,#1942,#2023,.T.);
#2021 = VERTEX_POINT('',#2022);
#2022 = CARTESIAN_POINT('',(-1.1,0.7,-0.675));
#2023 = LINE('',#2024,#2025);
#2024 = CARTESIAN_POINT('',(-1.1,0.7,-0.675));
#2025 = VECTOR('',#2026,1.);
#2026 = DIRECTION('',(0.,-1.,0.));
#2027 = ORIENTED_EDGE('',*,*,#2028,.T.);
#2028 = EDGE_CURVE('',#2021,#2012,#2029,.T.);
#2029 = LINE('',#2030,#2031);
#2030 = CARTESIAN_POINT('',(-1.1,0.7,-0.675));
#2031 = VECTOR('',#2032,1.);
#2032 = DIRECTION('',(0.,0.,1.));
#2033 = PLANE('',#2034);
#2034 = AXIS2_PLACEMENT_3D('',#2035,#2036,#2037);
#2035 = CARTESIAN_POINT('',(-1.1,0.7,-0.675));
#2036 = DIRECTION('',(1.,0.,-0.));
#2037 = DIRECTION('',(-0.,0.,-1.));
#2038 = ADVANCED_FACE('',(#2039),#2064,.T.);
#2039 = FACE_BOUND('',#2040,.T.);
#2040 = EDGE_LOOP('',(#2041,#2049,#2050,#2058));
#2041 = ORIENTED_EDGE('',*,*,#2042,.T.);
#2042 = EDGE_CURVE('',#2043,#1990,#2045,.T.);
#2043 = VERTEX_POINT('',#2044);
#2044 = CARTESIAN_POINT('',(-1.15,0.75,-0.675));
#2045 = LINE('',#2046,#2047);
#2046 = CARTESIAN_POINT('',(-1.15,0.75,-0.675));
#2047 = VECTOR('',#2048,1.);
#2048 = DIRECTION('',(0.,-1.,0.));
#2049 = ORIENTED_EDGE('',*,*,#1989,.T.);
#2050 = ORIENTED_EDGE('',*,*,#2051,.F.);
#2051 = EDGE_CURVE('',#2052,#1982,#2054,.T.);
#2052 = VERTEX_POINT('',#2053);
#2053 = CARTESIAN_POINT('',(-1.15,0.75,0.675));
#2054 = LINE('',#2055,#2056);
#2055 = CARTESIAN_POINT('',(-1.15,0.75,0.675));
#2056 = VECTOR('',#2057,1.);
#2057 = DIRECTION('',(0.,-1.,0.));
#2058 = ORIENTED_EDGE('',*,*,#2059,.T.);
#2059 = EDGE_CURVE('',#2052,#2043,#2060,.T.);
#2060 = LINE('',#2061,#2062);
#2061 = CARTESIAN_POINT('',(-1.15,0.75,0.675));
#2062 = VECTOR('',#2063,1.);
#2063 = DIRECTION('',(0.,0.,-1.));
#2064 = PLANE('',#2065);
#2065 = AXIS2_PLACEMENT_3D('',#2066,#2067,#2068);
#2066 = CARTESIAN_POINT('',(-1.15,0.75,0.675));
#2067 = DIRECTION('',(-1.,0.,-0.));
#2068 = DIRECTION('',(0.,0.,1.));
#2069 = ADVANCED_FACE('',(#2070),#2127,.F.);
#2070 = FACE_BOUND('',#2071,.T.);
#2071 = EDGE_LOOP('',(#2072,#2082,#2090,#2098,#2104,#2105,#2113,#2121));
#2072 = ORIENTED_EDGE('',*,*,#2073,.T.);
#2073 = EDGE_CURVE('',#2074,#2076,#2078,.T.);
#2074 = VERTEX_POINT('',#2075);
#2075 = CARTESIAN_POINT('',(-0.75,0.7,-0.525));
#2076 = VERTEX_POINT('',#2077);
#2077 = CARTESIAN_POINT('',(-0.75,0.7,0.525));
#2078 = LINE('',#2079,#2080);
#2079 = CARTESIAN_POINT('',(-0.75,0.7,-0.675));
#2080 = VECTOR('',#2081,1.);
#2081 = DIRECTION('',(0.,0.,1.));
#2082 = ORIENTED_EDGE('',*,*,#2083,.F.);
#2083 = EDGE_CURVE('',#2084,#2076,#2086,.T.);
#2084 = VERTEX_POINT('',#2085);
#2085 = CARTESIAN_POINT('',(-0.95,0.7,0.525));
#2086 = LINE('',#2087,#2088);
#2087 = CARTESIAN_POINT('',(-0.75,0.7,0.525));
#2088 = VECTOR('',#2089,1.);
#2089 = DIRECTION('',(1.,-5.421010862428E-16,-2.548947057812E-47));
#2090 = ORIENTED_EDGE('',*,*,#2091,.F.);
#2091 = EDGE_CURVE('',#2092,#2084,#2094,.T.);
#2092 = VERTEX_POINT('',#2093);
#2093 = CARTESIAN_POINT('',(-0.95,0.7,0.675));
#2094 = LINE('',#2095,#2096);
#2095 = CARTESIAN_POINT('',(-0.95,0.7,0.675));
#2096 = VECTOR('',#2097,1.);
#2097 = DIRECTION('',(0.,0.,-1.));
#2098 = ORIENTED_EDGE('',*,*,#2099,.F.);
#2099 = EDGE_CURVE('',#2012,#2092,#2100,.T.);
#2100 = LINE('',#2101,#2102);
#2101 = CARTESIAN_POINT('',(-2.475925608611,0.7,0.675));
#2102 = VECTOR('',#2103,1.);
#2103 = DIRECTION('',(1.,-5.421010862428E-16,-0.));
#2104 = ORIENTED_EDGE('',*,*,#2028,.F.);
#2105 = ORIENTED_EDGE('',*,*,#2106,.T.);
#2106 = EDGE_CURVE('',#2021,#2107,#2109,.T.);
#2107 = VERTEX_POINT('',#2108);
#2108 = CARTESIAN_POINT('',(-0.95,0.7,-0.675));
#2109 = LINE('',#2110,#2111);
#2110 = CARTESIAN_POINT('',(-2.475925608611,0.7,-0.675));
#2111 = VECTOR('',#2112,1.);
#2112 = DIRECTION('',(1.,-5.421010862428E-16,-0.));
#2113 = ORIENTED_EDGE('',*,*,#2114,.F.);
#2114 = EDGE_CURVE('',#2115,#2107,#2117,.T.);
#2115 = VERTEX_POINT('',#2116);
#2116 = CARTESIAN_POINT('',(-0.95,0.7,-0.525));
#2117 = LINE('',#2118,#2119);
#2118 = CARTESIAN_POINT('',(-0.95,0.7,-0.675));
#2119 = VECTOR('',#2120,1.);
#2120 = DIRECTION('',(0.,0.,-1.));
#2121 = ORIENTED_EDGE('',*,*,#2122,.F.);
#2122 = EDGE_CURVE('',#2074,#2115,#2123,.T.);
#2123 = LINE('',#2124,#2125);
#2124 = CARTESIAN_POINT('',(-0.75,0.7,-0.525));
#2125 = VECTOR('',#2126,1.);
#2126 = DIRECTION('',(-1.,5.421010862428E-16,2.548947057812E-47));
#2127 = PLANE('',#2128);
#2128 = AXIS2_PLACEMENT_3D('',#2129,#2130,#2131);
#2129 = CARTESIAN_POINT('',(-2.475925608611,0.7,-0.675));
#2130 = DIRECTION('',(5.421010862428E-16,1.,-0.));
#2131 = DIRECTION('',(-1.,5.421010862428E-16,0.));
#2132 = ADVANCED_FACE('',(#2133),#2160,.F.);
#2133 = FACE_BOUND('',#2134,.T.);
#2134 = EDGE_LOOP('',(#2135,#2143,#2149,#2150,#2151,#2152,#2158,#2159));
#2135 = ORIENTED_EDGE('',*,*,#2136,.T.);
#2136 = EDGE_CURVE('',#2043,#2137,#2139,.T.);
#2137 = VERTEX_POINT('',#2138);
#2138 = CARTESIAN_POINT('',(-0.95,0.75,-0.675));
#2139 = LINE('',#2140,#2141);
#2140 = CARTESIAN_POINT('',(-2.475925608611,0.75,-0.675));
#2141 = VECTOR('',#2142,1.);
#2142 = DIRECTION('',(1.,-5.421010862428E-16,-0.));
#2143 = ORIENTED_EDGE('',*,*,#2144,.F.);
#2144 = EDGE_CURVE('',#2107,#2137,#2145,.T.);
#2145 = LINE('',#2146,#2147);
#2146 = CARTESIAN_POINT('',(-0.95,-1.000000000001E-03,-0.675));
#2147 = VECTOR('',#2148,1.);
#2148 = DIRECTION('',(2.710505431214E-16,1.,4.701977403289E-32));
#2149 = ORIENTED_EDGE('',*,*,#2106,.F.);
#2150 = ORIENTED_EDGE('',*,*,#2020,.T.);
#2151 = ORIENTED_EDGE('',*,*,#1941,.T.);
#2152 = ORIENTED_EDGE('',*,*,#2153,.F.);
#2153 = EDGE_CURVE('',#1974,#1932,#2154,.T.);
#2154 = LINE('',#2155,#2156);
#2155 = CARTESIAN_POINT('',(-0.75,0.375,-0.675));
#2156 = VECTOR('',#2157,1.);
#2157 = DIRECTION('',(0.,1.,0.));
#2158 = ORIENTED_EDGE('',*,*,#1997,.F.);
#2159 = ORIENTED_EDGE('',*,*,#2042,.F.);
#2160 = PLANE('',#2161);
#2161 = AXIS2_PLACEMENT_3D('',#2162,#2163,#2164);
#2162 = CARTESIAN_POINT('',(-2.475925608611,0.75,-0.675));
#2163 = DIRECTION('',(0.,0.,1.));
#2164 = DIRECTION('',(1.,0.,-0.));
#2165 = ADVANCED_FACE('',(#2166),#2216,.F.);
#2166 = FACE_BOUND('',#2167,.T.);
#2167 = EDGE_LOOP('',(#2168,#2178,#2186,#2194,#2202,#2208,#2209,#2210));
#2168 = ORIENTED_EDGE('',*,*,#2169,.F.);
#2169 = EDGE_CURVE('',#2170,#2172,#2174,.T.);
#2170 = VERTEX_POINT('',#2171);
#2171 = CARTESIAN_POINT('',(-0.95,0.75,0.525));
#2172 = VERTEX_POINT('',#2173);
#2173 = CARTESIAN_POINT('',(-0.95,0.75,0.675));
#2174 = LINE('',#2175,#2176);
#2175 = CARTESIAN_POINT('',(-0.95,0.75,0.675));
#2176 = VECTOR('',#2177,1.);
#2177 = DIRECTION('',(-0.,-0.,1.));
#2178 = ORIENTED_EDGE('',*,*,#2179,.F.);
#2179 = EDGE_CURVE('',#2180,#2170,#2182,.T.);
#2180 = VERTEX_POINT('',#2181);
#2181 = CARTESIAN_POINT('',(-0.75,0.75,0.525));
#2182 = LINE('',#2183,#2184);
#2183 = CARTESIAN_POINT('',(-0.75,0.75,0.525));
#2184 = VECTOR('',#2185,1.);
#2185 = DIRECTION('',(-1.,0.,0.));
#2186 = ORIENTED_EDGE('',*,*,#2187,.T.);
#2187 = EDGE_CURVE('',#2180,#2188,#2190,.T.);
#2188 = VERTEX_POINT('',#2189);
#2189 = CARTESIAN_POINT('',(-0.75,0.75,-0.525));
#2190 = LINE('',#2191,#2192);
#2191 = CARTESIAN_POINT('',(-0.75,0.75,0.675));
#2192 = VECTOR('',#2193,1.);
#2193 = DIRECTION('',(0.,0.,-1.));
#2194 = ORIENTED_EDGE('',*,*,#2195,.F.);
#2195 = EDGE_CURVE('',#2196,#2188,#2198,.T.);
#2196 = VERTEX_POINT('',#2197);
#2197 = CARTESIAN_POINT('',(-0.95,0.75,-0.525));
#2198 = LINE('',#2199,#2200);
#2199 = CARTESIAN_POINT('',(-0.75,0.75,-0.525));
#2200 = VECTOR('',#2201,1.);
#2201 = DIRECTION('',(1.,-0.,-0.));
#2202 = ORIENTED_EDGE('',*,*,#2203,.F.);
#2203 = EDGE_CURVE('',#2137,#2196,#2204,.T.);
#2204 = LINE('',#2205,#2206);
#2205 = CARTESIAN_POINT('',(-0.95,0.75,-0.675));
#2206 = VECTOR('',#2207,1.);
#2207 = DIRECTION('',(0.,0.,1.));
#2208 = ORIENTED_EDGE('',*,*,#2136,.F.);
#2209 = ORIENTED_EDGE('',*,*,#2059,.F.);
#2210 = ORIENTED_EDGE('',*,*,#2211,.T.);
#2211 = EDGE_CURVE('',#2052,#2172,#2212,.T.);
#2212 = LINE('',#2213,#2214);
#2213 = CARTESIAN_POINT('',(-2.475925608611,0.75,0.675));
#2214 = VECTOR('',#2215,1.);
#2215 = DIRECTION('',(1.,-5.421010862428E-16,-0.));
#2216 = PLANE('',#2217);
#2217 = AXIS2_PLACEMENT_3D('',#2218,#2219,#2220);
#2218 = CARTESIAN_POINT('',(-2.475925608611,0.75,0.675));
#2219 = DIRECTION('',(-5.421010862428E-16,-1.,0.));
#2220 = DIRECTION('',(1.,-5.421010862428E-16,0.));
#2221 = ADVANCED_FACE('',(#2222),#2242,.F.);
#2222 = FACE_BOUND('',#2223,.T.);
#2223 = EDGE_LOOP('',(#2224,#2225,#2231,#2232,#2233,#2234,#2240,#2241));
#2224 = ORIENTED_EDGE('',*,*,#2099,.T.);
#2225 = ORIENTED_EDGE('',*,*,#2226,.T.);
#2226 = EDGE_CURVE('',#2092,#2172,#2227,.T.);
#2227 = LINE('',#2228,#2229);
#2228 = CARTESIAN_POINT('',(-0.95,-1.000000000001E-03,0.675));
#2229 = VECTOR('',#2230,1.);
#2230 = DIRECTION('',(2.710505431214E-16,1.,4.701977403289E-32));
#2231 = ORIENTED_EDGE('',*,*,#2211,.F.);
#2232 = ORIENTED_EDGE('',*,*,#2051,.T.);
#2233 = ORIENTED_EDGE('',*,*,#1981,.T.);
#2234 = ORIENTED_EDGE('',*,*,#2235,.F.);
#2235 = EDGE_CURVE('',#1934,#1972,#2236,.T.);
#2236 = LINE('',#2237,#2238);
#2237 = CARTESIAN_POINT('',(-0.75,0.375,0.675));
#2238 = VECTOR('',#2239,1.);
#2239 = DIRECTION('',(0.,-1.,-2.168404344971E-15));
#2240 = ORIENTED_EDGE('',*,*,#1957,.F.);
#2241 = ORIENTED_EDGE('',*,*,#2011,.F.);
#2242 = PLANE('',#2243);
#2243 = AXIS2_PLACEMENT_3D('',#2244,#2245,#2246);
#2244 = CARTESIAN_POINT('',(-2.475925608611,0.7,0.675));
#2245 = DIRECTION('',(-1.175494350822E-30,-2.168404344971E-15,-1.));
#2246 = DIRECTION('',(0.,1.,-2.168404344971E-15));
#2247 = ADVANCED_FACE('',(#2248),#2264,.F.);
#2248 = FACE_BOUND('',#2249,.T.);
#2249 = EDGE_LOOP('',(#2250,#2251,#2257,#2258));
#2250 = ORIENTED_EDGE('',*,*,#2187,.F.);
#2251 = ORIENTED_EDGE('',*,*,#2252,.F.);
#2252 = EDGE_CURVE('',#2076,#2180,#2253,.T.);
#2253 = LINE('',#2254,#2255);
#2254 = CARTESIAN_POINT('',(-0.75,-1.000000000001E-03,0.525));
#2255 = VECTOR('',#2256,1.);
#2256 = DIRECTION('',(2.710505431214E-16,1.,4.701977403289E-32));
#2257 = ORIENTED_EDGE('',*,*,#2073,.F.);
#2258 = ORIENTED_EDGE('',*,*,#2259,.T.);
#2259 = EDGE_CURVE('',#2074,#2188,#2260,.T.);
#2260 = LINE('',#2261,#2262);
#2261 = CARTESIAN_POINT('',(-0.75,-1.000000000001E-03,-0.525));
#2262 = VECTOR('',#2263,1.);
#2263 = DIRECTION('',(2.710505431214E-16,1.,4.701977403289E-32));
#2264 = PLANE('',#2265);
#2265 = AXIS2_PLACEMENT_3D('',#2266,#2267,#2268);
#2266 = CARTESIAN_POINT('',(-0.75,0.75,0.675));
#2267 = DIRECTION('',(-1.,0.,0.));
#2268 = DIRECTION('',(0.,0.,1.));
#2269 = ADVANCED_FACE('',(#2270),#2276,.T.);
#2270 = FACE_BOUND('',#2271,.T.);
#2271 = EDGE_LOOP('',(#2272,#2273,#2274,#2275));
#2272 = ORIENTED_EDGE('',*,*,#2235,.T.);
#2273 = ORIENTED_EDGE('',*,*,#1971,.T.);
#2274 = ORIENTED_EDGE('',*,*,#2153,.T.);
#2275 = ORIENTED_EDGE('',*,*,#1931,.T.);
#2276 = PLANE('',#2277);
#2277 = AXIS2_PLACEMENT_3D('',#2278,#2279,#2280);
#2278 = CARTESIAN_POINT('',(-0.75,2.5E-02,1.084202172486E-16));
#2279 = DIRECTION('',(1.,0.,0.));
#2280 = DIRECTION('',(0.,0.,-1.));
#2281 = ADVANCED_FACE('',(#2282),#2293,.F.);
#2282 = FACE_BOUND('',#2283,.T.);
#2283 = EDGE_LOOP('',(#2284,#2285,#2286,#2287));
#2284 = ORIENTED_EDGE('',*,*,#2114,.T.);
#2285 = ORIENTED_EDGE('',*,*,#2144,.T.);
#2286 = ORIENTED_EDGE('',*,*,#2203,.T.);
#2287 = ORIENTED_EDGE('',*,*,#2288,.F.);
#2288 = EDGE_CURVE('',#2115,#2196,#2289,.T.);
#2289 = LINE('',#2290,#2291);
#2290 = CARTESIAN_POINT('',(-0.95,-1.000000000001E-03,-0.525));
#2291 = VECTOR('',#2292,1.);
#2292 = DIRECTION('',(2.710505431214E-16,1.,4.701977403289E-32));
#2293 = PLANE('',#2294);
#2294 = AXIS2_PLACEMENT_3D('',#2295,#2296,#2297);
#2295 = CARTESIAN_POINT('',(-0.95,-1.000000000001E-03,-0.675));
#2296 = DIRECTION('',(-1.,2.710505431214E-16,0.));
#2297 = DIRECTION('',(-2.710505431214E-16,-1.,0.));
#2298 = ADVANCED_FACE('',(#2299),#2305,.F.);
#2299 = FACE_BOUND('',#2300,.T.);
#2300 = EDGE_LOOP('',(#2301,#2302,#2303,#2304));
#2301 = ORIENTED_EDGE('',*,*,#2122,.T.);
#2302 = ORIENTED_EDGE('',*,*,#2288,.T.);
#2303 = ORIENTED_EDGE('',*,*,#2195,.T.);
#2304 = ORIENTED_EDGE('',*,*,#2259,.F.);
#2305 = PLANE('',#2306);
#2306 = AXIS2_PLACEMENT_3D('',#2307,#2308,#2309);
#2307 = CARTESIAN_POINT('',(-0.75,-1.000000000001E-03,-0.525));
#2308 = DIRECTION('',(0.,-4.701977403289E-32,1.));
#2309 = DIRECTION('',(0.,-1.,-4.701977403289E-32));
#2310 = ADVANCED_FACE('',(#2311),#2322,.F.);
#2311 = FACE_BOUND('',#2312,.T.);
#2312 = EDGE_LOOP('',(#2313,#2314,#2315,#2316));
#2313 = ORIENTED_EDGE('',*,*,#2083,.T.);
#2314 = ORIENTED_EDGE('',*,*,#2252,.T.);
#2315 = ORIENTED_EDGE('',*,*,#2179,.T.);
#2316 = ORIENTED_EDGE('',*,*,#2317,.F.);
#2317 = EDGE_CURVE('',#2084,#2170,#2318,.T.);
#2318 = LINE('',#2319,#2320);
#2319 = CARTESIAN_POINT('',(-0.95,-1.000000000001E-03,0.525));
#2320 = VECTOR('',#2321,1.);
#2321 = DIRECTION('',(2.710505431214E-16,1.,4.701977403289E-32));
#2322 = PLANE('',#2323);
#2323 = AXIS2_PLACEMENT_3D('',#2324,#2325,#2326);
#2324 = CARTESIAN_POINT('',(-0.75,-1.000000000001E-03,0.525));
#2325 = DIRECTION('',(0.,4.701977403289E-32,-1.));
#2326 = DIRECTION('',(0.,1.,4.701977403289E-32));
#2327 = ADVANCED_FACE('',(#2328),#2334,.F.);
#2328 = FACE_BOUND('',#2329,.T.);
#2329 = EDGE_LOOP('',(#2330,#2331,#2332,#2333));
#2330 = ORIENTED_EDGE('',*,*,#2091,.T.);
#2331 = ORIENTED_EDGE('',*,*,#2317,.T.);
#2332 = ORIENTED_EDGE('',*,*,#2169,.T.);
#2333 = ORIENTED_EDGE('',*,*,#2226,.F.);
#2334 = PLANE('',#2335);
#2335 = AXIS2_PLACEMENT_3D('',#2336,#2337,#2338);
#2336 = CARTESIAN_POINT('',(-0.95,-1.000000000001E-03,0.675));
#2337 = DIRECTION('',(-1.,2.710505431214E-16,0.));
#2338 = DIRECTION('',(-2.710505431214E-16,-1.,0.));
#2339 = MANIFOLD_SOLID_BREP('',#2340);
#2340 = CLOSED_SHELL('',(#2341,#2381,#2421,#2452,#2483,#2546,#2579,#2635
    ,#2661,#2683,#2695,#2712,#2724,#2741));
#2341 = ADVANCED_FACE('',(#2342),#2376,.F.);
#2342 = FACE_BOUND('',#2343,.T.);
#2343 = EDGE_LOOP('',(#2344,#2354,#2362,#2370));
#2344 = ORIENTED_EDGE('',*,*,#2345,.T.);
#2345 = EDGE_CURVE('',#2346,#2348,#2350,.T.);
#2346 = VERTEX_POINT('',#2347);
#2347 = CARTESIAN_POINT('',(0.75,5.E-02,-0.675));
#2348 = VERTEX_POINT('',#2349);
#2349 = CARTESIAN_POINT('',(0.75,5.E-02,0.675));
#2350 = LINE('',#2351,#2352);
#2351 = CARTESIAN_POINT('',(0.75,5.E-02,-0.675));
#2352 = VECTOR('',#2353,1.);
#2353 = DIRECTION('',(2.282530889443E-16,0.,1.));
#2354 = ORIENTED_EDGE('',*,*,#2355,.F.);
#2355 = EDGE_CURVE('',#2356,#2348,#2358,.T.);
#2356 = VERTEX_POINT('',#2357);
#2357 = CARTESIAN_POINT('',(1.1,5.E-02,0.675));
#2358 = LINE('',#2359,#2360);
#2359 = CARTESIAN_POINT('',(1.1,5.E-02,0.675));
#2360 = VECTOR('',#2361,1.);
#2361 = DIRECTION('',(-1.,0.,2.282530889443E-16));
#2362 = ORIENTED_EDGE('',*,*,#2363,.T.);
#2363 = EDGE_CURVE('',#2356,#2364,#2366,.T.);
#2364 = VERTEX_POINT('',#2365);
#2365 = CARTESIAN_POINT('',(1.1,5.E-02,-0.675));
#2366 = LINE('',#2367,#2368);
#2367 = CARTESIAN_POINT('',(1.1,5.E-02,-0.675));
#2368 = VECTOR('',#2369,1.);
#2369 = DIRECTION('',(-2.282530889443E-16,0.,-1.));
#2370 = ORIENTED_EDGE('',*,*,#2371,.T.);
#2371 = EDGE_CURVE('',#2364,#2346,#2372,.T.);
#2372 = LINE('',#2373,#2374);
#2373 = CARTESIAN_POINT('',(1.1,5.E-02,-0.675));
#2374 = VECTOR('',#2375,1.);
#2375 = DIRECTION('',(-1.,0.,2.282530889443E-16));
#2376 = PLANE('',#2377);
#2377 = AXIS2_PLACEMENT_3D('',#2378,#2379,#2380);
#2378 = CARTESIAN_POINT('',(1.1,5.E-02,-0.675));
#2379 = DIRECTION('',(0.,-1.,-0.));
#2380 = DIRECTION('',(-2.282530889443E-16,0.,-1.));
#2381 = ADVANCED_FACE('',(#2382),#2416,.F.);
#2382 = FACE_BOUND('',#2383,.T.);
#2383 = EDGE_LOOP('',(#2384,#2394,#2402,#2410));
#2384 = ORIENTED_EDGE('',*,*,#2385,.T.);
#2385 = EDGE_CURVE('',#2386,#2388,#2390,.T.);
#2386 = VERTEX_POINT('',#2387);
#2387 = CARTESIAN_POINT('',(0.75,-4.878909776185E-16,0.675));
#2388 = VERTEX_POINT('',#2389);
#2389 = CARTESIAN_POINT('',(0.75,0.,-0.675));
#2390 = LINE('',#2391,#2392);
#2391 = CARTESIAN_POINT('',(0.75,0.,0.675));
#2392 = VECTOR('',#2393,1.);
#2393 = DIRECTION('',(-2.282530889443E-16,0.,-1.));
#2394 = ORIENTED_EDGE('',*,*,#2395,.F.);
#2395 = EDGE_CURVE('',#2396,#2388,#2398,.T.);
#2396 = VERTEX_POINT('',#2397);
#2397 = CARTESIAN_POINT('',(1.15,0.,-0.675));
#2398 = LINE('',#2399,#2400);
#2399 = CARTESIAN_POINT('',(1.15,0.,-0.675));
#2400 = VECTOR('',#2401,1.);
#2401 = DIRECTION('',(-1.,0.,2.282530889443E-16));
#2402 = ORIENTED_EDGE('',*,*,#2403,.T.);
#2403 = EDGE_CURVE('',#2396,#2404,#2406,.T.);
#2404 = VERTEX_POINT('',#2405);
#2405 = CARTESIAN_POINT('',(1.15,-4.878909776185E-16,0.675));
#2406 = LINE('',#2407,#2408);
#2407 = CARTESIAN_POINT('',(1.15,0.,0.675));
#2408 = VECTOR('',#2409,1.);
#2409 = DIRECTION('',(2.282530889443E-16,0.,1.));
#2410 = ORIENTED_EDGE('',*,*,#2411,.T.);
#2411 = EDGE_CURVE('',#2404,#2386,#2412,.T.);
#2412 = LINE('',#2413,#2414);
#2413 = CARTESIAN_POINT('',(1.15,-4.878909776185E-16,0.675));
#2414 = VECTOR('',#2415,1.);
#2415 = DIRECTION('',(-1.,0.,2.282530889443E-16));
#2416 = PLANE('',#2417);
#2417 = AXIS2_PLACEMENT_3D('',#2418,#2419,#2420);
#2418 = CARTESIAN_POINT('',(1.15,0.,0.675));
#2419 = DIRECTION('',(-0.,1.,0.));
#2420 = DIRECTION('',(2.282530889443E-16,0.,1.));
#2421 = ADVANCED_FACE('',(#2422),#2447,.T.);
#2422 = FACE_BOUND('',#2423,.T.);
#2423 = EDGE_LOOP('',(#2424,#2432,#2440,#2446));
#2424 = ORIENTED_EDGE('',*,*,#2425,.F.);
#2425 = EDGE_CURVE('',#2426,#2356,#2428,.T.);
#2426 = VERTEX_POINT('',#2427);
#2427 = CARTESIAN_POINT('',(1.1,0.7,0.675));
#2428 = LINE('',#2429,#2430);
#2429 = CARTESIAN_POINT('',(1.1,0.7,0.675));
#2430 = VECTOR('',#2431,1.);
#2431 = DIRECTION('',(0.,-1.,0.));
#2432 = ORIENTED_EDGE('',*,*,#2433,.F.);
#2433 = EDGE_CURVE('',#2434,#2426,#2436,.T.);
#2434 = VERTEX_POINT('',#2435);
#2435 = CARTESIAN_POINT('',(1.1,0.7,-0.675));
#2436 = LINE('',#2437,#2438);
#2437 = CARTESIAN_POINT('',(1.1,0.7,-0.675));
#2438 = VECTOR('',#2439,1.);
#2439 = DIRECTION('',(2.282530889443E-16,0.,1.));
#2440 = ORIENTED_EDGE('',*,*,#2441,.T.);
#2441 = EDGE_CURVE('',#2434,#2364,#2442,.T.);
#2442 = LINE('',#2443,#2444);
#2443 = CARTESIAN_POINT('',(1.1,0.7,-0.675));
#2444 = VECTOR('',#2445,1.);
#2445 = DIRECTION('',(0.,-1.,0.));
#2446 = ORIENTED_EDGE('',*,*,#2363,.F.);
#2447 = PLANE('',#2448);
#2448 = AXIS2_PLACEMENT_3D('',#2449,#2450,#2451);
#2449 = CARTESIAN_POINT('',(1.1,0.7,-0.675));
#2450 = DIRECTION('',(-1.,0.,2.282530889443E-16));
#2451 = DIRECTION('',(-2.282530889443E-16,0.,-1.));
#2452 = ADVANCED_FACE('',(#2453),#2478,.T.);
#2453 = FACE_BOUND('',#2454,.T.);
#2454 = EDGE_LOOP('',(#2455,#2463,#2471,#2477));
#2455 = ORIENTED_EDGE('',*,*,#2456,.F.);
#2456 = EDGE_CURVE('',#2457,#2396,#2459,.T.);
#2457 = VERTEX_POINT('',#2458);
#2458 = CARTESIAN_POINT('',(1.15,0.75,-0.675));
#2459 = LINE('',#2460,#2461);
#2460 = CARTESIAN_POINT('',(1.15,0.75,-0.675));
#2461 = VECTOR('',#2462,1.);
#2462 = DIRECTION('',(0.,-1.,0.));
#2463 = ORIENTED_EDGE('',*,*,#2464,.F.);
#2464 = EDGE_CURVE('',#2465,#2457,#2467,.T.);
#2465 = VERTEX_POINT('',#2466);
#2466 = CARTESIAN_POINT('',(1.15,0.75,0.675));
#2467 = LINE('',#2468,#2469);
#2468 = CARTESIAN_POINT('',(1.15,0.75,0.675));
#2469 = VECTOR('',#2470,1.);
#2470 = DIRECTION('',(-2.282530889443E-16,0.,-1.));
#2471 = ORIENTED_EDGE('',*,*,#2472,.T.);
#2472 = EDGE_CURVE('',#2465,#2404,#2473,.T.);
#2473 = LINE('',#2474,#2475);
#2474 = CARTESIAN_POINT('',(1.15,0.75,0.675));
#2475 = VECTOR('',#2476,1.);
#2476 = DIRECTION('',(0.,-1.,0.));
#2477 = ORIENTED_EDGE('',*,*,#2403,.F.);
#2478 = PLANE('',#2479);
#2479 = AXIS2_PLACEMENT_3D('',#2480,#2481,#2482);
#2480 = CARTESIAN_POINT('',(1.15,0.75,0.675));
#2481 = DIRECTION('',(1.,0.,-2.282530889443E-16));
#2482 = DIRECTION('',(2.282530889443E-16,0.,1.));
#2483 = ADVANCED_FACE('',(#2484),#2541,.F.);
#2484 = FACE_BOUND('',#2485,.T.);
#2485 = EDGE_LOOP('',(#2486,#2496,#2504,#2512,#2518,#2519,#2527,#2535));
#2486 = ORIENTED_EDGE('',*,*,#2487,.F.);
#2487 = EDGE_CURVE('',#2488,#2490,#2492,.T.);
#2488 = VERTEX_POINT('',#2489);
#2489 = CARTESIAN_POINT('',(0.75,0.7,-0.525));
#2490 = VERTEX_POINT('',#2491);
#2491 = CARTESIAN_POINT('',(0.75,0.7,0.525));
#2492 = LINE('',#2493,#2494);
#2493 = CARTESIAN_POINT('',(0.75,0.7,-0.675));
#2494 = VECTOR('',#2495,1.);
#2495 = DIRECTION('',(2.282530889443E-16,0.,1.));
#2496 = ORIENTED_EDGE('',*,*,#2497,.F.);
#2497 = EDGE_CURVE('',#2498,#2488,#2500,.T.);
#2498 = VERTEX_POINT('',#2499);
#2499 = CARTESIAN_POINT('',(0.95,0.7,-0.525));
#2500 = LINE('',#2501,#2502);
#2501 = CARTESIAN_POINT('',(0.75,0.7,-0.525));
#2502 = VECTOR('',#2503,1.);
#2503 = DIRECTION('',(-1.,-5.421010862428E-16,-2.548947057812E-47));
#2504 = ORIENTED_EDGE('',*,*,#2505,.F.);
#2505 = EDGE_CURVE('',#2506,#2498,#2508,.T.);
#2506 = VERTEX_POINT('',#2507);
#2507 = CARTESIAN_POINT('',(0.95,0.7,-0.675));
#2508 = LINE('',#2509,#2510);
#2509 = CARTESIAN_POINT('',(0.95,0.7,-0.675));
#2510 = VECTOR('',#2511,1.);
#2511 = DIRECTION('',(-3.353877707647E-47,-1.23736247455E-31,1.));
#2512 = ORIENTED_EDGE('',*,*,#2513,.F.);
#2513 = EDGE_CURVE('',#2434,#2506,#2514,.T.);
#2514 = LINE('',#2515,#2516);
#2515 = CARTESIAN_POINT('',(2.475925608611,0.7,-0.675));
#2516 = VECTOR('',#2517,1.);
#2517 = DIRECTION('',(-1.,-5.421010862428E-16,2.282530889443E-16));
#2518 = ORIENTED_EDGE('',*,*,#2433,.T.);
#2519 = ORIENTED_EDGE('',*,*,#2520,.T.);
#2520 = EDGE_CURVE('',#2426,#2521,#2523,.T.);
#2521 = VERTEX_POINT('',#2522);
#2522 = CARTESIAN_POINT('',(0.95,0.7,0.675));
#2523 = LINE('',#2524,#2525);
#2524 = CARTESIAN_POINT('',(2.475925608611,0.7,0.675));
#2525 = VECTOR('',#2526,1.);
#2526 = DIRECTION('',(-1.,-5.421010862428E-16,2.282530889443E-16));
#2527 = ORIENTED_EDGE('',*,*,#2528,.F.);
#2528 = EDGE_CURVE('',#2529,#2521,#2531,.T.);
#2529 = VERTEX_POINT('',#2530);
#2530 = CARTESIAN_POINT('',(0.95,0.7,0.525));
#2531 = LINE('',#2532,#2533);
#2532 = CARTESIAN_POINT('',(0.95,0.7,0.675));
#2533 = VECTOR('',#2534,1.);
#2534 = DIRECTION('',(-3.353877707647E-47,-1.23736247455E-31,1.));
#2535 = ORIENTED_EDGE('',*,*,#2536,.F.);
#2536 = EDGE_CURVE('',#2490,#2529,#2537,.T.);
#2537 = LINE('',#2538,#2539);
#2538 = CARTESIAN_POINT('',(0.75,0.7,0.525));
#2539 = VECTOR('',#2540,1.);
#2540 = DIRECTION('',(1.,5.421010862428E-16,2.548947057812E-47));
#2541 = PLANE('',#2542);
#2542 = AXIS2_PLACEMENT_3D('',#2543,#2544,#2545);
#2543 = CARTESIAN_POINT('',(2.475925608611,0.7,-0.675));
#2544 = DIRECTION('',(-5.421010862428E-16,1.,1.23736247455E-31));
#2545 = DIRECTION('',(1.,5.421010862428E-16,-2.282530889443E-16));
#2546 = ADVANCED_FACE('',(#2547),#2574,.F.);
#2547 = FACE_BOUND('',#2548,.T.);
#2548 = EDGE_LOOP('',(#2549,#2550,#2558,#2564,#2565,#2566,#2572,#2573));
#2549 = ORIENTED_EDGE('',*,*,#2513,.T.);
#2550 = ORIENTED_EDGE('',*,*,#2551,.T.);
#2551 = EDGE_CURVE('',#2506,#2552,#2554,.T.);
#2552 = VERTEX_POINT('',#2553);
#2553 = CARTESIAN_POINT('',(0.95,0.75,-0.675));
#2554 = LINE('',#2555,#2556);
#2555 = CARTESIAN_POINT('',(0.95,-1.000000000001E-03,-0.675));
#2556 = VECTOR('',#2557,1.);
#2557 = DIRECTION('',(2.710505431214E-16,1.,4.701977403289E-32));
#2558 = ORIENTED_EDGE('',*,*,#2559,.F.);
#2559 = EDGE_CURVE('',#2457,#2552,#2560,.T.);
#2560 = LINE('',#2561,#2562);
#2561 = CARTESIAN_POINT('',(2.475925608611,0.75,-0.675));
#2562 = VECTOR('',#2563,1.);
#2563 = DIRECTION('',(-1.,-5.421010862428E-16,2.282530889443E-16));
#2564 = ORIENTED_EDGE('',*,*,#2456,.T.);
#2565 = ORIENTED_EDGE('',*,*,#2395,.T.);
#2566 = ORIENTED_EDGE('',*,*,#2567,.T.);
#2567 = EDGE_CURVE('',#2388,#2346,#2568,.T.);
#2568 = LINE('',#2569,#2570);
#2569 = CARTESIAN_POINT('',(0.75,0.375,-0.675));
#2570 = VECTOR('',#2571,1.);
#2571 = DIRECTION('',(0.,1.,0.));
#2572 = ORIENTED_EDGE('',*,*,#2371,.F.);
#2573 = ORIENTED_EDGE('',*,*,#2441,.F.);
#2574 = PLANE('',#2575);
#2575 = AXIS2_PLACEMENT_3D('',#2576,#2577,#2578);
#2576 = CARTESIAN_POINT('',(2.475925608611,0.75,-0.675));
#2577 = DIRECTION('',(2.282530889443E-16,0.,1.));
#2578 = DIRECTION('',(-1.,0.,2.282530889443E-16));
#2579 = ADVANCED_FACE('',(#2580),#2630,.F.);
#2580 = FACE_BOUND('',#2581,.T.);
#2581 = EDGE_LOOP('',(#2582,#2590,#2598,#2606,#2614,#2622,#2628,#2629));
#2582 = ORIENTED_EDGE('',*,*,#2583,.F.);
#2583 = EDGE_CURVE('',#2584,#2552,#2586,.T.);
#2584 = VERTEX_POINT('',#2585);
#2585 = CARTESIAN_POINT('',(0.95,0.75,-0.525));
#2586 = LINE('',#2587,#2588);
#2587 = CARTESIAN_POINT('',(0.95,0.75,-0.675));
#2588 = VECTOR('',#2589,1.);
#2589 = DIRECTION('',(-0.,-0.,-1.));
#2590 = ORIENTED_EDGE('',*,*,#2591,.F.);
#2591 = EDGE_CURVE('',#2592,#2584,#2594,.T.);
#2592 = VERTEX_POINT('',#2593);
#2593 = CARTESIAN_POINT('',(0.75,0.75,-0.525));
#2594 = LINE('',#2595,#2596);
#2595 = CARTESIAN_POINT('',(0.75,0.75,-0.525));
#2596 = VECTOR('',#2597,1.);
#2597 = DIRECTION('',(1.,0.,0.));
#2598 = ORIENTED_EDGE('',*,*,#2599,.F.);
#2599 = EDGE_CURVE('',#2600,#2592,#2602,.T.);
#2600 = VERTEX_POINT('',#2601);
#2601 = CARTESIAN_POINT('',(0.75,0.75,0.525));
#2602 = LINE('',#2603,#2604);
#2603 = CARTESIAN_POINT('',(0.75,0.75,0.675));
#2604 = VECTOR('',#2605,1.);
#2605 = DIRECTION('',(-2.282530889443E-16,0.,-1.));
#2606 = ORIENTED_EDGE('',*,*,#2607,.F.);
#2607 = EDGE_CURVE('',#2608,#2600,#2610,.T.);
#2608 = VERTEX_POINT('',#2609);
#2609 = CARTESIAN_POINT('',(0.95,0.75,0.525));
#2610 = LINE('',#2611,#2612);
#2611 = CARTESIAN_POINT('',(0.75,0.75,0.525));
#2612 = VECTOR('',#2613,1.);
#2613 = DIRECTION('',(-1.,-0.,-0.));
#2614 = ORIENTED_EDGE('',*,*,#2615,.F.);
#2615 = EDGE_CURVE('',#2616,#2608,#2618,.T.);
#2616 = VERTEX_POINT('',#2617);
#2617 = CARTESIAN_POINT('',(0.95,0.75,0.675));
#2618 = LINE('',#2619,#2620);
#2619 = CARTESIAN_POINT('',(0.95,0.75,0.675));
#2620 = VECTOR('',#2621,1.);
#2621 = DIRECTION('',(0.,0.,-1.));
#2622 = ORIENTED_EDGE('',*,*,#2623,.F.);
#2623 = EDGE_CURVE('',#2465,#2616,#2624,.T.);
#2624 = LINE('',#2625,#2626);
#2625 = CARTESIAN_POINT('',(2.475925608611,0.75,0.675));
#2626 = VECTOR('',#2627,1.);
#2627 = DIRECTION('',(-1.,-5.421010862428E-16,2.282530889443E-16));
#2628 = ORIENTED_EDGE('',*,*,#2464,.T.);
#2629 = ORIENTED_EDGE('',*,*,#2559,.T.);
#2630 = PLANE('',#2631);
#2631 = AXIS2_PLACEMENT_3D('',#2632,#2633,#2634);
#2632 = CARTESIAN_POINT('',(2.475925608611,0.75,0.675));
#2633 = DIRECTION('',(5.421010862428E-16,-1.,-1.23736247455E-31));
#2634 = DIRECTION('',(-1.,-5.421010862428E-16,2.282530889443E-16));
#2635 = ADVANCED_FACE('',(#2636),#2656,.F.);
#2636 = FACE_BOUND('',#2637,.T.);
#2637 = EDGE_LOOP('',(#2638,#2639,#2645,#2646,#2647,#2648,#2654,#2655));
#2638 = ORIENTED_EDGE('',*,*,#2623,.T.);
#2639 = ORIENTED_EDGE('',*,*,#2640,.F.);
#2640 = EDGE_CURVE('',#2521,#2616,#2641,.T.);
#2641 = LINE('',#2642,#2643);
#2642 = CARTESIAN_POINT('',(0.95,-1.000000000001E-03,0.675));
#2643 = VECTOR('',#2644,1.);
#2644 = DIRECTION('',(2.710505431214E-16,1.,4.701977403289E-32));
#2645 = ORIENTED_EDGE('',*,*,#2520,.F.);
#2646 = ORIENTED_EDGE('',*,*,#2425,.T.);
#2647 = ORIENTED_EDGE('',*,*,#2355,.T.);
#2648 = ORIENTED_EDGE('',*,*,#2649,.T.);
#2649 = EDGE_CURVE('',#2348,#2386,#2650,.T.);
#2650 = LINE('',#2651,#2652);
#2651 = CARTESIAN_POINT('',(0.75,0.375,0.675));
#2652 = VECTOR('',#2653,1.);
#2653 = DIRECTION('',(-4.949449898199E-31,-1.,-2.168404344971E-15));
#2654 = ORIENTED_EDGE('',*,*,#2411,.F.);
#2655 = ORIENTED_EDGE('',*,*,#2472,.F.);
#2656 = PLANE('',#2657);
#2657 = AXIS2_PLACEMENT_3D('',#2658,#2659,#2660);
#2658 = CARTESIAN_POINT('',(2.475925608611,0.7,0.675));
#2659 = DIRECTION('',(-2.282530889443E-16,-2.168404344971E-15,-1.));
#2660 = DIRECTION('',(-4.949449898199E-31,1.,-2.168404344971E-15));
#2661 = ADVANCED_FACE('',(#2662),#2678,.F.);
#2662 = FACE_BOUND('',#2663,.T.);
#2663 = EDGE_LOOP('',(#2664,#2665,#2671,#2672));
#2664 = ORIENTED_EDGE('',*,*,#2599,.T.);
#2665 = ORIENTED_EDGE('',*,*,#2666,.F.);
#2666 = EDGE_CURVE('',#2488,#2592,#2667,.T.);
#2667 = LINE('',#2668,#2669);
#2668 = CARTESIAN_POINT('',(0.75,-1.000000000001E-03,-0.525));
#2669 = VECTOR('',#2670,1.);
#2670 = DIRECTION('',(2.710505431214E-16,1.,4.701977403289E-32));
#2671 = ORIENTED_EDGE('',*,*,#2487,.T.);
#2672 = ORIENTED_EDGE('',*,*,#2673,.T.);
#2673 = EDGE_CURVE('',#2490,#2600,#2674,.T.);
#2674 = LINE('',#2675,#2676);
#2675 = CARTESIAN_POINT('',(0.75,-1.000000000001E-03,0.525));
#2676 = VECTOR('',#2677,1.);
#2677 = DIRECTION('',(2.710505431214E-16,1.,4.701977403289E-32));
#2678 = PLANE('',#2679);
#2679 = AXIS2_PLACEMENT_3D('',#2680,#2681,#2682);
#2680 = CARTESIAN_POINT('',(0.75,0.75,0.675));
#2681 = DIRECTION('',(1.,0.,-2.282530889443E-16));
#2682 = DIRECTION('',(2.282530889443E-16,0.,1.));
#2683 = ADVANCED_FACE('',(#2684),#2690,.T.);
#2684 = FACE_BOUND('',#2685,.T.);
#2685 = EDGE_LOOP('',(#2686,#2687,#2688,#2689));
#2686 = ORIENTED_EDGE('',*,*,#2649,.F.);
#2687 = ORIENTED_EDGE('',*,*,#2345,.F.);
#2688 = ORIENTED_EDGE('',*,*,#2567,.F.);
#2689 = ORIENTED_EDGE('',*,*,#2385,.F.);
#2690 = PLANE('',#2691);
#2691 = AXIS2_PLACEMENT_3D('',#2692,#2693,#2694);
#2692 = CARTESIAN_POINT('',(0.75,2.5E-02,-6.276959945969E-17));
#2693 = DIRECTION('',(-1.,0.,2.282530889443E-16));
#2694 = DIRECTION('',(-2.282530889443E-16,0.,-1.));
#2695 = ADVANCED_FACE('',(#2696),#2707,.F.);
#2696 = FACE_BOUND('',#2697,.T.);
#2697 = EDGE_LOOP('',(#2698,#2699,#2700,#2701));
#2698 = ORIENTED_EDGE('',*,*,#2528,.T.);
#2699 = ORIENTED_EDGE('',*,*,#2640,.T.);
#2700 = ORIENTED_EDGE('',*,*,#2615,.T.);
#2701 = ORIENTED_EDGE('',*,*,#2702,.F.);
#2702 = EDGE_CURVE('',#2529,#2608,#2703,.T.);
#2703 = LINE('',#2704,#2705);
#2704 = CARTESIAN_POINT('',(0.95,-1.000000000001E-03,0.525));
#2705 = VECTOR('',#2706,1.);
#2706 = DIRECTION('',(2.710505431214E-16,1.,4.701977403289E-32));
#2707 = PLANE('',#2708);
#2708 = AXIS2_PLACEMENT_3D('',#2709,#2710,#2711);
#2709 = CARTESIAN_POINT('',(0.95,-1.000000000001E-03,0.675));
#2710 = DIRECTION('',(1.,-2.710505431214E-16,0.));
#2711 = DIRECTION('',(2.710505431214E-16,1.,0.));
#2712 = ADVANCED_FACE('',(#2713),#2719,.F.);
#2713 = FACE_BOUND('',#2714,.T.);
#2714 = EDGE_LOOP('',(#2715,#2716,#2717,#2718));
#2715 = ORIENTED_EDGE('',*,*,#2536,.T.);
#2716 = ORIENTED_EDGE('',*,*,#2702,.T.);
#2717 = ORIENTED_EDGE('',*,*,#2607,.T.);
#2718 = ORIENTED_EDGE('',*,*,#2673,.F.);
#2719 = PLANE('',#2720);
#2720 = AXIS2_PLACEMENT_3D('',#2721,#2722,#2723);
#2721 = CARTESIAN_POINT('',(0.75,-1.000000000001E-03,0.525));
#2722 = DIRECTION('',(0.,4.701977403289E-32,-1.));
#2723 = DIRECTION('',(0.,1.,4.701977403289E-32));
#2724 = ADVANCED_FACE('',(#2725),#2736,.F.);
#2725 = FACE_BOUND('',#2726,.T.);
#2726 = EDGE_LOOP('',(#2727,#2728,#2729,#2730));
#2727 = ORIENTED_EDGE('',*,*,#2497,.T.);
#2728 = ORIENTED_EDGE('',*,*,#2666,.T.);
#2729 = ORIENTED_EDGE('',*,*,#2591,.T.);
#2730 = ORIENTED_EDGE('',*,*,#2731,.F.);
#2731 = EDGE_CURVE('',#2498,#2584,#2732,.T.);
#2732 = LINE('',#2733,#2734);
#2733 = CARTESIAN_POINT('',(0.95,-1.000000000001E-03,-0.525));
#2734 = VECTOR('',#2735,1.);
#2735 = DIRECTION('',(2.710505431214E-16,1.,4.701977403289E-32));
#2736 = PLANE('',#2737);
#2737 = AXIS2_PLACEMENT_3D('',#2738,#2739,#2740);
#2738 = CARTESIAN_POINT('',(0.75,-1.000000000001E-03,-0.525));
#2739 = DIRECTION('',(0.,-4.701977403289E-32,1.));
#2740 = DIRECTION('',(0.,-1.,-4.701977403289E-32));
#2741 = ADVANCED_FACE('',(#2742),#2748,.F.);
#2742 = FACE_BOUND('',#2743,.T.);
#2743 = EDGE_LOOP('',(#2744,#2745,#2746,#2747));
#2744 = ORIENTED_EDGE('',*,*,#2505,.T.);
#2745 = ORIENTED_EDGE('',*,*,#2731,.T.);
#2746 = ORIENTED_EDGE('',*,*,#2583,.T.);
#2747 = ORIENTED_EDGE('',*,*,#2551,.F.);
#2748 = PLANE('',#2749);
#2749 = AXIS2_PLACEMENT_3D('',#2750,#2751,#2752);
#2750 = CARTESIAN_POINT('',(0.95,-1.000000000001E-03,-0.675));
#2751 = DIRECTION('',(1.,-2.710505431214E-16,0.));
#2752 = DIRECTION('',(2.710505431214E-16,1.,0.));
#2753 = MANIFOLD_SOLID_BREP('',#2754);
#2754 = CLOSED_SHELL('',(#2755,#3459,#3490,#3521,#3543,#3555,#3567,#3825
    ,#3897,#3964,#4031,#4093,#4186,#4272,#4334,#4384,#4463,#4476,#4848,
    #4888,#4931,#4974,#5009,#5060,#5111,#5146,#5181,#5227,#5308,#5382,
    #5456,#5511,#5592,#5666,#5728,#5795,#5807,#5819,#6077,#6149,#6216,
    #6283,#6345,#6438,#6524,#6586,#6636,#6715,#6728,#6759,#6783,#6833,
    #6907,#6981,#7043,#7067,#7141,#7239,#7313,#7351,#7375,#7399,#7416));
#2755 = ADVANCED_FACE('',(#2756,#2982,#3112,#3146,#3276),#3454,.F.);
#2756 = FACE_BOUND('',#2757,.T.);
#2757 = EDGE_LOOP('',(#2758,#2768,#2776,#2784,#2792,#2800,#2812,#2836,
    #2868,#2892,#2900,#2920,#2944,#2968));
#2758 = ORIENTED_EDGE('',*,*,#2759,.T.);
#2759 = EDGE_CURVE('',#2760,#2762,#2764,.T.);
#2760 = VERTEX_POINT('',#2761);
#2761 = CARTESIAN_POINT('',(0.376615159402,0.75,1.282672702227E-02));
#2762 = VERTEX_POINT('',#2763);
#2763 = CARTESIAN_POINT('',(0.417640800428,0.75,-0.187173272978));
#2764 = LINE('',#2765,#2766);
#2765 = CARTESIAN_POINT('',(0.376615159402,0.75,1.282672702227E-02));
#2766 = VECTOR('',#2767,1.);
#2767 = DIRECTION('',(0.200944143721,0.,-0.979602700641));
#2768 = ORIENTED_EDGE('',*,*,#2769,.T.);
#2769 = EDGE_CURVE('',#2762,#2770,#2772,.T.);
#2770 = VERTEX_POINT('',#2771);
#2771 = CARTESIAN_POINT('',(0.58174336453,0.75,-0.187173272978));
#2772 = LINE('',#2773,#2774);
#2773 = CARTESIAN_POINT('',(0.417640800428,0.75,-0.187173272978));
#2774 = VECTOR('',#2775,1.);
#2775 = DIRECTION('',(1.,0.,0.));
#2776 = ORIENTED_EDGE('',*,*,#2777,.T.);
#2777 = EDGE_CURVE('',#2770,#2778,#2780,.T.);
#2778 = VERTEX_POINT('',#2779);
#2779 = CARTESIAN_POINT('',(0.58174336453,0.75,-0.146147631952));
#2780 = LINE('',#2781,#2782);
#2781 = CARTESIAN_POINT('',(0.58174336453,0.75,-0.187173272978));
#2782 = VECTOR('',#2783,1.);
#2783 = DIRECTION('',(0.,0.,1.));
#2784 = ORIENTED_EDGE('',*,*,#2785,.T.);
#2785 = EDGE_CURVE('',#2778,#2786,#2788,.T.);
#2786 = VERTEX_POINT('',#2787);
#2787 = CARTESIAN_POINT('',(0.445685672223,0.75,-0.146147631952));
#2788 = LINE('',#2789,#2790);
#2789 = CARTESIAN_POINT('',(0.58174336453,0.75,-0.146147631952));
#2790 = VECTOR('',#2791,1.);
#2791 = DIRECTION('',(-1.,0.,0.));
#2792 = ORIENTED_EDGE('',*,*,#2793,.T.);
#2793 = EDGE_CURVE('',#2786,#2794,#2796,.T.);
#2794 = VERTEX_POINT('',#2795);
#2795 = CARTESIAN_POINT('',(0.424131185043,0.75,-4.093929861875E-02));
#2796 = LINE('',#2797,#2798);
#2797 = CARTESIAN_POINT('',(0.445685672223,0.75,-0.146147631952));
#2798 = VECTOR('',#2799,1.);
#2799 = DIRECTION('',(-0.200705474463,0.,0.979651628142));
#2800 = ORIENTED_EDGE('',*,*,#2801,.T.);
#2801 = EDGE_CURVE('',#2794,#2802,#2804,.T.);
#2802 = VERTEX_POINT('',#2803);
#2803 = CARTESIAN_POINT('',(0.471246569658,0.75,-4.871173451619E-02));
#2804 = B_SPLINE_CURVE_WITH_KNOTS('',3,(#2805,#2806,#2807,#2808,#2809,
    #2810,#2811),.UNSPECIFIED.,.F.,.F.,(4,1,1,1,4),(0.,0.275068369019,
    0.53290146009,0.773973459592,1.),.UNSPECIFIED.);
#2805 = CARTESIAN_POINT('',(0.424131185043,0.75,-4.093929861875E-02));
#2806 = CARTESIAN_POINT('',(0.428366142114,0.75,-4.210847253992E-02));
#2807 = CARTESIAN_POINT('',(0.436570701638,0.75,-4.437356209535E-02));
#2808 = CARTESIAN_POINT('',(0.448680400034,0.75,-4.688850728729E-02));
#2809 = CARTESIAN_POINT('',(0.460176651859,0.75,-4.840455803672E-02));
#2810 = CARTESIAN_POINT('',(0.467636694192,0.75,-4.861156495239E-02));
#2811 = CARTESIAN_POINT('',(0.471246569658,0.75,-4.871173451619E-02));
#2812 = ORIENTED_EDGE('',*,*,#2813,.T.);
#2813 = EDGE_CURVE('',#2802,#2814,#2816,.T.);
#2814 = VERTEX_POINT('',#2815);
#2815 = CARTESIAN_POINT('',(0.597127979915,0.75,8.213762445817E-02));
#2816 = B_SPLINE_CURVE_WITH_KNOTS('',3,(#2817,#2818,#2819,#2820,#2821,
    #2822,#2823,#2824,#2825,#2826,#2827,#2828,#2829,#2830,#2831,#2832,
    #2833,#2834,#2835),.UNSPECIFIED.,.F.,.F.,(4,1,1,1,1,1,1,1,1,1,1,1,1,
    1,1,1,4),(0.,6.580764581069E-02,0.129394273668,0.190894060632,
    0.25128106893,0.310814964465,0.370370987448,0.43076826259,
    0.492881250618,0.555103948155,0.616067050994,0.677256033175,
    0.738259805199,0.800762134376,0.864777581574,0.931045294999,1.),
  .UNSPECIFIED.);
#2817 = CARTESIAN_POINT('',(0.471246569658,0.75,-4.871173451619E-02));
#2818 = CARTESIAN_POINT('',(0.475713282768,0.75,-4.861505615108E-02));
#2819 = CARTESIAN_POINT('',(0.484495956748,0.75,-4.842496233026E-02));
#2820 = CARTESIAN_POINT('',(0.497346122119,0.75,-4.659960810805E-02));
#2821 = CARTESIAN_POINT('',(0.509612738487,0.75,-4.372647500745E-02));
#2822 = CARTESIAN_POINT('',(0.521270152221,0.75,-3.971270109469E-02));
#2823 = CARTESIAN_POINT('',(0.532339929437,0.75,-3.458016015819E-02));
#2824 = CARTESIAN_POINT('',(0.542720222178,0.75,-2.816873840301E-02));
#2825 = CARTESIAN_POINT('',(0.552566840805,0.75,-2.067921484305E-02));
#2826 = CARTESIAN_POINT('',(0.561703137257,0.75,-1.206835633338E-02));
#2827 = CARTESIAN_POINT('',(0.569991629618,0.75,-2.591600133135E-03));
#2828 = CARTESIAN_POINT('',(0.577279171295,0.75,7.597870843263E-03));
#2829 = CARTESIAN_POINT('',(0.583469181615,0.75,1.840103223007E-02));
#2830 = CARTESIAN_POINT('',(0.588447553601,0.75,2.992110180015E-02));
#2831 = CARTESIAN_POINT('',(0.59242290609,0.75,4.203071933277E-02));
#2832 = CARTESIAN_POINT('',(0.595068848358,0.75,5.485730019588E-02));
#2833 = CARTESIAN_POINT('',(0.596830757953,0.75,6.827994248313E-02));
#2834 = CARTESIAN_POINT('',(0.597027602104,0.75,7.74576076348E-02));
#2835 = CARTESIAN_POINT('',(0.597127979915,0.75,8.213762445817E-02));
#2836 = ORIENTED_EDGE('',*,*,#2837,.T.);
#2837 = EDGE_CURVE('',#2814,#2838,#2840,.T.);
#2838 = VERTEX_POINT('',#2839);
#2839 = CARTESIAN_POINT('',(0.457624774787,0.75,0.223083137279));
#2840 = B_SPLINE_CURVE_WITH_KNOTS('',3,(#2841,#2842,#2843,#2844,#2845,
    #2846,#2847,#2848,#2849,#2850,#2851,#2852,#2853,#2854,#2855,#2856,
    #2857,#2858,#2859,#2860,#2861,#2862,#2863,#2864,#2865,#2866,#2867),
  .UNSPECIFIED.,.F.,.F.,(4,1,1,1,1,1,1,1,1,1,1,1,1,1,1,1,1,1,1,1,1,1,1,1
    ,4),(0.,4.401447057614E-02,8.743412366771E-02,0.130118398658,
    0.172553694558,0.214554755968,0.256298092097,0.298438225133,
    0.340849002588,0.382715188967,0.423924045408,0.46424624325,
    0.504073671462,0.543861905868,0.58356672498,0.623094318852,
    0.663229060769,0.703551258611,0.743937894686,0.7845412548,
    0.825750111241,0.867757363389,0.910745164032,0.954914446891,1.),
  .UNSPECIFIED.);
#2841 = CARTESIAN_POINT('',(0.597127979915,0.75,8.213762445817E-02));
#2842 = CARTESIAN_POINT('',(0.597051971312,0.75,8.539730678411E-02));
#2843 = CARTESIAN_POINT('',(0.596900981297,0.75,9.187261964992E-02));
#2844 = CARTESIAN_POINT('',(0.596133142709,0.75,0.101489099728));
#2845 = CARTESIAN_POINT('',(0.594654775159,0.75,0.110901994938));
#2846 = CARTESIAN_POINT('',(0.592669892404,0.75,0.120112554005));
#2847 = CARTESIAN_POINT('',(0.590093616065,0.75,0.129103339397));
#2848 = CARTESIAN_POINT('',(0.586974867048,0.75,0.137900085446));
#2849 = CARTESIAN_POINT('',(0.583158178189,0.75,0.146448040502));
#2850 = CARTESIAN_POINT('',(0.578971735303,0.75,0.154828085648));
#2851 = CARTESIAN_POINT('',(0.574257852099,0.75,0.162850772184));
#2852 = CARTESIAN_POINT('',(0.569026022689,0.75,0.170353513503));
#2853 = CARTESIAN_POINT('',(0.563498537977,0.75,0.177448859958));
#2854 = CARTESIAN_POINT('',(0.557550951068,0.75,0.184060715159));
#2855 = CARTESIAN_POINT('',(0.551127980198,0.75,0.19014563149));
#2856 = CARTESIAN_POINT('',(0.544307412557,0.75,0.195739720805));
#2857 = CARTESIAN_POINT('',(0.537143673239,0.75,0.200937587125));
#2858 = CARTESIAN_POINT('',(0.529525931259,0.75,0.205528238002));
#2859 = CARTESIAN_POINT('',(0.521623933206,0.75,0.209752575848));
#2860 = CARTESIAN_POINT('',(0.513323565533,0.75,0.213218122972));
#2861 = CARTESIAN_POINT('',(0.504813771195,0.75,0.216316469039));
#2862 = CARTESIAN_POINT('',(0.495972071127,0.75,0.218786129338));
#2863 = CARTESIAN_POINT('',(0.486818492543,0.75,0.220721278426));
#2864 = CARTESIAN_POINT('',(0.477337946773,0.75,0.22203563278));
#2865 = CARTESIAN_POINT('',(0.467580155913,0.75,0.22299293992));
#2866 = CARTESIAN_POINT('',(0.460965868761,0.75,0.223052866428));
#2867 = CARTESIAN_POINT('',(0.457624774787,0.75,0.223083137279));
#2868 = ORIENTED_EDGE('',*,*,#2869,.T.);
#2869 = EDGE_CURVE('',#2838,#2870,#2872,.T.);
#2870 = VERTEX_POINT('',#2871);
#2871 = CARTESIAN_POINT('',(0.335589518376,0.75,0.110262624458));
#2872 = B_SPLINE_CURVE_WITH_KNOTS('',3,(#2873,#2874,#2875,#2876,#2877,
    #2878,#2879,#2880,#2881,#2882,#2883,#2884,#2885,#2886,#2887,#2888,
    #2889,#2890,#2891),.UNSPECIFIED.,.F.,.F.,(4,1,1,1,1,1,1,1,1,1,1,1,1,
    1,1,1,4),(0.,6.542114375889E-02,0.128708371882,0.190236141864,
    0.250724402034,0.310637179413,0.37076640829,0.431614744412,
    0.493522973566,0.555883455378,0.617342367319,0.678668039097,
    0.740711359545,0.802985362513,0.866802580266,0.932347171346,1.),
  .UNSPECIFIED.);
#2873 = CARTESIAN_POINT('',(0.457624774787,0.75,0.223083137279));
#2874 = CARTESIAN_POINT('',(0.453639154135,0.75,0.223004184366));
#2875 = CARTESIAN_POINT('',(0.44579791634,0.75,0.222848853838));
#2876 = CARTESIAN_POINT('',(0.434309851532,0.75,0.221223884095));
#2877 = CARTESIAN_POINT('',(0.423256753739,0.75,0.218896579364));
#2878 = CARTESIAN_POINT('',(0.412727599321,0.75,0.215395291381));
#2879 = CARTESIAN_POINT('',(0.402628026326,0.75,0.211008171988));
#2880 = CARTESIAN_POINT('',(0.393094001435,0.75,0.205463466674));
#2881 = CARTESIAN_POINT('',(0.383881912744,0.75,0.199180140532));
#2882 = CARTESIAN_POINT('',(0.375366251402,0.75,0.19176524305));
#2883 = CARTESIAN_POINT('',(0.367462695576,0.75,0.183660593675));
#2884 = CARTESIAN_POINT('',(0.360387665991,0.75,0.174865434685));
#2885 = CARTESIAN_POINT('',(0.354086685793,0.75,0.165524927018));
#2886 = CARTESIAN_POINT('',(0.348660657565,0.75,0.155593709409));
#2887 = CARTESIAN_POINT('',(0.344032312272,0.75,0.145097877302));
#2888 = CARTESIAN_POINT('',(0.340396313612,0.75,0.133998105771));
#2889 = CARTESIAN_POINT('',(0.337461644476,0.75,0.122352391035));
#2890 = CARTESIAN_POINT('',(0.336220110707,0.75,0.114334846989));
#2891 = CARTESIAN_POINT('',(0.335589518376,0.75,0.110262624458));
#2892 = ORIENTED_EDGE('',*,*,#2893,.T.);
#2893 = EDGE_CURVE('',#2870,#2894,#2896,.T.);
#2894 = VERTEX_POINT('',#2895);
#2895 = CARTESIAN_POINT('',(0.371486954274,0.75,0.110262624458));
#2896 = LINE('',#2897,#2898);
#2897 = CARTESIAN_POINT('',(0.335589518376,0.75,0.110262624458));
#2898 = VECTOR('',#2899,1.);
#2899 = DIRECTION('',(1.,0.,0.));
#2900 = ORIENTED_EDGE('',*,*,#2901,.T.);
#2901 = EDGE_CURVE('',#2894,#2902,#2904,.T.);
#2902 = VERTEX_POINT('',#2903);
#2903 = CARTESIAN_POINT('',(0.45970810812,0.75,0.182057496253));
#2904 = B_SPLINE_CURVE_WITH_KNOTS('',3,(#2905,#2906,#2907,#2908,#2909,
    #2910,#2911,#2912,#2913,#2914,#2915,#2916,#2917,#2918,#2919),
  .UNSPECIFIED.,.F.,.F.,(4,1,1,1,1,1,1,1,1,1,1,1,4),(0.,
    9.468725186755E-02,0.181994155707,0.264376948611,0.342179861948,
    0.418617610862,0.496509075372,0.577369091612,0.661510592454,
    0.746732550829,0.831257984328,0.915205616214,1.),.UNSPECIFIED.);
#2905 = CARTESIAN_POINT('',(0.371486954274,0.75,0.110262624458));
#2906 = CARTESIAN_POINT('',(0.372370217976,0.75,0.114077076167));
#2907 = CARTESIAN_POINT('',(0.374067899855,0.75,0.121408664152));
#2908 = CARTESIAN_POINT('',(0.37779427114,0.75,0.131709388876));
#2909 = CARTESIAN_POINT('',(0.382350371194,0.75,0.140888728724));
#2910 = CARTESIAN_POINT('',(0.387768011014,0.75,0.14906810967));
#2911 = CARTESIAN_POINT('',(0.394230871641,0.75,0.156200566501));
#2912 = CARTESIAN_POINT('',(0.40160566352,0.75,0.162556802151));
#2913 = CARTESIAN_POINT('',(0.409873974742,0.75,0.168291102646));
#2914 = CARTESIAN_POINT('',(0.419061772402,0.75,0.173070847468));
#2915 = CARTESIAN_POINT('',(0.428754695753,0.75,0.177147276428));
#2916 = CARTESIAN_POINT('',(0.438899519754,0.75,0.179861755851));
#2917 = CARTESIAN_POINT('',(0.449220016493,0.75,0.181770429319));
#2918 = CARTESIAN_POINT('',(0.456200401659,0.75,0.181961487696));
#2919 = CARTESIAN_POINT('',(0.45970810812,0.75,0.182057496253));
#2920 = ORIENTED_EDGE('',*,*,#2921,.T.);
#2921 = EDGE_CURVE('',#2902,#2922,#2924,.T.);
#2922 = VERTEX_POINT('',#2923);
#2923 = CARTESIAN_POINT('',(0.561230544017,0.75,8.061518856074E-02));
#2924 = B_SPLINE_CURVE_WITH_KNOTS('',3,(#2925,#2926,#2927,#2928,#2929,
    #2930,#2931,#2932,#2933,#2934,#2935,#2936,#2937,#2938,#2939,#2940,
    #2941,#2942,#2943),.UNSPECIFIED.,.F.,.F.,(4,1,1,1,1,1,1,1,1,1,1,1,1,
    1,1,1,4),(0.,6.420729528299E-02,0.12642468978,0.187680284265,
    0.248216424455,0.308305060009,0.369660991325,0.431698551787,
    0.495946892209,0.559758023972,0.622295407826,0.683910635284,
    0.745092408057,0.806740225389,0.869086618121,0.933290002975,1.),
  .UNSPECIFIED.);
#2925 = CARTESIAN_POINT('',(0.45970810812,0.75,0.182057496253));
#2926 = CARTESIAN_POINT('',(0.463131930339,0.75,0.181963693064));
#2927 = CARTESIAN_POINT('',(0.469873464304,0.75,0.181778993817));
#2928 = CARTESIAN_POINT('',(0.47979476564,0.75,0.180357392435));
#2929 = CARTESIAN_POINT('',(0.489373379834,0.75,0.178167955714));
#2930 = CARTESIAN_POINT('',(0.498514792035,0.75,0.174891400859));
#2931 = CARTESIAN_POINT('',(0.507378967988,0.75,0.170909147325));
#2932 = CARTESIAN_POINT('',(0.515741684608,0.75,0.165798852946));
#2933 = CARTESIAN_POINT('',(0.523844870567,0.75,0.159917707981));
#2934 = CARTESIAN_POINT('',(0.531436657255,0.75,0.153179807404));
#2935 = CARTESIAN_POINT('',(0.538389737171,0.75,0.145754699448));
#2936 = CARTESIAN_POINT('',(0.544533293872,0.75,0.137814425913));
#2937 = CARTESIAN_POINT('',(0.549650655406,0.75,0.129343929166));
#2938 = CARTESIAN_POINT('',(0.553963124991,0.75,0.120489854554));
#2939 = CARTESIAN_POINT('',(0.557237787714,0.75,0.111155162305));
#2940 = CARTESIAN_POINT('',(0.559573899854,0.75,0.101383599428));
#2941 = CARTESIAN_POINT('',(0.560945678004,0.75,9.115103026187E-02));
#2942 = CARTESIAN_POINT('',(0.561134384287,0.75,8.417168057316E-02));
#2943 = CARTESIAN_POINT('',(0.561230544017,0.75,8.061518856074E-02));
#2944 = ORIENTED_EDGE('',*,*,#2945,.T.);
#2945 = EDGE_CURVE('',#2922,#2946,#2948,.T.);
#2946 = VERTEX_POINT('',#2947);
#2947 = CARTESIAN_POINT('',(0.464756185043,0.75,-7.686093490546E-03));
#2948 = B_SPLINE_CURVE_WITH_KNOTS('',3,(#2949,#2950,#2951,#2952,#2953,
    #2954,#2955,#2956,#2957,#2958,#2959,#2960,#2961,#2962,#2963,#2964,
    #2965,#2966,#2967),.UNSPECIFIED.,.F.,.F.,(4,1,1,1,1,1,1,1,1,1,1,1,1,
    1,1,1,4),(0.,6.535138202659E-02,0.127916031831,0.188360205572,
    0.247216077265,0.305630129197,0.363769839832,0.422660913913,
    0.48268729409,0.54330022124,0.604117955323,0.664964891265,
    0.727413494113,0.791467625149,0.858055442729,0.927036814615,1.),
  .UNSPECIFIED.);
#2949 = CARTESIAN_POINT('',(0.561230544017,0.75,8.061518856074E-02));
#2950 = CARTESIAN_POINT('',(0.561155289222,0.75,7.74065312326E-02));
#2951 = CARTESIAN_POINT('',(0.561007988667,0.75,7.112604105486E-02));
#2952 = CARTESIAN_POINT('',(0.559804494918,0.75,6.193756031872E-02));
#2953 = CARTESIAN_POINT('',(0.557711126649,0.75,5.32434983414E-02));
#2954 = CARTESIAN_POINT('',(0.554805540369,0.75,4.500187160174E-02));
#2955 = CARTESIAN_POINT('',(0.551116453771,0.75,3.720490676197E-02));
#2956 = CARTESIAN_POINT('',(0.546608303792,0.75,2.98445570248E-02));
#2957 = CARTESIAN_POINT('',(0.541196486884,0.75,2.301783322783E-02));
#2958 = CARTESIAN_POINT('',(0.53501455676,0.75,1.672154138675E-02));
#2959 = CARTESIAN_POINT('',(0.528242209223,0.75,1.091069854411E-02));
#2960 = CARTESIAN_POINT('',(0.520762924355,0.75,5.957088663884E-03));
#2961 = CARTESIAN_POINT('',(0.512733218436,0.75,1.789783789389E-03));
#2962 = CARTESIAN_POINT('',(0.504249835639,0.75,-1.806558878355E-03));
#2963 = CARTESIAN_POINT('',(0.495110990086,0.75,-4.389501209708E-03));
#2964 = CARTESIAN_POINT('',(0.485497660672,0.75,-6.328688117377E-03));
#2965 = CARTESIAN_POINT('',(0.475306036906,0.75,-7.450443852036E-03));
#2966 = CARTESIAN_POINT('',(0.468337958262,0.75,-7.606088237836E-03));
#2967 = CARTESIAN_POINT('',(0.464756185043,0.75,-7.686093490546E-03));
#2968 = ORIENTED_EDGE('',*,*,#2969,.T.);
#2969 = EDGE_CURVE('',#2946,#2760,#2970,.T.);
#2970 = B_SPLINE_CURVE_WITH_KNOTS('',3,(#2971,#2972,#2973,#2974,#2975,
    #2976,#2977,#2978,#2979,#2980,#2981),.UNSPECIFIED.,.F.,.F.,(4,1,1,1,
    1,1,1,1,4),(0.,0.102203037035,0.211023342374,0.325099661565,
    0.446502097135,0.573787717649,0.708900709766,0.850357871293,1.),
  .UNSPECIFIED.);
#2971 = CARTESIAN_POINT('',(0.464756185043,0.75,-7.686093490546E-03));
#2972 = CARTESIAN_POINT('',(0.461655736037,0.75,-7.619740215393E-03));
#2973 = CARTESIAN_POINT('',(0.455254095428,0.75,-7.482737536155E-03));
#2974 = CARTESIAN_POINT('',(0.445434343802,0.75,-6.473995041718E-03));
#2975 = CARTESIAN_POINT('',(0.435115289747,0.75,-4.846647107073E-03));
#2976 = CARTESIAN_POINT('',(0.424336490255,0.75,-2.608218824881E-03));
#2977 = CARTESIAN_POINT('',(0.413065575043,0.75,3.210470903911E-04));
#2978 = CARTESIAN_POINT('',(0.401326329246,0.75,3.831275733312E-03));
#2979 = CARTESIAN_POINT('',(0.389094070206,0.75,8.028075586295E-03));
#2980 = CARTESIAN_POINT('',(0.380852044561,0.75,1.119747144306E-02));
#2981 = CARTESIAN_POINT('',(0.376615159402,0.75,1.282672702227E-02));
#2982 = FACE_BOUND('',#2983,.T.);
#2983 = EDGE_LOOP('',(#2984,#3018,#3050,#3082));
#2984 = ORIENTED_EDGE('',*,*,#2985,.T.);
#2985 = EDGE_CURVE('',#2986,#2988,#2990,.T.);
#2986 = VERTEX_POINT('',#2987);
#2987 = CARTESIAN_POINT('',(0.294563877351,0.75,1.298698343253E-02));
#2988 = VERTEX_POINT('',#2989);
#2989 = CARTESIAN_POINT('',(0.156502979915,0.75,0.223083137279));
#2990 = B_SPLINE_CURVE_WITH_KNOTS('',3,(#2991,#2992,#2993,#2994,#2995,
    #2996,#2997,#2998,#2999,#3000,#3001,#3002,#3003,#3004,#3005,#3006,
    #3007,#3008,#3009,#3010,#3011,#3012,#3013,#3014,#3015,#3016,#3017),
  .UNSPECIFIED.,.F.,.F.,(4,1,1,1,1,1,1,1,1,1,1,1,1,1,1,1,1,1,1,1,1,1,1,1
    ,4),(0.,6.506328961728E-02,0.126773166467,0.185515763226,
    0.240764679168,0.292979796024,0.34225037278,0.388919286186,
    0.432775664058,0.474628432631,0.514774690638,0.553605893498,
    0.591426406431,0.628028119946,0.66380363411,0.698984336132,
    0.733591489307,0.767628469151,0.801208347787,0.834263839727,
    0.866980694729,0.899719741518,0.932701912499,0.966175883433,1.),
  .UNSPECIFIED.);
#2991 = CARTESIAN_POINT('',(0.294563877351,0.75,1.298698343253E-02));
#2992 = CARTESIAN_POINT('',(0.294489410546,0.75,1.910400148292E-02));
#2993 = CARTESIAN_POINT('',(0.294344315013,0.75,3.102276169536E-02));
#2994 = CARTESIAN_POINT('',(0.293592462811,0.75,4.845487316048E-02));
#2995 = CARTESIAN_POINT('',(0.292111476391,0.75,6.49117923946E-02));
#2996 = CARTESIAN_POINT('',(0.290258906298,0.75,8.043298810417E-02));
#2997 = CARTESIAN_POINT('',(0.287693081958,0.75,9.495385882793E-02));
#2998 = CARTESIAN_POINT('',(0.284538205815,0.75,0.108524652939));
#2999 = CARTESIAN_POINT('',(0.281035311779,0.75,0.121203975415));
#3000 = CARTESIAN_POINT('',(0.276711335309,0.75,0.132887953884));
#3001 = CARTESIAN_POINT('',(0.271978682698,0.75,0.143739579355));
#3002 = CARTESIAN_POINT('',(0.266829517421,0.75,0.153872967735));
#3003 = CARTESIAN_POINT('',(0.261312965868,0.75,0.163377686898));
#3004 = CARTESIAN_POINT('',(0.255302823582,0.75,0.172177657976));
#3005 = CARTESIAN_POINT('',(0.248896719217,0.75,0.180335218785));
#3006 = CARTESIAN_POINT('',(0.241957543354,0.75,0.187706375659));
#3007 = CARTESIAN_POINT('',(0.234680905057,0.75,0.194468738169));
#3008 = CARTESIAN_POINT('',(0.226976628962,0.75,0.200486067022));
#3009 = CARTESIAN_POINT('',(0.218929594535,0.75,0.205752901838));
#3010 = CARTESIAN_POINT('',(0.21070570003,0.75,0.210463056168));
#3011 = CARTESIAN_POINT('',(0.202159027647,0.75,0.214261078459));
#3012 = CARTESIAN_POINT('',(0.193483261621,0.75,0.217522225999));
#3013 = CARTESIAN_POINT('',(0.184554305493,0.75,0.220013706215));
#3014 = CARTESIAN_POINT('',(0.175383289415,0.75,0.22173643256));
#3015 = CARTESIAN_POINT('',(0.166016862451,0.75,0.222944643812));
#3016 = CARTESIAN_POINT('',(0.159685255013,0.75,0.223036812941));
#3017 = CARTESIAN_POINT('',(0.156502979915,0.75,0.223083137279));
#3018 = ORIENTED_EDGE('',*,*,#3019,.T.);
#3019 = EDGE_CURVE('',#2988,#3020,#3022,.T.);
#3020 = VERTEX_POINT('',#3021);
#3021 = CARTESIAN_POINT('',(2.276900555589E-02,0.75,1.298698343253E-02)
  );
#3022 = B_SPLINE_CURVE_WITH_KNOTS('',3,(#3023,#3024,#3025,#3026,#3027,
    #3028,#3029,#3030,#3031,#3032,#3033,#3034,#3035,#3036,#3037,#3038,
    #3039,#3040,#3041,#3042,#3043,#3044,#3045,#3046,#3047,#3048,#3049),
  .UNSPECIFIED.,.F.,.F.,(4,1,1,1,1,1,1,1,1,1,1,1,1,1,1,1,1,1,1,1,1,1,1,1
    ,4),(0.,3.378714634699E-02,6.662165772429E-02,9.928487809597E-02,
    0.131361165043,0.163585187595,0.196103926987,0.228902254324,
    0.262158055905,0.295991222258,0.330217845725,0.365059825892,
    0.40095073734,0.437620382077,0.475707529437,0.515380691625,
    0.556413541493,0.599764829873,0.646424155584,0.696431444518,
    0.749781517802,0.806573306976,0.867435531565,0.931886753251,1.),
  .UNSPECIFIED.);
#3023 = CARTESIAN_POINT('',(0.156502979915,0.75,0.223083137279));
#3024 = CARTESIAN_POINT('',(0.153348224031,0.75,0.223029839512));
#3025 = CARTESIAN_POINT('',(0.1471276612,0.75,0.222924746719));
#3026 = CARTESIAN_POINT('',(0.13791024115,0.75,0.22183746312));
#3027 = CARTESIAN_POINT('',(0.128963676186,0.75,0.22008940561));
#3028 = CARTESIAN_POINT('',(0.120243818581,0.75,0.217641793714));
#3029 = CARTESIAN_POINT('',(0.111705931143,0.75,0.214645812421));
#3030 = CARTESIAN_POINT('',(0.103466355525,0.75,0.210742534295));
#3031 = CARTESIAN_POINT('',(9.543347738938E-02,0.75,0.206247212129));
#3032 = CARTESIAN_POINT('',(8.762872813017E-02,0.75,0.201127735393));
#3033 = CARTESIAN_POINT('',(8.019876686848E-02,0.75,0.195262400178));
#3034 = CARTESIAN_POINT('',(7.310178340404E-02,0.75,0.1887750529));
#3035 = CARTESIAN_POINT('',(6.651606693581E-02,0.75,0.181503805894));
#3036 = CARTESIAN_POINT('',(6.038645600812E-02,0.75,0.173563471825));
#3037 = CARTESIAN_POINT('',(5.456084592861E-02,0.75,0.165027101273));
#3038 = CARTESIAN_POINT('',(4.920206040641E-02,0.75,0.155778144353));
#3039 = CARTESIAN_POINT('',(4.424539137006E-02,0.75,0.145853274583));
#3040 = CARTESIAN_POINT('',(3.971470672223E-02,0.75,0.135188370506));
#3041 = CARTESIAN_POINT('',(3.569771660624E-02,0.75,0.123627807322));
#3042 = CARTESIAN_POINT('',(3.214940710756E-02,0.75,0.111039329779));
#3043 = CARTESIAN_POINT('',(2.934778911098E-02,0.75,9.731182850843E-02)
  );
#3044 = CARTESIAN_POINT('',(2.694973707294E-02,0.75,8.25555579821E-02));
#3045 = CARTESIAN_POINT('',(2.501552186797E-02,0.75,6.670710879515E-02)
  );
#3046 = CARTESIAN_POINT('',(2.369502754587E-02,0.75,4.975787700236E-02)
  );
#3047 = CARTESIAN_POINT('',(2.287887725606E-02,0.75,3.171842455366E-02)
  );
#3048 = CARTESIAN_POINT('',(2.280629777948E-02,0.75,1.934473606033E-02)
  );
#3049 = CARTESIAN_POINT('',(2.276900555589E-02,0.75,1.298698343253E-02)
  );
#3050 = ORIENTED_EDGE('',*,*,#3051,.T.);
#3051 = EDGE_CURVE('',#3020,#3052,#3054,.T.);
#3052 = VERTEX_POINT('',#3053);
#3053 = CARTESIAN_POINT('',(0.156502979915,0.75,-0.197429683234));
#3054 = B_SPLINE_CURVE_WITH_KNOTS('',3,(#3055,#3056,#3057,#3058,#3059,
    #3060,#3061,#3062,#3063,#3064,#3065,#3066,#3067,#3068,#3069,#3070,
    #3071,#3072,#3073,#3074,#3075,#3076,#3077,#3078,#3079,#3080,#3081),
  .UNSPECIFIED.,.F.,.F.,(4,1,1,1,1,1,1,1,1,1,1,1,1,1,1,1,1,1,1,1,1,1,1,1
    ,4),(0.,6.859462225874E-02,0.133246042443,0.194312586468,
    0.251279223117,0.304513439256,0.354234906653,0.400480588774,
    0.443410754938,0.484014868616,0.523252300773,0.561042372728,
    0.597900239364,0.633518488856,0.66831435117,0.702495671286,
    0.736685353513,0.770293169361,0.803437255019,0.835912951666,
    0.868460245789,0.900846538243,0.933466524631,0.966257575298,1.),
  .UNSPECIFIED.);
#3055 = CARTESIAN_POINT('',(2.276900555589E-02,0.75,1.298698343253E-02)
  );
#3056 = CARTESIAN_POINT('',(2.280649334531E-02,0.75,6.57585340576E-03));
#3057 = CARTESIAN_POINT('',(2.287931391661E-02,0.75,-5.877859079665E-03)
  );
#3058 = CARTESIAN_POINT('',(2.368941916715E-02,0.75,-2.402467531587E-02)
  );
#3059 = CARTESIAN_POINT('',(2.503517257437E-02,0.75,-4.104870834389E-02)
  );
#3060 = CARTESIAN_POINT('',(2.687944375726E-02,0.75,-5.6950773034E-02));
#3061 = CARTESIAN_POINT('',(2.912378435424E-02,0.75,-7.173497469316E-02)
  );
#3062 = CARTESIAN_POINT('',(3.211983996582E-02,0.75,-8.536180408017E-02)
  );
#3063 = CARTESIAN_POINT('',(3.552701740753E-02,0.75,-9.789433055023E-02)
  );
#3064 = CARTESIAN_POINT('',(3.94758683573E-02,0.75,-0.109373421805));
#3065 = CARTESIAN_POINT('',(4.393161567368E-02,0.75,-0.119953730721));
#3066 = CARTESIAN_POINT('',(4.878124547049E-02,0.75,-0.129830896584));
#3067 = CARTESIAN_POINT('',(5.421722197604E-02,0.75,-0.138989974565));
#3068 = CARTESIAN_POINT('',(5.992886916771E-02,0.75,-0.147577150613));
#3069 = CARTESIAN_POINT('',(6.614739163946E-02,0.75,-0.15545185859));
#3070 = CARTESIAN_POINT('',(7.269582483572E-02,0.75,-0.162725305735));
#3071 = CARTESIAN_POINT('',(7.982975355196E-02,0.75,-0.169229391502));
#3072 = CARTESIAN_POINT('',(8.730666878321E-02,0.75,-0.175154683203));
#3073 = CARTESIAN_POINT('',(9.519426471369E-02,0.75,-0.180348908537));
#3074 = CARTESIAN_POINT('',(0.103267712273,0.75,-0.184924078664));
#3075 = CARTESIAN_POINT('',(0.111582581514,0.75,-0.188832634922));
#3076 = CARTESIAN_POINT('',(0.120161573845,0.75,-0.191905827592));
#3077 = CARTESIAN_POINT('',(0.128927580461,0.75,-0.19444421008));
#3078 = CARTESIAN_POINT('',(0.137911245225,0.75,-0.196180089811));
#3079 = CARTESIAN_POINT('',(0.147127401104,0.75,-0.197272307925));
#3080 = CARTESIAN_POINT('',(0.153348136509,0.75,-0.197376727095));
#3081 = CARTESIAN_POINT('',(0.156502979915,0.75,-0.197429683234));
#3082 = ORIENTED_EDGE('',*,*,#3083,.T.);
#3083 = EDGE_CURVE('',#3052,#2986,#3084,.T.);
#3084 = B_SPLINE_CURVE_WITH_KNOTS('',3,(#3085,#3086,#3087,#3088,#3089,
    #3090,#3091,#3092,#3093,#3094,#3095,#3096,#3097,#3098,#3099,#3100,
    #3101,#3102,#3103,#3104,#3105,#3106,#3107,#3108,#3109,#3110,#3111),
  .UNSPECIFIED.,.F.,.F.,(4,1,1,1,1,1,1,1,1,1,1,1,1,1,1,1,1,1,1,1,1,1,1,1
    ,4),(0.,3.378811616271E-02,6.719393237388E-02,9.986241085683E-02,
    0.132566612126,0.165151173255,0.197913187356,0.231319003567,
    0.265083278267,0.299255308758,0.334398566505,0.369942823509,
    0.4062835607,0.444063819699,0.482997706873,0.523354446613,
    0.565536589604,0.609612924066,0.656390811376,0.705885494936,
    0.758324500262,0.813831782941,0.872794559039,0.93472222954,1.),
  .UNSPECIFIED.);
#3085 = CARTESIAN_POINT('',(0.156502979915,0.75,-0.197429683234));
#3086 = CARTESIAN_POINT('',(0.159684177456,0.75,-0.197373932928));
#3087 = CARTESIAN_POINT('',(0.166010578473,0.75,-0.197263063111));
#3088 = CARTESIAN_POINT('',(0.175363764215,0.75,-0.196197469678));
#3089 = CARTESIAN_POINT('',(0.184500870697,0.75,-0.194429341324));
#3090 = CARTESIAN_POINT('',(0.193382943691,0.75,-0.191924087086));
#3091 = CARTESIAN_POINT('',(0.202082942145,0.75,-0.188816009754));
#3092 = CARTESIAN_POINT('',(0.210532817304,0.75,-0.184920339227));
#3093 = CARTESIAN_POINT('',(0.218785055206,0.75,-0.18038561153));
#3094 = CARTESIAN_POINT('',(0.226708516637,0.75,-0.17505716841));
#3095 = CARTESIAN_POINT('',(0.234390186962,0.75,-0.169116336844));
#3096 = CARTESIAN_POINT('',(0.241641382731,0.75,-0.162400603267));
#3097 = CARTESIAN_POINT('',(0.248462763976,0.75,-0.154977778208));
#3098 = CARTESIAN_POINT('',(0.254939941734,0.75,-0.146927279478));
#3099 = CARTESIAN_POINT('',(0.260889152843,0.75,-0.138094698354));
#3100 = CARTESIAN_POINT('',(0.266554687956,0.75,-0.128633657232));
#3101 = CARTESIAN_POINT('',(0.271625777773,0.75,-0.118378701256));
#3102 = CARTESIAN_POINT('',(0.27650974065,0.75,-0.107500933503));
#3103 = CARTESIAN_POINT('',(0.280725396278,0.75,-9.569937249603E-02));
#3104 = CARTESIAN_POINT('',(0.28452725288,0.75,-8.304054272253E-02));
#3105 = CARTESIAN_POINT('',(0.287599135003,0.75,-6.937492136786E-02));
#3106 = CARTESIAN_POINT('',(0.290157908985,0.75,-5.477420761985E-02));
#3107 = CARTESIAN_POINT('',(0.292140182807,0.75,-3.918478096383E-02));
#3108 = CARTESIAN_POINT('',(0.29358391333,0.75,-2.264005919106E-02));
#3109 = CARTESIAN_POINT('',(0.294346551621,0.75,-5.129157403544E-03));
#3110 = CARTESIAN_POINT('',(0.294490174616,0.75,6.843168216703E-03));
#3111 = CARTESIAN_POINT('',(0.294563877351,0.75,1.298698343253E-02));
#3112 = FACE_BOUND('',#3113,.T.);
#3113 = EDGE_LOOP('',(#3114,#3124,#3132,#3140));
#3114 = ORIENTED_EDGE('',*,*,#3115,.F.);
#3115 = EDGE_CURVE('',#3116,#3118,#3120,.T.);
#3116 = VERTEX_POINT('',#3117);
#3117 = CARTESIAN_POINT('',(0.75,0.75,-0.675));
#3118 = VERTEX_POINT('',#3119);
#3119 = CARTESIAN_POINT('',(0.75,0.75,0.675));
#3120 = LINE('',#3121,#3122);
#3121 = CARTESIAN_POINT('',(0.75,0.75,0.675));
#3122 = VECTOR('',#3123,1.);
#3123 = DIRECTION('',(2.282530889443E-16,-1.462787551306E-46,1.));
#3124 = ORIENTED_EDGE('',*,*,#3125,.T.);
#3125 = EDGE_CURVE('',#3116,#3126,#3128,.T.);
#3126 = VERTEX_POINT('',#3127);
#3127 = CARTESIAN_POINT('',(-0.75,0.75,-0.675));
#3128 = LINE('',#3129,#3130);
#3129 = CARTESIAN_POINT('',(2.100925608611,0.75,-0.675));
#3130 = VECTOR('',#3131,1.);
#3131 = DIRECTION('',(-1.,3.761581922631E-31,-1.734723475977E-16));
#3132 = ORIENTED_EDGE('',*,*,#3133,.T.);
#3133 = EDGE_CURVE('',#3126,#3134,#3136,.T.);
#3134 = VERTEX_POINT('',#3135);
#3135 = CARTESIAN_POINT('',(-0.75,0.75,0.675));
#3136 = LINE('',#3137,#3138);
#3137 = CARTESIAN_POINT('',(-0.75,0.75,0.675));
#3138 = VECTOR('',#3139,1.);
#3139 = DIRECTION('',(-1.606225440719E-16,-0.,1.));
#3140 = ORIENTED_EDGE('',*,*,#3141,.F.);
#3141 = EDGE_CURVE('',#3118,#3134,#3142,.T.);
#3142 = LINE('',#3143,#3144);
#3143 = CARTESIAN_POINT('',(2.100925608611,0.75,0.675));
#3144 = VECTOR('',#3145,1.);
#3145 = DIRECTION('',(-1.,3.761581922631E-31,-1.734723475977E-16));
#3146 = FACE_BOUND('',#3147,.T.);
#3147 = EDGE_LOOP('',(#3148,#3182,#3214,#3246));
#3148 = ORIENTED_EDGE('',*,*,#3149,.T.);
#3149 = EDGE_CURVE('',#3150,#3152,#3154,.T.);
#3150 = VERTEX_POINT('',#3151);
#3151 = CARTESIAN_POINT('',(-0.320820738034,0.75,1.298698343253E-02));
#3152 = VERTEX_POINT('',#3153);
#3153 = CARTESIAN_POINT('',(-0.45888163547,0.75,0.223083137279));
#3154 = B_SPLINE_CURVE_WITH_KNOTS('',3,(#3155,#3156,#3157,#3158,#3159,
    #3160,#3161,#3162,#3163,#3164,#3165,#3166,#3167,#3168,#3169,#3170,
    #3171,#3172,#3173,#3174,#3175,#3176,#3177,#3178,#3179,#3180,#3181),
  .UNSPECIFIED.,.F.,.F.,(4,1,1,1,1,1,1,1,1,1,1,1,1,1,1,1,1,1,1,1,1,1,1,1
    ,4),(0.,6.506328961728E-02,0.126773166467,0.185515763226,
    0.240764679168,0.292979796024,0.34225037278,0.388919286186,
    0.432775664058,0.474628432631,0.514774690638,0.553605893498,
    0.591426406431,0.628028119946,0.66380363411,0.698984336132,
    0.733591489307,0.767628469151,0.801208347787,0.834263839727,
    0.866980694729,0.899719741518,0.932701912499,0.966175883433,1.),
  .UNSPECIFIED.);
#3155 = CARTESIAN_POINT('',(-0.320820738034,0.75,1.298698343253E-02));
#3156 = CARTESIAN_POINT('',(-0.320895204839,0.75,1.910400148292E-02));
#3157 = CARTESIAN_POINT('',(-0.321040300372,0.75,3.102276169536E-02));
#3158 = CARTESIAN_POINT('',(-0.321792152574,0.75,4.845487316048E-02));
#3159 = CARTESIAN_POINT('',(-0.323273138994,0.75,6.49117923946E-02));
#3160 = CARTESIAN_POINT('',(-0.325125709087,0.75,8.043298810417E-02));
#3161 = CARTESIAN_POINT('',(-0.327691533426,0.75,9.495385882793E-02));
#3162 = CARTESIAN_POINT('',(-0.330846409569,0.75,0.108524652939));
#3163 = CARTESIAN_POINT('',(-0.334349303606,0.75,0.121203975415));
#3164 = CARTESIAN_POINT('',(-0.338673280076,0.75,0.132887953884));
#3165 = CARTESIAN_POINT('',(-0.343405932687,0.75,0.143739579355));
#3166 = CARTESIAN_POINT('',(-0.348555097964,0.75,0.153872967735));
#3167 = CARTESIAN_POINT('',(-0.354071649517,0.75,0.163377686898));
#3168 = CARTESIAN_POINT('',(-0.360081791803,0.75,0.172177657976));
#3169 = CARTESIAN_POINT('',(-0.366487896168,0.75,0.180335218785));
#3170 = CARTESIAN_POINT('',(-0.37342707203,0.75,0.187706375659));
#3171 = CARTESIAN_POINT('',(-0.380703710328,0.75,0.194468738169));
#3172 = CARTESIAN_POINT('',(-0.388407986423,0.75,0.200486067022));
#3173 = CARTESIAN_POINT('',(-0.396455020849,0.75,0.205752901838));
#3174 = CARTESIAN_POINT('',(-0.404678915355,0.75,0.210463056168));
#3175 = CARTESIAN_POINT('',(-0.413225587738,0.75,0.214261078459));
#3176 = CARTESIAN_POINT('',(-0.421901353764,0.75,0.217522225999));
#3177 = CARTESIAN_POINT('',(-0.430830309891,0.75,0.220013706215));
#3178 = CARTESIAN_POINT('',(-0.44000132597,0.75,0.22173643256));
#3179 = CARTESIAN_POINT('',(-0.449367752933,0.75,0.222944643812));
#3180 = CARTESIAN_POINT('',(-0.455699360371,0.75,0.223036812941));
#3181 = CARTESIAN_POINT('',(-0.45888163547,0.75,0.223083137279));
#3182 = ORIENTED_EDGE('',*,*,#3183,.T.);
#3183 = EDGE_CURVE('',#3152,#3184,#3186,.T.);
#3184 = VERTEX_POINT('',#3185);
#3185 = CARTESIAN_POINT('',(-0.592615609829,0.75,1.298698343253E-02));
#3186 = B_SPLINE_CURVE_WITH_KNOTS('',3,(#3187,#3188,#3189,#3190,#3191,
    #3192,#3193,#3194,#3195,#3196,#3197,#3198,#3199,#3200,#3201,#3202,
    #3203,#3204,#3205,#3206,#3207,#3208,#3209,#3210,#3211,#3212,#3213),
  .UNSPECIFIED.,.F.,.F.,(4,1,1,1,1,1,1,1,1,1,1,1,1,1,1,1,1,1,1,1,1,1,1,1
    ,4),(0.,3.378714634699E-02,6.662165772429E-02,9.928487809597E-02,
    0.131361165043,0.163585187595,0.196103926987,0.228902254324,
    0.262158055905,0.295991222258,0.330217845725,0.365059825892,
    0.40095073734,0.437620382077,0.475707529437,0.515380691625,
    0.556413541493,0.599764829873,0.646424155584,0.696431444518,
    0.749781517802,0.806573306976,0.867435531565,0.931886753251,1.),
  .UNSPECIFIED.);
#3187 = CARTESIAN_POINT('',(-0.45888163547,0.75,0.223083137279));
#3188 = CARTESIAN_POINT('',(-0.462036391354,0.75,0.223029839512));
#3189 = CARTESIAN_POINT('',(-0.468256954184,0.75,0.222924746719));
#3190 = CARTESIAN_POINT('',(-0.477474374234,0.75,0.22183746312));
#3191 = CARTESIAN_POINT('',(-0.486420939199,0.75,0.22008940561));
#3192 = CARTESIAN_POINT('',(-0.495140796803,0.75,0.217641793714));
#3193 = CARTESIAN_POINT('',(-0.503678684241,0.75,0.214645812421));
#3194 = CARTESIAN_POINT('',(-0.511918259859,0.75,0.210742534295));
#3195 = CARTESIAN_POINT('',(-0.519951137995,0.75,0.206247212129));
#3196 = CARTESIAN_POINT('',(-0.527755887254,0.75,0.201127735393));
#3197 = CARTESIAN_POINT('',(-0.535185848516,0.75,0.195262400178));
#3198 = CARTESIAN_POINT('',(-0.542282831981,0.75,0.1887750529));
#3199 = CARTESIAN_POINT('',(-0.548868548449,0.75,0.181503805894));
#3200 = CARTESIAN_POINT('',(-0.554998159376,0.75,0.173563471825));
#3201 = CARTESIAN_POINT('',(-0.560823769456,0.75,0.165027101273));
#3202 = CARTESIAN_POINT('',(-0.566182554978,0.75,0.155778144353));
#3203 = CARTESIAN_POINT('',(-0.571139224015,0.75,0.145853274583));
#3204 = CARTESIAN_POINT('',(-0.575669908662,0.75,0.135188370506));
#3205 = CARTESIAN_POINT('',(-0.579686898778,0.75,0.123627807322));
#3206 = CARTESIAN_POINT('',(-0.583235208277,0.75,0.111039329779));
#3207 = CARTESIAN_POINT('',(-0.586036826274,0.75,9.731182850843E-02));
#3208 = CARTESIAN_POINT('',(-0.588434878312,0.75,8.25555579821E-02));
#3209 = CARTESIAN_POINT('',(-0.590369093517,0.75,6.670710879515E-02));
#3210 = CARTESIAN_POINT('',(-0.591689587839,0.75,4.975787700236E-02));
#3211 = CARTESIAN_POINT('',(-0.592505738129,0.75,3.171842455366E-02));
#3212 = CARTESIAN_POINT('',(-0.592578317605,0.75,1.934473606033E-02));
#3213 = CARTESIAN_POINT('',(-0.592615609829,0.75,1.298698343253E-02));
#3214 = ORIENTED_EDGE('',*,*,#3215,.T.);
#3215 = EDGE_CURVE('',#3184,#3216,#3218,.T.);
#3216 = VERTEX_POINT('',#3217);
#3217 = CARTESIAN_POINT('',(-0.45888163547,0.75,-0.197429683234));
#3218 = B_SPLINE_CURVE_WITH_KNOTS('',3,(#3219,#3220,#3221,#3222,#3223,
    #3224,#3225,#3226,#3227,#3228,#3229,#3230,#3231,#3232,#3233,#3234,
    #3235,#3236,#3237,#3238,#3239,#3240,#3241,#3242,#3243,#3244,#3245),
  .UNSPECIFIED.,.F.,.F.,(4,1,1,1,1,1,1,1,1,1,1,1,1,1,1,1,1,1,1,1,1,1,1,1
    ,4),(0.,6.859462225874E-02,0.133246042443,0.194312586468,
    0.251279223117,0.304513439256,0.354234906653,0.400480588774,
    0.443410754938,0.484014868616,0.523252300773,0.561042372728,
    0.597900239364,0.633518488856,0.66831435117,0.702495671286,
    0.736685353513,0.770293169361,0.803437255019,0.835912951666,
    0.868460245789,0.900846538243,0.933466524631,0.966257575298,1.),
  .UNSPECIFIED.);
#3219 = CARTESIAN_POINT('',(-0.592615609829,0.75,1.298698343253E-02));
#3220 = CARTESIAN_POINT('',(-0.592578122039,0.75,6.57585340576E-03));
#3221 = CARTESIAN_POINT('',(-0.592505301468,0.75,-5.877859079665E-03));
#3222 = CARTESIAN_POINT('',(-0.591695196217,0.75,-2.402467531587E-02));
#3223 = CARTESIAN_POINT('',(-0.59034944281,0.75,-4.104870834389E-02));
#3224 = CARTESIAN_POINT('',(-0.588505171627,0.75,-5.6950773034E-02));
#3225 = CARTESIAN_POINT('',(-0.58626083103,0.75,-7.173497469316E-02));
#3226 = CARTESIAN_POINT('',(-0.583264775419,0.75,-8.536180408017E-02));
#3227 = CARTESIAN_POINT('',(-0.579857597977,0.75,-9.789433055023E-02));
#3228 = CARTESIAN_POINT('',(-0.575908747027,0.75,-0.109373421805));
#3229 = CARTESIAN_POINT('',(-0.571452999711,0.75,-0.119953730721));
#3230 = CARTESIAN_POINT('',(-0.566603369914,0.75,-0.129830896584));
#3231 = CARTESIAN_POINT('',(-0.561167393409,0.75,-0.138989974565));
#3232 = CARTESIAN_POINT('',(-0.555455746217,0.75,-0.147577150613));
#3233 = CARTESIAN_POINT('',(-0.549237223745,0.75,-0.15545185859));
#3234 = CARTESIAN_POINT('',(-0.542688790549,0.75,-0.162725305735));
#3235 = CARTESIAN_POINT('',(-0.535554861833,0.75,-0.169229391502));
#3236 = CARTESIAN_POINT('',(-0.528077946601,0.75,-0.175154683203));
#3237 = CARTESIAN_POINT('',(-0.520190350671,0.75,-0.180348908537));
#3238 = CARTESIAN_POINT('',(-0.512116903112,0.75,-0.184924078664));
#3239 = CARTESIAN_POINT('',(-0.503802033871,0.75,-0.188832634922));
#3240 = CARTESIAN_POINT('',(-0.49522304154,0.75,-0.191905827592));
#3241 = CARTESIAN_POINT('',(-0.486457034924,0.75,-0.19444421008));
#3242 = CARTESIAN_POINT('',(-0.477473370159,0.75,-0.196180089811));
#3243 = CARTESIAN_POINT('',(-0.468257214281,0.75,-0.197272307925));
#3244 = CARTESIAN_POINT('',(-0.462036478875,0.75,-0.197376727095));
#3245 = CARTESIAN_POINT('',(-0.45888163547,0.75,-0.197429683234));
#3246 = ORIENTED_EDGE('',*,*,#3247,.T.);
#3247 = EDGE_CURVE('',#3216,#3150,#3248,.T.);
#3248 = B_SPLINE_CURVE_WITH_KNOTS('',3,(#3249,#3250,#3251,#3252,#3253,
    #3254,#3255,#3256,#3257,#3258,#3259,#3260,#3261,#3262,#3263,#3264,
    #3265,#3266,#3267,#3268,#3269,#3270,#3271,#3272,#3273,#3274,#3275),
  .UNSPECIFIED.,.F.,.F.,(4,1,1,1,1,1,1,1,1,1,1,1,1,1,1,1,1,1,1,1,1,1,1,1
    ,4),(0.,3.378811616271E-02,6.719393237388E-02,9.986241085683E-02,
    0.132566612126,0.165151173255,0.197913187356,0.231319003567,
    0.265083278267,0.299255308758,0.334398566505,0.369942823509,
    0.4062835607,0.444063819699,0.482997706873,0.523354446613,
    0.565536589604,0.609612924066,0.656390811376,0.705885494936,
    0.758324500262,0.813831782941,0.872794559039,0.93472222954,1.),
  .UNSPECIFIED.);
#3249 = CARTESIAN_POINT('',(-0.45888163547,0.75,-0.197429683234));
#3250 = CARTESIAN_POINT('',(-0.455700437929,0.75,-0.197373932928));
#3251 = CARTESIAN_POINT('',(-0.449374036912,0.75,-0.197263063111));
#3252 = CARTESIAN_POINT('',(-0.44002085117,0.75,-0.196197469678));
#3253 = CARTESIAN_POINT('',(-0.430883744688,0.75,-0.194429341324));
#3254 = CARTESIAN_POINT('',(-0.422001671693,0.75,-0.191924087086));
#3255 = CARTESIAN_POINT('',(-0.41330167324,0.75,-0.188816009754));
#3256 = CARTESIAN_POINT('',(-0.40485179808,0.75,-0.184920339227));
#3257 = CARTESIAN_POINT('',(-0.396599560178,0.75,-0.18038561153));
#3258 = CARTESIAN_POINT('',(-0.388676098748,0.75,-0.17505716841));
#3259 = CARTESIAN_POINT('',(-0.380994428422,0.75,-0.169116336844));
#3260 = CARTESIAN_POINT('',(-0.373743232654,0.75,-0.162400603267));
#3261 = CARTESIAN_POINT('',(-0.366921851409,0.75,-0.154977778208));
#3262 = CARTESIAN_POINT('',(-0.36044467365,0.75,-0.146927279478));
#3263 = CARTESIAN_POINT('',(-0.354495462542,0.75,-0.138094698354));
#3264 = CARTESIAN_POINT('',(-0.348829927429,0.75,-0.128633657232));
#3265 = CARTESIAN_POINT('',(-0.343758837612,0.75,-0.118378701256));
#3266 = CARTESIAN_POINT('',(-0.338874874734,0.75,-0.107500933503));
#3267 = CARTESIAN_POINT('',(-0.334659219107,0.75,-9.569937249603E-02));
#3268 = CARTESIAN_POINT('',(-0.330857362504,0.75,-8.304054272253E-02));
#3269 = CARTESIAN_POINT('',(-0.327785480381,0.75,-6.937492136786E-02));
#3270 = CARTESIAN_POINT('',(-0.3252267064,0.75,-5.477420761985E-02));
#3271 = CARTESIAN_POINT('',(-0.323244432578,0.75,-3.918478096383E-02));
#3272 = CARTESIAN_POINT('',(-0.321800702054,0.75,-2.264005919106E-02));
#3273 = CARTESIAN_POINT('',(-0.321038063764,0.75,-5.129157403544E-03));
#3274 = CARTESIAN_POINT('',(-0.320894440769,0.75,6.843168216703E-03));
#3275 = CARTESIAN_POINT('',(-0.320820738034,0.75,1.298698343253E-02));
#3276 = FACE_BOUND('',#3277,.T.);
#3277 = EDGE_LOOP('',(#3278,#3300,#3316,#3340,#3356,#3372,#3396,#3420,
    #3436));
#3278 = ORIENTED_EDGE('',*,*,#3279,.T.);
#3279 = EDGE_CURVE('',#3280,#3282,#3284,.T.);
#3280 = VERTEX_POINT('',#3281);
#3281 = CARTESIAN_POINT('',(-0.147182917521,0.75,-0.197429683234));
#3282 = VERTEX_POINT('',#3283);
#3283 = CARTESIAN_POINT('',(-3.364125085437E-02,0.75,-9.366365759311E-02
    ));
#3284 = B_SPLINE_CURVE_WITH_KNOTS('',3,(#3285,#3286,#3287,#3288,#3289,
    #3290,#3291,#3292,#3293,#3294,#3295,#3296,#3297,#3298,#3299),
  .UNSPECIFIED.,.F.,.F.,(4,1,1,1,1,1,1,1,1,1,1,1,4),(0.,
    8.940971111014E-02,0.176305764483,0.262625902183,0.349445726476,
    0.435498263743,0.518928130104,0.601354656579,0.684256421718,
    0.765806739797,0.84487686571,0.922279794849,1.),.UNSPECIFIED.);
#3285 = CARTESIAN_POINT('',(-0.147182917521,0.75,-0.197429683234));
#3286 = CARTESIAN_POINT('',(-0.142096767236,0.75,-0.197264386879));
#3287 = CARTESIAN_POINT('',(-0.132067458305,0.75,-0.196938441297));
#3288 = CARTESIAN_POINT('',(-0.117325215153,0.75,-0.194219940947));
#3289 = CARTESIAN_POINT('',(-0.103219514874,0.75,-0.189679424405));
#3290 = CARTESIAN_POINT('',(-8.979900071091E-02,0.75,-0.183519741738));
#3291 = CARTESIAN_POINT('',(-7.730393014293E-02,0.75,-0.175932662789));
#3292 = CARTESIAN_POINT('',(-6.626366622821E-02,0.75,-0.166743991467));
#3293 = CARTESIAN_POINT('',(-5.651137114645E-02,0.75,-0.156442099956));
#3294 = CARTESIAN_POINT('',(-4.844458323121E-02,0.75,-0.144908431005));
#3295 = CARTESIAN_POINT('',(-4.179739586909E-02,0.75,-0.132715951733));
#3296 = CARTESIAN_POINT('',(-3.716872145576E-02,0.75,-0.119959092202));
#3297 = CARTESIAN_POINT('',(-3.42027815732E-02,0.75,-0.106913485475));
#3298 = CARTESIAN_POINT('',(-3.382868281086E-02,0.75,-9.808628502873E-02
    ));
#3299 = CARTESIAN_POINT('',(-3.364125085437E-02,0.75,-9.366365759311E-02
    ));
#3300 = ORIENTED_EDGE('',*,*,#3301,.T.);
#3301 = EDGE_CURVE('',#3282,#3302,#3304,.T.);
#3302 = VERTEX_POINT('',#3303);
#3303 = CARTESIAN_POINT('',(-9.045214829027E-02,0.75,-1.000981143926E-02
    ));
#3304 = B_SPLINE_CURVE_WITH_KNOTS('',3,(#3305,#3306,#3307,#3308,#3309,
    #3310,#3311,#3312,#3313,#3314,#3315),.UNSPECIFIED.,.F.,.F.,(4,1,1,1,
    1,1,1,1,4),(0.,0.12190404087,0.239412607602,0.35541010428,
    0.472090728803,0.592858982156,0.718703467714,0.854892382952,1.),
  .UNSPECIFIED.);
#3305 = CARTESIAN_POINT('',(-3.364125085437E-02,0.75,-9.366365759311E-02
    ));
#3306 = CARTESIAN_POINT('',(-3.380520064094E-02,0.75,-8.932346743805E-02
    ));
#3307 = CARTESIAN_POINT('',(-3.412718870334E-02,0.75,-8.079958065713E-02
    ));
#3308 = CARTESIAN_POINT('',(-3.683575322075E-02,0.75,-6.837369260249E-02
    ));
#3309 = CARTESIAN_POINT('',(-4.139727477514E-02,0.75,-5.673688815322E-02
    ));
#3310 = CARTESIAN_POINT('',(-4.762517911607E-02,0.75,-4.575712219093E-02
    ));
#3311 = CARTESIAN_POINT('',(-5.57423776859E-02,0.75,-3.56335224641E-02)
  );
#3312 = CARTESIAN_POINT('',(-6.564051860553E-02,0.75,-2.623735447651E-02
    ));
#3313 = CARTESIAN_POINT('',(-7.7240687549E-02,0.75,-1.749143123849E-02)
  );
#3314 = CARTESIAN_POINT('',(-8.595621740197E-02,0.75,-1.255584674971E-02
    ));
#3315 = CARTESIAN_POINT('',(-9.045214829027E-02,0.75,-1.000981143926E-02
    ));
#3316 = ORIENTED_EDGE('',*,*,#3317,.T.);
#3317 = EDGE_CURVE('',#3302,#3318,#3320,.T.);
#3318 = VERTEX_POINT('',#3319);
#3319 = CARTESIAN_POINT('',(-1.312843034155E-02,0.75,9.632031676586E-02)
  );
#3320 = B_SPLINE_CURVE_WITH_KNOTS('',3,(#3321,#3322,#3323,#3324,#3325,
    #3326,#3327,#3328,#3329,#3330,#3331,#3332,#3333,#3334,#3335,#3336,
    #3337,#3338,#3339),.UNSPECIFIED.,.F.,.F.,(4,1,1,1,1,1,1,1,1,1,1,1,1,
    1,1,1,4),(0.,7.952482958501E-02,0.15509997635,0.227219820073,
    0.295910504191,0.362055880947,0.425520116913,0.485812719225,
    0.544494706002,0.601459635722,0.657840593797,0.713974472193,
    0.769467951597,0.826129967181,0.882885359309,0.940700881666,1.),
  .UNSPECIFIED.);
#3321 = CARTESIAN_POINT('',(-9.045214829027E-02,0.75,-1.000981143926E-02
    ));
#3322 = CARTESIAN_POINT('',(-8.717802861599E-02,0.75,-8.302616472563E-03
    ));
#3323 = CARTESIAN_POINT('',(-8.079240180364E-02,0.75,-4.97301614093E-03)
  );
#3324 = CARTESIAN_POINT('',(-7.169786372247E-02,0.75,3.882213091693E-04)
  );
#3325 = CARTESIAN_POINT('',(-6.338643500811E-02,0.75,6.038617293914E-03)
  );
#3326 = CARTESIAN_POINT('',(-5.562751366092E-02,0.75,1.171128694106E-02)
  );
#3327 = CARTESIAN_POINT('',(-4.855741642587E-02,0.75,1.762347567236E-02)
  );
#3328 = CARTESIAN_POINT('',(-4.225519781337E-02,0.75,2.37986935247E-02)
  );
#3329 = CARTESIAN_POINT('',(-3.656518410847E-02,0.75,3.008280155836E-02)
  );
#3330 = CARTESIAN_POINT('',(-3.160212308112E-02,0.75,3.658221186291E-02)
  );
#3331 = CARTESIAN_POINT('',(-2.723677031322E-02,0.75,4.327965747367E-02)
  );
#3332 = CARTESIAN_POINT('',(-2.346395486138E-02,0.75,5.019271724993E-02)
  );
#3333 = CARTESIAN_POINT('',(-2.02391316805E-02,0.75,5.730624110943E-02)
  );
#3334 = CARTESIAN_POINT('',(-1.768336725456E-02,0.75,6.469787881635E-02)
  );
#3335 = CARTESIAN_POINT('',(-1.557801963275E-02,0.75,7.225905157728E-02)
  );
#3336 = CARTESIAN_POINT('',(-1.412937905654E-02,0.75,8.008739236039E-02)
  );
#3337 = CARTESIAN_POINT('',(-1.335030273453E-02,0.75,8.813131703416E-02)
  );
#3338 = CARTESIAN_POINT('',(-1.320300976982E-02,0.75,9.356769436946E-02)
  );
#3339 = CARTESIAN_POINT('',(-1.312843034155E-02,0.75,9.632031676586E-02)
  );
#3340 = ORIENTED_EDGE('',*,*,#3341,.T.);
#3341 = EDGE_CURVE('',#3318,#3342,#3344,.T.);
#3342 = VERTEX_POINT('',#3343);
#3343 = CARTESIAN_POINT('',(-4.341689188001E-02,0.75,0.179172880868));
#3344 = B_SPLINE_CURVE_WITH_KNOTS('',3,(#3345,#3346,#3347,#3348,#3349,
    #3350,#3351,#3352,#3353,#3354,#3355),.UNSPECIFIED.,.F.,.F.,(4,1,1,1,
    1,1,1,1,4),(0.,0.128158185528,0.253673136153,0.377325305973,
    0.499384554765,0.622918368042,0.745839393105,0.871395285014,1.),
  .UNSPECIFIED.);
#3345 = CARTESIAN_POINT('',(-1.312843034155E-02,0.75,9.632031676586E-02)
  );
#3346 = CARTESIAN_POINT('',(-1.321659268892E-02,0.75,0.100171486209));
#3347 = CARTESIAN_POINT('',(-1.339109905429E-02,0.75,0.107794395557));
#3348 = CARTESIAN_POINT('',(-1.491109722851E-02,0.75,0.119045379728));
#3349 = CARTESIAN_POINT('',(-1.718686619814E-02,0.75,0.12997244052));
#3350 = CARTESIAN_POINT('',(-2.051023903E-02,0.75,0.140573182327));
#3351 = CARTESIAN_POINT('',(-2.482034084138E-02,0.75,0.150789110709));
#3352 = CARTESIAN_POINT('',(-3.013197923907E-02,0.75,0.160628970531));
#3353 = CARTESIAN_POINT('',(-3.61446883987E-02,0.75,0.170254034437));
#3354 = CARTESIAN_POINT('',(-4.097351573654E-02,0.75,0.176176251765));
#3355 = CARTESIAN_POINT('',(-4.341689188001E-02,0.75,0.179172880868));
#3356 = ORIENTED_EDGE('',*,*,#3357,.T.);
#3357 = EDGE_CURVE('',#3342,#3358,#3360,.T.);
#3358 = VERTEX_POINT('',#3359);
#3359 = CARTESIAN_POINT('',(-0.149586763675,0.75,0.223083137279));
#3360 = B_SPLINE_CURVE_WITH_KNOTS('',3,(#3361,#3362,#3363,#3364,#3365,
    #3366,#3367,#3368,#3369,#3370,#3371),.UNSPECIFIED.,.F.,.F.,(4,1,1,1,
    1,1,1,1,4),(0.,0.119283450373,0.237092882069,0.354796044215,
    0.474576300941,0.597460065815,0.724926154616,0.858883199193,1.),
  .UNSPECIFIED.);
#3361 = CARTESIAN_POINT('',(-4.341689188001E-02,0.75,0.179172880868));
#3362 = CARTESIAN_POINT('',(-4.659820322908E-02,0.75,0.182669312205));
#3363 = CARTESIAN_POINT('',(-5.292151358056E-02,0.75,0.189618968505));
#3364 = CARTESIAN_POINT('',(-6.375384816527E-02,0.75,0.198641918218));
#3365 = CARTESIAN_POINT('',(-7.564206345852E-02,0.75,0.206224706115));
#3366 = CARTESIAN_POINT('',(-8.854015861723E-02,0.75,0.212404351206));
#3367 = CARTESIAN_POINT('',(-0.102413655921,0.75,0.217214163654));
#3368 = CARTESIAN_POINT('',(-0.117259599305,0.75,0.220670451416));
#3369 = CARTESIAN_POINT('',(-0.133106931067,0.75,0.222650157612));
#3370 = CARTESIAN_POINT('',(-0.143998984909,0.75,0.222936327864));
#3371 = CARTESIAN_POINT('',(-0.149586763675,0.75,0.223083137279));
#3372 = ORIENTED_EDGE('',*,*,#3373,.T.);
#3373 = EDGE_CURVE('',#3358,#3374,#3376,.T.);
#3374 = VERTEX_POINT('',#3375);
#3375 = CARTESIAN_POINT('',(-0.284923302136,0.75,9.960557317612E-02));
#3376 = B_SPLINE_CURVE_WITH_KNOTS('',3,(#3377,#3378,#3379,#3380,#3381,
    #3382,#3383,#3384,#3385,#3386,#3387,#3388,#3389,#3390,#3391,#3392,
    #3393,#3394,#3395),.UNSPECIFIED.,.F.,.F.,(4,1,1,1,1,1,1,1,1,1,1,1,1,
    1,1,1,4),(0.,7.85564333527E-02,0.152862840142,0.223559693438,
    0.290374943978,0.355403072822,0.418291157044,0.480388563776,
    0.543072615206,0.604923944462,0.664398309113,0.721942554737,
    0.778374891055,0.833829940651,0.888861236319,0.944088939578,1.),
  .UNSPECIFIED.);
#3377 = CARTESIAN_POINT('',(-0.149586763675,0.75,0.223083137279));
#3378 = CARTESIAN_POINT('',(-0.154959722374,0.75,0.222951425512));
#3379 = CARTESIAN_POINT('',(-0.165414954258,0.75,0.222695127794));
#3380 = CARTESIAN_POINT('',(-0.180632997406,0.75,0.220958621328));
#3381 = CARTESIAN_POINT('',(-0.194818491102,0.75,0.217915436564));
#3382 = CARTESIAN_POINT('',(-0.208053916051,0.75,0.213750338356));
#3383 = CARTESIAN_POINT('',(-0.220259481004,0.75,0.208332026549));
#3384 = CARTESIAN_POINT('',(-0.231400406852,0.75,0.201588208406));
#3385 = CARTESIAN_POINT('',(-0.241637432252,0.75,0.193790329302));
#3386 = CARTESIAN_POINT('',(-0.250659886374,0.75,0.18471443465));
#3387 = CARTESIAN_POINT('',(-0.258669994244,0.75,0.174993534956));
#3388 = CARTESIAN_POINT('',(-0.265706343166,0.75,0.164964779555));
#3389 = CARTESIAN_POINT('',(-0.271554809283,0.75,0.154627252979));
#3390 = CARTESIAN_POINT('',(-0.276506477322,0.75,0.144135096729));
#3391 = CARTESIAN_POINT('',(-0.280297108486,0.75,0.133341250543));
#3392 = CARTESIAN_POINT('',(-0.282922503952,0.75,0.122301249042));
#3393 = CARTESIAN_POINT('',(-0.284589854129,0.75,0.111034375573));
#3394 = CARTESIAN_POINT('',(-0.284811698118,0.75,0.103430758056));
#3395 = CARTESIAN_POINT('',(-0.284923302136,0.75,9.960557317612E-02));
#3396 = ORIENTED_EDGE('',*,*,#3397,.T.);
#3397 = EDGE_CURVE('',#3374,#3398,#3400,.T.);
#3398 = VERTEX_POINT('',#3399);
#3399 = CARTESIAN_POINT('',(-0.205997020085,0.75,-1.000981143926E-02));
#3400 = B_SPLINE_CURVE_WITH_KNOTS('',3,(#3401,#3402,#3403,#3404,#3405,
    #3406,#3407,#3408,#3409,#3410,#3411,#3412,#3413,#3414,#3415,#3416,
    #3417,#3418,#3419),.UNSPECIFIED.,.F.,.F.,(4,1,1,1,1,1,1,1,1,1,1,1,1,
    1,1,1,4),(0.,5.885358602867E-02,0.116315458963,0.172674843411,
    0.228780386881,0.284580359125,0.340256506385,0.396629805012,
    0.453507262875,0.51231818978,0.572648444057,0.636021935822,
    0.702362946389,0.771483056057,0.84418447749,0.920069793972,1.),
  .UNSPECIFIED.);
#3401 = CARTESIAN_POINT('',(-0.284923302136,0.75,9.960557317612E-02));
#3402 = CARTESIAN_POINT('',(-0.28485725859,0.75,9.679880837191E-02));
#3403 = CARTESIAN_POINT('',(-0.284726733232,0.75,9.125165044267E-02));
#3404 = CARTESIAN_POINT('',(-0.283823322006,0.75,8.305629863864E-02));
#3405 = CARTESIAN_POINT('',(-0.282370926428,0.75,7.507959752157E-02));
#3406 = CARTESIAN_POINT('',(-0.280398417081,0.75,6.729208395844E-02));
#3407 = CARTESIAN_POINT('',(-0.277725156913,0.75,5.975045281322E-02));
#3408 = CARTESIAN_POINT('',(-0.274497484553,0.75,5.2418970107E-02));
#3409 = CARTESIAN_POINT('',(-0.270733832842,0.75,4.52893587991E-02));
#3410 = CARTESIAN_POINT('',(-0.266381699693,0.75,3.832262953408E-02));
#3411 = CARTESIAN_POINT('',(-0.261318611236,0.75,3.161639956501E-02));
#3412 = CARTESIAN_POINT('',(-0.255585622689,0.75,2.50568573239E-02));
#3413 = CARTESIAN_POINT('',(-0.249068151984,0.75,1.874578679393E-02));
#3414 = CARTESIAN_POINT('',(-0.241838705253,0.75,1.260608108916E-02));
#3415 = CARTESIAN_POINT('',(-0.233979900742,0.75,6.528826938343E-03));
#3416 = CARTESIAN_POINT('',(-0.225287611544,0.75,8.424579542024E-04));
#3417 = CARTESIAN_POINT('',(-0.215992266654,0.75,-4.855595161569E-03));
#3418 = CARTESIAN_POINT('',(-0.209385934584,0.75,-8.262260925652E-03));
#3419 = CARTESIAN_POINT('',(-0.205997020085,0.75,-1.000981143926E-02));
#3420 = ORIENTED_EDGE('',*,*,#3421,.T.);
#3421 = EDGE_CURVE('',#3398,#3422,#3424,.T.);
#3422 = VERTEX_POINT('',#3423);
#3423 = CARTESIAN_POINT('',(-0.264410481624,0.75,-9.47854524649E-02));
#3424 = B_SPLINE_CURVE_WITH_KNOTS('',3,(#3425,#3426,#3427,#3428,#3429,
    #3430,#3431,#3432,#3433,#3434,#3435),.UNSPECIFIED.,.F.,.F.,(4,1,1,1,
    1,1,1,1,4),(0.,0.145860060392,0.282425903076,0.410850400358,
    0.535029421348,0.654701078126,0.770133432597,0.884555844199,1.),
  .UNSPECIFIED.);
#3425 = CARTESIAN_POINT('',(-0.205997020085,0.75,-1.000981143926E-02));
#3426 = CARTESIAN_POINT('',(-0.210636034333,0.75,-1.253949928153E-02));
#3427 = CARTESIAN_POINT('',(-0.219618464376,0.75,-1.74376830025E-02));
#3428 = CARTESIAN_POINT('',(-0.231512114791,0.75,-2.643731798457E-02));
#3429 = CARTESIAN_POINT('',(-0.241728186043,0.75,-3.618449682059E-02));
#3430 = CARTESIAN_POINT('',(-0.249985868056,0.75,-4.688504480042E-02));
#3431 = CARTESIAN_POINT('',(-0.256485551264,0.75,-5.820468757801E-02));
#3432 = CARTESIAN_POINT('',(-0.260944820355,0.75,-7.007260213565E-02));
#3433 = CARTESIAN_POINT('',(-0.263961561384,0.75,-8.226872939341E-02));
#3434 = CARTESIAN_POINT('',(-0.264260398772,0.75,-9.060086614515E-02));
#3435 = CARTESIAN_POINT('',(-0.264410481624,0.75,-9.47854524649E-02));
#3436 = ORIENTED_EDGE('',*,*,#3437,.T.);
#3437 = EDGE_CURVE('',#3422,#3280,#3438,.T.);
#3438 = B_SPLINE_CURVE_WITH_KNOTS('',3,(#3439,#3440,#3441,#3442,#3443,
    #3444,#3445,#3446,#3447,#3448,#3449,#3450,#3451,#3452,#3453),
  .UNSPECIFIED.,.F.,.F.,(4,1,1,1,1,1,1,1,1,1,1,1,4),(0.,
    7.405842627338E-02,0.148870352317,0.226667668369,0.307734759451,
    0.391157203806,0.473929355543,0.557927751515,0.644989290051,
    0.733364055518,0.821092042184,0.909287214997,1.),.UNSPECIFIED.);
#3439 = CARTESIAN_POINT('',(-0.264410481624,0.75,-9.47854524649E-02));
#3440 = CARTESIAN_POINT('',(-0.264223576012,0.75,-9.904803056566E-02));
#3441 = CARTESIAN_POINT('',(-0.263847863138,0.75,-0.107616555926));
#3442 = CARTESIAN_POINT('',(-0.260809769357,0.75,-0.120371541448));
#3443 = CARTESIAN_POINT('',(-0.255858904613,0.75,-0.132899148879));
#3444 = CARTESIAN_POINT('',(-0.249125076383,0.75,-0.145138658916));
#3445 = CARTESIAN_POINT('',(-0.240737965966,0.75,-0.156675826306));
#3446 = CARTESIAN_POINT('',(-0.230675503585,0.75,-0.167023363024));
#3447 = CARTESIAN_POINT('',(-0.219177983949,0.75,-0.176087532451));
#3448 = CARTESIAN_POINT('',(-0.206302799148,0.75,-0.183696237908));
#3449 = CARTESIAN_POINT('',(-0.19244722935,0.75,-0.189888656055));
#3450 = CARTESIAN_POINT('',(-0.177828289478,0.75,-0.194160475806));
#3451 = CARTESIAN_POINT('',(-0.16270069026,0.75,-0.196953174858));
#3452 = CARTESIAN_POINT('',(-0.152403808048,0.75,-0.19726936396));
#3453 = CARTESIAN_POINT('',(-0.147182917521,0.75,-0.197429683234));
#3454 = PLANE('',#3455);
#3455 = AXIS2_PLACEMENT_3D('',#3456,#3457,#3458);
#3456 = CARTESIAN_POINT('',(2.100925608611,0.75,0.675));
#3457 = DIRECTION('',(-3.761581922631E-31,-1.,-6.04194858148E-47));
#3458 = DIRECTION('',(1.,-3.761581922631E-31,0.));
#3459 = ADVANCED_FACE('',(#3460),#3485,.F.);
#3460 = FACE_BOUND('',#3461,.T.);
#3461 = EDGE_LOOP('',(#3462,#3470,#3471,#3479));
#3462 = ORIENTED_EDGE('',*,*,#3463,.F.);
#3463 = EDGE_CURVE('',#3118,#3464,#3466,.T.);
#3464 = VERTEX_POINT('',#3465);
#3465 = CARTESIAN_POINT('',(0.75,0.7,0.675));
#3466 = LINE('',#3467,#3468);
#3467 = CARTESIAN_POINT('',(0.75,0.75,0.675));
#3468 = VECTOR('',#3469,1.);
#3469 = DIRECTION('',(0.,-1.,0.));
#3470 = ORIENTED_EDGE('',*,*,#3141,.T.);
#3471 = ORIENTED_EDGE('',*,*,#3472,.T.);
#3472 = EDGE_CURVE('',#3134,#3473,#3475,.T.);
#3473 = VERTEX_POINT('',#3474);
#3474 = CARTESIAN_POINT('',(-0.75,0.7,0.675));
#3475 = LINE('',#3476,#3477);
#3476 = CARTESIAN_POINT('',(-0.75,0.75,0.675));
#3477 = VECTOR('',#3478,1.);
#3478 = DIRECTION('',(0.,-1.,0.));
#3479 = ORIENTED_EDGE('',*,*,#3480,.F.);
#3480 = EDGE_CURVE('',#3464,#3473,#3481,.T.);
#3481 = LINE('',#3482,#3483);
#3482 = CARTESIAN_POINT('',(2.100925608611,0.7,0.675));
#3483 = VECTOR('',#3484,1.);
#3484 = DIRECTION('',(-1.,3.761581922631E-31,-1.734723475977E-16));
#3485 = PLANE('',#3486);
#3486 = AXIS2_PLACEMENT_3D('',#3487,#3488,#3489);
#3487 = CARTESIAN_POINT('',(2.100925608611,0.75,0.675));
#3488 = DIRECTION('',(1.734723475977E-16,0.,-1.));
#3489 = DIRECTION('',(-1.,0.,-1.734723475977E-16));
#3490 = ADVANCED_FACE('',(#3491),#3516,.F.);
#3491 = FACE_BOUND('',#3492,.T.);
#3492 = EDGE_LOOP('',(#3493,#3501,#3502,#3510));
#3493 = ORIENTED_EDGE('',*,*,#3494,.F.);
#3494 = EDGE_CURVE('',#3464,#3495,#3497,.T.);
#3495 = VERTEX_POINT('',#3496);
#3496 = CARTESIAN_POINT('',(0.75,0.7,-0.675));
#3497 = LINE('',#3498,#3499);
#3498 = CARTESIAN_POINT('',(0.75,0.7,0.675));
#3499 = VECTOR('',#3500,1.);
#3500 = DIRECTION('',(-2.282530889443E-16,1.462787551306E-46,-1.));
#3501 = ORIENTED_EDGE('',*,*,#3480,.T.);
#3502 = ORIENTED_EDGE('',*,*,#3503,.T.);
#3503 = EDGE_CURVE('',#3473,#3504,#3506,.T.);
#3504 = VERTEX_POINT('',#3505);
#3505 = CARTESIAN_POINT('',(-0.75,0.7,-0.675));
#3506 = LINE('',#3507,#3508);
#3507 = CARTESIAN_POINT('',(-0.75,0.7,0.675));
#3508 = VECTOR('',#3509,1.);
#3509 = DIRECTION('',(1.606225440719E-16,0.,-1.));
#3510 = ORIENTED_EDGE('',*,*,#3511,.F.);
#3511 = EDGE_CURVE('',#3495,#3504,#3512,.T.);
#3512 = LINE('',#3513,#3514);
#3513 = CARTESIAN_POINT('',(2.100925608611,0.7,-0.675));
#3514 = VECTOR('',#3515,1.);
#3515 = DIRECTION('',(-1.,3.761581922631E-31,-1.734723475977E-16));
#3516 = PLANE('',#3517);
#3517 = AXIS2_PLACEMENT_3D('',#3518,#3519,#3520);
#3518 = CARTESIAN_POINT('',(2.100925608611,0.7,0.675));
#3519 = DIRECTION('',(3.761581922631E-31,1.,6.04194858148E-47));
#3520 = DIRECTION('',(-1.,3.761581922631E-31,0.));
#3521 = ADVANCED_FACE('',(#3522),#3538,.F.);
#3522 = FACE_BOUND('',#3523,.T.);
#3523 = EDGE_LOOP('',(#3524,#3530,#3531,#3537));
#3524 = ORIENTED_EDGE('',*,*,#3525,.F.);
#3525 = EDGE_CURVE('',#3495,#3116,#3526,.T.);
#3526 = LINE('',#3527,#3528);
#3527 = CARTESIAN_POINT('',(0.75,0.75,-0.675));
#3528 = VECTOR('',#3529,1.);
#3529 = DIRECTION('',(0.,1.,0.));
#3530 = ORIENTED_EDGE('',*,*,#3511,.T.);
#3531 = ORIENTED_EDGE('',*,*,#3532,.T.);
#3532 = EDGE_CURVE('',#3504,#3126,#3533,.T.);
#3533 = LINE('',#3534,#3535);
#3534 = CARTESIAN_POINT('',(-0.75,0.75,-0.675));
#3535 = VECTOR('',#3536,1.);
#3536 = DIRECTION('',(-0.,1.,-0.));
#3537 = ORIENTED_EDGE('',*,*,#3125,.F.);
#3538 = PLANE('',#3539);
#3539 = AXIS2_PLACEMENT_3D('',#3540,#3541,#3542);
#3540 = CARTESIAN_POINT('',(2.100925608611,0.75,-0.675));
#3541 = DIRECTION('',(-1.734723475977E-16,0.,1.));
#3542 = DIRECTION('',(1.,0.,1.734723475977E-16));
#3543 = ADVANCED_FACE('',(#3544),#3550,.F.);
#3544 = FACE_BOUND('',#3545,.T.);
#3545 = EDGE_LOOP('',(#3546,#3547,#3548,#3549));
#3546 = ORIENTED_EDGE('',*,*,#3472,.F.);
#3547 = ORIENTED_EDGE('',*,*,#3133,.F.);
#3548 = ORIENTED_EDGE('',*,*,#3532,.F.);
#3549 = ORIENTED_EDGE('',*,*,#3503,.F.);
#3550 = PLANE('',#3551);
#3551 = AXIS2_PLACEMENT_3D('',#3552,#3553,#3554);
#3552 = CARTESIAN_POINT('',(-0.75,0.7,0.675));
#3553 = DIRECTION('',(1.,0.,1.606225440719E-16));
#3554 = DIRECTION('',(1.606225440719E-16,0.,-1.));
#3555 = ADVANCED_FACE('',(#3556),#3562,.T.);
#3556 = FACE_BOUND('',#3557,.T.);
#3557 = EDGE_LOOP('',(#3558,#3559,#3560,#3561));
#3558 = ORIENTED_EDGE('',*,*,#3115,.T.);
#3559 = ORIENTED_EDGE('',*,*,#3463,.T.);
#3560 = ORIENTED_EDGE('',*,*,#3494,.T.);
#3561 = ORIENTED_EDGE('',*,*,#3525,.T.);
#3562 = PLANE('',#3563);
#3563 = AXIS2_PLACEMENT_3D('',#3564,#3565,#3566);
#3564 = CARTESIAN_POINT('',(0.75,0.75,0.675));
#3565 = DIRECTION('',(1.,0.,-2.282530889443E-16));
#3566 = DIRECTION('',(2.282530889443E-16,0.,1.));
#3567 = ADVANCED_FACE('',(#3568,#3698),#3820,.T.);
#3568 = FACE_BOUND('',#3569,.T.);
#3569 = EDGE_LOOP('',(#3570,#3604,#3636,#3668));
#3570 = ORIENTED_EDGE('',*,*,#3571,.F.);
#3571 = EDGE_CURVE('',#3572,#3574,#3576,.T.);
#3572 = VERTEX_POINT('',#3573);
#3573 = CARTESIAN_POINT('',(-0.45888163547,0.76,0.223083137279));
#3574 = VERTEX_POINT('',#3575);
#3575 = CARTESIAN_POINT('',(-0.592615609829,0.76,1.298698343253E-02));
#3576 = B_SPLINE_CURVE_WITH_KNOTS('',3,(#3577,#3578,#3579,#3580,#3581,
    #3582,#3583,#3584,#3585,#3586,#3587,#3588,#3589,#3590,#3591,#3592,
    #3593,#3594,#3595,#3596,#3597,#3598,#3599,#3600,#3601,#3602,#3603),
  .UNSPECIFIED.,.F.,.F.,(4,1,1,1,1,1,1,1,1,1,1,1,1,1,1,1,1,1,1,1,1,1,1,1
    ,4),(0.,3.378714634699E-02,6.662165772429E-02,9.928487809597E-02,
    0.131361165043,0.163585187595,0.196103926987,0.228902254324,
    0.262158055905,0.295991222258,0.330217845725,0.365059825892,
    0.40095073734,0.437620382077,0.475707529437,0.515380691625,
    0.556413541493,0.599764829873,0.646424155584,0.696431444518,
    0.749781517802,0.806573306976,0.867435531565,0.931886753251,1.),
  .UNSPECIFIED.);
#3577 = CARTESIAN_POINT('',(-0.45888163547,0.76,0.223083137279));
#3578 = CARTESIAN_POINT('',(-0.462036391354,0.76,0.223029839512));
#3579 = CARTESIAN_POINT('',(-0.468256954184,0.76,0.222924746719));
#3580 = CARTESIAN_POINT('',(-0.477474374234,0.76,0.22183746312));
#3581 = CARTESIAN_POINT('',(-0.486420939199,0.76,0.22008940561));
#3582 = CARTESIAN_POINT('',(-0.495140796803,0.76,0.217641793714));
#3583 = CARTESIAN_POINT('',(-0.503678684241,0.76,0.214645812421));
#3584 = CARTESIAN_POINT('',(-0.511918259859,0.76,0.210742534295));
#3585 = CARTESIAN_POINT('',(-0.519951137995,0.76,0.206247212129));
#3586 = CARTESIAN_POINT('',(-0.527755887254,0.76,0.201127735393));
#3587 = CARTESIAN_POINT('',(-0.535185848516,0.76,0.195262400178));
#3588 = CARTESIAN_POINT('',(-0.542282831981,0.76,0.1887750529));
#3589 = CARTESIAN_POINT('',(-0.548868548449,0.76,0.181503805894));
#3590 = CARTESIAN_POINT('',(-0.554998159376,0.76,0.173563471825));
#3591 = CARTESIAN_POINT('',(-0.560823769456,0.76,0.165027101273));
#3592 = CARTESIAN_POINT('',(-0.566182554978,0.76,0.155778144353));
#3593 = CARTESIAN_POINT('',(-0.571139224015,0.76,0.145853274583));
#3594 = CARTESIAN_POINT('',(-0.575669908662,0.76,0.135188370506));
#3595 = CARTESIAN_POINT('',(-0.579686898778,0.76,0.123627807322));
#3596 = CARTESIAN_POINT('',(-0.583235208277,0.76,0.111039329779));
#3597 = CARTESIAN_POINT('',(-0.586036826274,0.76,9.731182850843E-02));
#3598 = CARTESIAN_POINT('',(-0.588434878312,0.76,8.25555579821E-02));
#3599 = CARTESIAN_POINT('',(-0.590369093517,0.76,6.670710879515E-02));
#3600 = CARTESIAN_POINT('',(-0.591689587839,0.76,4.975787700236E-02));
#3601 = CARTESIAN_POINT('',(-0.592505738129,0.76,3.171842455366E-02));
#3602 = CARTESIAN_POINT('',(-0.592578317605,0.76,1.934473606033E-02));
#3603 = CARTESIAN_POINT('',(-0.592615609829,0.76,1.298698343253E-02));
#3604 = ORIENTED_EDGE('',*,*,#3605,.F.);
#3605 = EDGE_CURVE('',#3606,#3572,#3608,.T.);
#3606 = VERTEX_POINT('',#3607);
#3607 = CARTESIAN_POINT('',(-0.320820738034,0.76,1.298698343253E-02));
#3608 = B_SPLINE_CURVE_WITH_KNOTS('',3,(#3609,#3610,#3611,#3612,#3613,
    #3614,#3615,#3616,#3617,#3618,#3619,#3620,#3621,#3622,#3623,#3624,
    #3625,#3626,#3627,#3628,#3629,#3630,#3631,#3632,#3633,#3634,#3635),
  .UNSPECIFIED.,.F.,.F.,(4,1,1,1,1,1,1,1,1,1,1,1,1,1,1,1,1,1,1,1,1,1,1,1
    ,4),(0.,6.506328961728E-02,0.126773166467,0.185515763226,
    0.240764679168,0.292979796024,0.34225037278,0.388919286186,
    0.432775664058,0.474628432631,0.514774690638,0.553605893498,
    0.591426406431,0.628028119946,0.66380363411,0.698984336132,
    0.733591489307,0.767628469151,0.801208347787,0.834263839727,
    0.866980694729,0.899719741518,0.932701912499,0.966175883433,1.),
  .UNSPECIFIED.);
#3609 = CARTESIAN_POINT('',(-0.320820738034,0.76,1.298698343253E-02));
#3610 = CARTESIAN_POINT('',(-0.320895204839,0.76,1.910400148292E-02));
#3611 = CARTESIAN_POINT('',(-0.321040300372,0.76,3.102276169536E-02));
#3612 = CARTESIAN_POINT('',(-0.321792152574,0.76,4.845487316048E-02));
#3613 = CARTESIAN_POINT('',(-0.323273138994,0.76,6.49117923946E-02));
#3614 = CARTESIAN_POINT('',(-0.325125709087,0.76,8.043298810417E-02));
#3615 = CARTESIAN_POINT('',(-0.327691533426,0.76,9.495385882793E-02));
#3616 = CARTESIAN_POINT('',(-0.330846409569,0.76,0.108524652939));
#3617 = CARTESIAN_POINT('',(-0.334349303606,0.76,0.121203975415));
#3618 = CARTESIAN_POINT('',(-0.338673280076,0.76,0.132887953884));
#3619 = CARTESIAN_POINT('',(-0.343405932687,0.76,0.143739579355));
#3620 = CARTESIAN_POINT('',(-0.348555097964,0.76,0.153872967735));
#3621 = CARTESIAN_POINT('',(-0.354071649517,0.76,0.163377686898));
#3622 = CARTESIAN_POINT('',(-0.360081791803,0.76,0.172177657976));
#3623 = CARTESIAN_POINT('',(-0.366487896168,0.76,0.180335218785));
#3624 = CARTESIAN_POINT('',(-0.37342707203,0.76,0.187706375659));
#3625 = CARTESIAN_POINT('',(-0.380703710328,0.76,0.194468738169));
#3626 = CARTESIAN_POINT('',(-0.388407986423,0.76,0.200486067022));
#3627 = CARTESIAN_POINT('',(-0.396455020849,0.76,0.205752901838));
#3628 = CARTESIAN_POINT('',(-0.404678915355,0.76,0.210463056168));
#3629 = CARTESIAN_POINT('',(-0.413225587738,0.76,0.214261078459));
#3630 = CARTESIAN_POINT('',(-0.421901353764,0.76,0.217522225999));
#3631 = CARTESIAN_POINT('',(-0.430830309891,0.76,0.220013706215));
#3632 = CARTESIAN_POINT('',(-0.44000132597,0.76,0.22173643256));
#3633 = CARTESIAN_POINT('',(-0.449367752933,0.76,0.222944643812));
#3634 = CARTESIAN_POINT('',(-0.455699360371,0.76,0.223036812941));
#3635 = CARTESIAN_POINT('',(-0.45888163547,0.76,0.223083137279));
#3636 = ORIENTED_EDGE('',*,*,#3637,.F.);
#3637 = EDGE_CURVE('',#3638,#3606,#3640,.T.);
#3638 = VERTEX_POINT('',#3639);
#3639 = CARTESIAN_POINT('',(-0.45888163547,0.76,-0.197429683234));
#3640 = B_SPLINE_CURVE_WITH_KNOTS('',3,(#3641,#3642,#3643,#3644,#3645,
    #3646,#3647,#3648,#3649,#3650,#3651,#3652,#3653,#3654,#3655,#3656,
    #3657,#3658,#3659,#3660,#3661,#3662,#3663,#3664,#3665,#3666,#3667),
  .UNSPECIFIED.,.F.,.F.,(4,1,1,1,1,1,1,1,1,1,1,1,1,1,1,1,1,1,1,1,1,1,1,1
    ,4),(0.,3.378811616271E-02,6.719393237388E-02,9.986241085683E-02,
    0.132566612126,0.165151173255,0.197913187356,0.231319003567,
    0.265083278267,0.299255308758,0.334398566505,0.369942823509,
    0.4062835607,0.444063819699,0.482997706873,0.523354446613,
    0.565536589604,0.609612924066,0.656390811376,0.705885494936,
    0.758324500262,0.813831782941,0.872794559039,0.93472222954,1.),
  .UNSPECIFIED.);
#3641 = CARTESIAN_POINT('',(-0.45888163547,0.76,-0.197429683234));
#3642 = CARTESIAN_POINT('',(-0.455700437929,0.76,-0.197373932928));
#3643 = CARTESIAN_POINT('',(-0.449374036912,0.76,-0.197263063111));
#3644 = CARTESIAN_POINT('',(-0.44002085117,0.76,-0.196197469678));
#3645 = CARTESIAN_POINT('',(-0.430883744688,0.76,-0.194429341324));
#3646 = CARTESIAN_POINT('',(-0.422001671693,0.76,-0.191924087086));
#3647 = CARTESIAN_POINT('',(-0.41330167324,0.76,-0.188816009754));
#3648 = CARTESIAN_POINT('',(-0.40485179808,0.76,-0.184920339227));
#3649 = CARTESIAN_POINT('',(-0.396599560178,0.76,-0.18038561153));
#3650 = CARTESIAN_POINT('',(-0.388676098748,0.76,-0.17505716841));
#3651 = CARTESIAN_POINT('',(-0.380994428422,0.76,-0.169116336844));
#3652 = CARTESIAN_POINT('',(-0.373743232654,0.76,-0.162400603267));
#3653 = CARTESIAN_POINT('',(-0.366921851409,0.76,-0.154977778208));
#3654 = CARTESIAN_POINT('',(-0.36044467365,0.76,-0.146927279478));
#3655 = CARTESIAN_POINT('',(-0.354495462542,0.76,-0.138094698354));
#3656 = CARTESIAN_POINT('',(-0.348829927429,0.76,-0.128633657232));
#3657 = CARTESIAN_POINT('',(-0.343758837612,0.76,-0.118378701256));
#3658 = CARTESIAN_POINT('',(-0.338874874734,0.76,-0.107500933503));
#3659 = CARTESIAN_POINT('',(-0.334659219107,0.76,-9.569937249603E-02));
#3660 = CARTESIAN_POINT('',(-0.330857362504,0.76,-8.304054272253E-02));
#3661 = CARTESIAN_POINT('',(-0.327785480381,0.76,-6.937492136786E-02));
#3662 = CARTESIAN_POINT('',(-0.3252267064,0.76,-5.477420761985E-02));
#3663 = CARTESIAN_POINT('',(-0.323244432578,0.76,-3.918478096383E-02));
#3664 = CARTESIAN_POINT('',(-0.321800702054,0.76,-2.264005919106E-02));
#3665 = CARTESIAN_POINT('',(-0.321038063764,0.76,-5.129157403544E-03));
#3666 = CARTESIAN_POINT('',(-0.320894440769,0.76,6.843168216703E-03));
#3667 = CARTESIAN_POINT('',(-0.320820738034,0.76,1.298698343253E-02));
#3668 = ORIENTED_EDGE('',*,*,#3669,.F.);
#3669 = EDGE_CURVE('',#3574,#3638,#3670,.T.);
#3670 = B_SPLINE_CURVE_WITH_KNOTS('',3,(#3671,#3672,#3673,#3674,#3675,
    #3676,#3677,#3678,#3679,#3680,#3681,#3682,#3683,#3684,#3685,#3686,
    #3687,#3688,#3689,#3690,#3691,#3692,#3693,#3694,#3695,#3696,#3697),
  .UNSPECIFIED.,.F.,.F.,(4,1,1,1,1,1,1,1,1,1,1,1,1,1,1,1,1,1,1,1,1,1,1,1
    ,4),(0.,6.859462225874E-02,0.133246042443,0.194312586468,
    0.251279223117,0.304513439256,0.354234906653,0.400480588774,
    0.443410754938,0.484014868616,0.523252300773,0.561042372728,
    0.597900239364,0.633518488856,0.66831435117,0.702495671286,
    0.736685353513,0.770293169361,0.803437255019,0.835912951666,
    0.868460245789,0.900846538243,0.933466524631,0.966257575298,1.),
  .UNSPECIFIED.);
#3671 = CARTESIAN_POINT('',(-0.592615609829,0.76,1.298698343253E-02));
#3672 = CARTESIAN_POINT('',(-0.592578122039,0.76,6.57585340576E-03));
#3673 = CARTESIAN_POINT('',(-0.592505301468,0.76,-5.877859079665E-03));
#3674 = CARTESIAN_POINT('',(-0.591695196217,0.76,-2.402467531587E-02));
#3675 = CARTESIAN_POINT('',(-0.59034944281,0.76,-4.104870834389E-02));
#3676 = CARTESIAN_POINT('',(-0.588505171627,0.76,-5.6950773034E-02));
#3677 = CARTESIAN_POINT('',(-0.58626083103,0.76,-7.173497469316E-02));
#3678 = CARTESIAN_POINT('',(-0.583264775419,0.76,-8.536180408017E-02));
#3679 = CARTESIAN_POINT('',(-0.579857597977,0.76,-9.789433055023E-02));
#3680 = CARTESIAN_POINT('',(-0.575908747027,0.76,-0.109373421805));
#3681 = CARTESIAN_POINT('',(-0.571452999711,0.76,-0.119953730721));
#3682 = CARTESIAN_POINT('',(-0.566603369914,0.76,-0.129830896584));
#3683 = CARTESIAN_POINT('',(-0.561167393409,0.76,-0.138989974565));
#3684 = CARTESIAN_POINT('',(-0.555455746217,0.76,-0.147577150613));
#3685 = CARTESIAN_POINT('',(-0.549237223745,0.76,-0.15545185859));
#3686 = CARTESIAN_POINT('',(-0.542688790549,0.76,-0.162725305735));
#3687 = CARTESIAN_POINT('',(-0.535554861833,0.76,-0.169229391502));
#3688 = CARTESIAN_POINT('',(-0.528077946601,0.76,-0.175154683203));
#3689 = CARTESIAN_POINT('',(-0.520190350671,0.76,-0.180348908537));
#3690 = CARTESIAN_POINT('',(-0.512116903112,0.76,-0.184924078664));
#3691 = CARTESIAN_POINT('',(-0.503802033871,0.76,-0.188832634922));
#3692 = CARTESIAN_POINT('',(-0.49522304154,0.76,-0.191905827592));
#3693 = CARTESIAN_POINT('',(-0.486457034924,0.76,-0.19444421008));
#3694 = CARTESIAN_POINT('',(-0.477473370159,0.76,-0.196180089811));
#3695 = CARTESIAN_POINT('',(-0.468257214281,0.76,-0.197272307925));
#3696 = CARTESIAN_POINT('',(-0.462036478875,0.76,-0.197376727095));
#3697 = CARTESIAN_POINT('',(-0.45888163547,0.76,-0.197429683234));
#3698 = FACE_BOUND('',#3699,.T.);
#3699 = EDGE_LOOP('',(#3700,#3730,#3758,#3786,#3802));
#3700 = ORIENTED_EDGE('',*,*,#3701,.F.);
#3701 = EDGE_CURVE('',#3702,#3704,#3706,.T.);
#3702 = VERTEX_POINT('',#3703);
#3703 = CARTESIAN_POINT('',(-0.556718173931,0.76,1.282672702227E-02));
#3704 = VERTEX_POINT('',#3705);
#3705 = CARTESIAN_POINT('',(-0.457679712393,0.76,0.182057496253));
#3706 = B_SPLINE_CURVE_WITH_KNOTS('',3,(#3707,#3708,#3709,#3710,#3711,
    #3712,#3713,#3714,#3715,#3716,#3717,#3718,#3719,#3720,#3721,#3722,
    #3723,#3724,#3725,#3726,#3727,#3728,#3729),.UNSPECIFIED.,.F.,.F.,(4,
    1,1,1,1,1,1,1,1,1,1,1,1,1,1,1,1,1,1,1,4),(0.,7.295106587587E-02,
    0.141583694187,0.205926460171,0.265301357185,0.320597232714,
    0.371816503099,0.418789769709,0.461698728616,0.502133582104,
    0.540804315293,0.578180525328,0.614296865208,0.649678243265,
    0.68429946009,0.718358952772,0.752080864648,0.817652438602,
    0.879722076405,0.939965559731,1.),.UNSPECIFIED.);
#3707 = CARTESIAN_POINT('',(-0.556718173931,0.76,1.282672702227E-02));
#3708 = CARTESIAN_POINT('',(-0.556704522838,0.76,1.8169435457E-02));
#3709 = CARTESIAN_POINT('',(-0.556678028746,0.76,2.853858343405E-02));
#3710 = CARTESIAN_POINT('',(-0.555985891537,0.76,4.360638468844E-02));
#3711 = CARTESIAN_POINT('',(-0.55504300788,0.76,5.766013655326E-02));
#3712 = CARTESIAN_POINT('',(-0.55382685963,0.76,7.071768357785E-02));
#3713 = CARTESIAN_POINT('',(-0.55202080837,0.76,8.273482786468E-02));
#3714 = CARTESIAN_POINT('',(-0.549997175477,0.76,9.379422021498E-02));
#3715 = CARTESIAN_POINT('',(-0.547534536663,0.76,0.103837333028));
#3716 = CARTESIAN_POINT('',(-0.544620820336,0.76,0.112933082823));
#3717 = CARTESIAN_POINT('',(-0.541302066405,0.76,0.121235833508));
#3718 = CARTESIAN_POINT('',(-0.537678539128,0.76,0.128961686665));
#3719 = CARTESIAN_POINT('',(-0.533785885082,0.76,0.136201907972));
#3720 = CARTESIAN_POINT('',(-0.529429410733,0.76,0.142891463215));
#3721 = CARTESIAN_POINT('',(-0.524684832078,0.76,0.149052167681));
#3722 = CARTESIAN_POINT('',(-0.519659316748,0.76,0.154793062803));
#3723 = CARTESIAN_POINT('',(-0.514165307121,0.76,0.159912717813));
#3724 = CARTESIAN_POINT('',(-0.506564879401,0.76,0.166052929816));
#3725 = CARTESIAN_POINT('',(-0.49653099661,0.76,0.172397973671));
#3726 = CARTESIAN_POINT('',(-0.483888658869,0.76,0.17792324108));
#3727 = CARTESIAN_POINT('',(-0.470897978757,0.76,0.181395521816));
#3728 = CARTESIAN_POINT('',(-0.462080693033,0.76,0.181837093925));
#3729 = CARTESIAN_POINT('',(-0.457679712393,0.76,0.182057496253));
#3730 = ORIENTED_EDGE('',*,*,#3731,.F.);
#3731 = EDGE_CURVE('',#3732,#3702,#3734,.T.);
#3732 = VERTEX_POINT('',#3733);
#3733 = CARTESIAN_POINT('',(-0.457679712393,0.76,-0.156404042208));
#3734 = B_SPLINE_CURVE_WITH_KNOTS('',3,(#3735,#3736,#3737,#3738,#3739,
    #3740,#3741,#3742,#3743,#3744,#3745,#3746,#3747,#3748,#3749,#3750,
    #3751,#3752,#3753,#3754,#3755,#3756,#3757),.UNSPECIFIED.,.F.,.F.,(4,
    1,1,1,1,1,1,1,1,1,1,1,1,1,1,1,1,1,1,1,4),(0.,6.038661931106E-02,
    0.120883248586,0.182754618625,0.247811029758,0.281299100043,
    0.315087624151,0.34970239555,0.384856581119,0.420966197226,
    0.458511188261,0.497174722127,0.537602047866,0.58050301842,
    0.627467540027,0.678388209559,0.733983220593,0.793746704551,
    0.857713672161,0.926697864361,1.),.UNSPECIFIED.);
#3735 = CARTESIAN_POINT('',(-0.457679712393,0.76,-0.156404042208));
#3736 = CARTESIAN_POINT('',(-0.46210378006,0.76,-0.156171876877));
#3737 = CARTESIAN_POINT('',(-0.470959974986,0.76,-0.155707123265));
#3738 = CARTESIAN_POINT('',(-0.484039741241,0.76,-0.152427894284));
#3739 = CARTESIAN_POINT('',(-0.496577381428,0.76,-0.146712126748));
#3740 = CARTESIAN_POINT('',(-0.506548007106,0.76,-0.140431855609));
#3741 = CARTESIAN_POINT('',(-0.514189582707,0.76,-0.134450334301));
#3742 = CARTESIAN_POINT('',(-0.51957046195,0.76,-0.12926331098));
#3743 = CARTESIAN_POINT('',(-0.524615738775,0.76,-0.123589453339));
#3744 = CARTESIAN_POINT('',(-0.529263475933,0.76,-0.117372091642));
#3745 = CARTESIAN_POINT('',(-0.53361653687,0.76,-0.110690335376));
#3746 = CARTESIAN_POINT('',(-0.537614366878,0.76,-0.103491619408));
#3747 = CARTESIAN_POINT('',(-0.541216347413,0.76,-9.573946349641E-02));
#3748 = CARTESIAN_POINT('',(-0.544540294405,0.76,-8.744044230566E-02));
#3749 = CARTESIAN_POINT('',(-0.547462898751,0.76,-7.834547722731E-02));
#3750 = CARTESIAN_POINT('',(-0.549873637405,0.76,-6.831473510234E-02));
#3751 = CARTESIAN_POINT('',(-0.552100729191,0.76,-5.729051889787E-02));
#3752 = CARTESIAN_POINT('',(-0.553677331351,0.76,-4.520828941842E-02));
#3753 = CARTESIAN_POINT('',(-0.555078903438,0.76,-3.21474718905E-02));
#3754 = CARTESIAN_POINT('',(-0.555979628918,0.76,-1.805863552144E-02));
#3755 = CARTESIAN_POINT('',(-0.556680344057,0.76,-2.965563475453E-03));
#3756 = CARTESIAN_POINT('',(-0.556705311413,0.76,7.457197496278E-03));
#3757 = CARTESIAN_POINT('',(-0.556718173931,0.76,1.282672702227E-02));
#3758 = ORIENTED_EDGE('',*,*,#3759,.F.);
#3759 = EDGE_CURVE('',#3760,#3732,#3762,.T.);
#3760 = VERTEX_POINT('',#3761);
#3761 = CARTESIAN_POINT('',(-0.356718173931,0.76,1.282672702227E-02));
#3762 = B_SPLINE_CURVE_WITH_KNOTS('',3,(#3763,#3764,#3765,#3766,#3767,
    #3768,#3769,#3770,#3771,#3772,#3773,#3774,#3775,#3776,#3777,#3778,
    #3779,#3780,#3781,#3782,#3783,#3784,#3785),.UNSPECIFIED.,.F.,.F.,(4,
    1,1,1,1,1,1,1,1,1,1,1,1,1,1,1,1,1,1,1,4),(0.,6.568119799064E-02,
    0.128486464174,0.188175130328,0.24510613067,0.299448424529,
    0.350822936009,0.399941680534,0.446671743632,0.491254533373,
    0.53337634427,0.573852754968,0.612526311719,0.649597136445,
    0.685532041554,0.720105786068,0.753837662974,0.818925416047,
    0.88049346165,0.940311333846,1.),.UNSPECIFIED.);
#3763 = CARTESIAN_POINT('',(-0.356718173931,0.76,1.282672702227E-02));
#3764 = CARTESIAN_POINT('',(-0.356781052701,0.76,8.019004448784E-03));
#3765 = CARTESIAN_POINT('',(-0.356904057016,0.76,-1.385928668996E-03));
#3766 = CARTESIAN_POINT('',(-0.357374227039,0.76,-1.515943503038E-02));
#3767 = CARTESIAN_POINT('',(-0.358588349838,0.76,-2.824146484857E-02));
#3768 = CARTESIAN_POINT('',(-0.359936820565,0.76,-4.068837601021E-02));
#3769 = CARTESIAN_POINT('',(-0.361925074404,0.76,-5.243126774786E-02));
#3770 = CARTESIAN_POINT('',(-0.364068823762,0.76,-6.356844549144E-02));
#3771 = CARTESIAN_POINT('',(-0.366948962309,0.76,-7.396193404222E-02));
#3772 = CARTESIAN_POINT('',(-0.370025508021,0.76,-8.377445766641E-02));
#3773 = CARTESIAN_POINT('',(-0.373546696081,0.76,-9.28945324665E-02));
#3774 = CARTESIAN_POINT('',(-0.377422779997,0.76,-0.101364679479));
#3775 = CARTESIAN_POINT('',(-0.38156240957,0.76,-0.10922579088));
#3776 = CARTESIAN_POINT('',(-0.386058665623,0.76,-0.116456298489));
#3777 = CARTESIAN_POINT('',(-0.390858172259,0.76,-0.123088589107));
#3778 = CARTESIAN_POINT('',(-0.396087606453,0.76,-0.128989685628));
#3779 = CARTESIAN_POINT('',(-0.401539534774,0.76,-0.134342481983));
#3780 = CARTESIAN_POINT('',(-0.409175784582,0.76,-0.140452489883));
#3781 = CARTESIAN_POINT('',(-0.419172846274,0.76,-0.146682397938));
#3782 = CARTESIAN_POINT('',(-0.431612348827,0.76,-0.152415627636));
#3783 = CARTESIAN_POINT('',(-0.444557565313,0.76,-0.155708003936));
#3784 = CARTESIAN_POINT('',(-0.453308817209,0.76,-0.15617219674));
#3785 = CARTESIAN_POINT('',(-0.457679712393,0.76,-0.156404042208));
#3786 = ORIENTED_EDGE('',*,*,#3787,.F.);
#3787 = EDGE_CURVE('',#3788,#3760,#3790,.T.);
#3788 = VERTEX_POINT('',#3789);
#3789 = CARTESIAN_POINT('',(-0.371862404701,0.76,0.113387624458));
#3790 = B_SPLINE_CURVE_WITH_KNOTS('',3,(#3791,#3792,#3793,#3794,#3795,
    #3796,#3797,#3798,#3799,#3800,#3801),.UNSPECIFIED.,.F.,.F.,(4,1,1,1,
    1,1,1,1,4),(0.,0.110588338595,0.224541754054,0.34250349405,
    0.464324098417,0.590756032702,0.722227475356,0.858842836209,1.),
  .UNSPECIFIED.);
#3791 = CARTESIAN_POINT('',(-0.371862404701,0.76,0.113387624458));
#3792 = CARTESIAN_POINT('',(-0.370656488381,0.76,0.109818511376));
#3793 = CARTESIAN_POINT('',(-0.368207961086,0.76,0.102571681177));
#3794 = CARTESIAN_POINT('',(-0.365052329741,0.76,9.133012093928E-02));
#3795 = CARTESIAN_POINT('',(-0.36256714126,0.76,7.953551934638E-02));
#3796 = CARTESIAN_POINT('',(-0.360331328032,0.76,6.725836314998E-02));
#3797 = CARTESIAN_POINT('',(-0.358805264501,0.76,5.440811160587E-02));
#3798 = CARTESIAN_POINT('',(-0.357576942983,0.76,4.102452487264E-02));
#3799 = CARTESIAN_POINT('',(-0.356853435904,0.76,2.709751204573E-02));
#3800 = CARTESIAN_POINT('',(-0.356763750067,0.76,1.763522733771E-02));
#3801 = CARTESIAN_POINT('',(-0.356718173931,0.76,1.282672702227E-02));
#3802 = ORIENTED_EDGE('',*,*,#3803,.F.);
#3803 = EDGE_CURVE('',#3704,#3788,#3804,.T.);
#3804 = B_SPLINE_CURVE_WITH_KNOTS('',3,(#3805,#3806,#3807,#3808,#3809,
    #3810,#3811,#3812,#3813,#3814,#3815,#3816,#3817,#3818,#3819),
  .UNSPECIFIED.,.F.,.F.,(4,1,1,1,1,1,1,1,1,1,1,1,4),(0.,0.112813400744,
    0.225393883921,0.339594814563,0.459675410225,0.521735190088,
    0.583925838739,0.648174144765,0.713881038113,0.781004454907,
    0.851450927557,0.924050692664,1.),.UNSPECIFIED.);
#3805 = CARTESIAN_POINT('',(-0.457679712393,0.76,0.182057496253));
#3806 = CARTESIAN_POINT('',(-0.453250264204,0.76,0.181874892732));
#3807 = CARTESIAN_POINT('',(-0.444400512982,0.76,0.181510062697));
#3808 = CARTESIAN_POINT('',(-0.431470936395,0.76,0.177990206997));
#3809 = CARTESIAN_POINT('',(-0.418918905528,0.76,0.172679402487));
#3810 = CARTESIAN_POINT('',(-0.409082112353,0.76,0.166399687582));
#3811 = CARTESIAN_POINT('',(-0.401598393096,0.76,0.160419307073));
#3812 = CARTESIAN_POINT('',(-0.39623645137,0.76,0.155320490123));
#3813 = CARTESIAN_POINT('',(-0.391315074406,0.76,0.149611248145));
#3814 = CARTESIAN_POINT('',(-0.386647408708,0.76,0.143451328612));
#3815 = CARTESIAN_POINT('',(-0.382366371488,0.76,0.136723044707));
#3816 = CARTESIAN_POINT('',(-0.378473441466,0.76,0.129458750391));
#3817 = CARTESIAN_POINT('',(-0.374921058889,0.76,0.121638272915));
#3818 = CARTESIAN_POINT('',(-0.372897167923,0.76,0.116178874159));
#3819 = CARTESIAN_POINT('',(-0.371862404701,0.76,0.113387624458));
#3820 = PLANE('',#3821);
#3821 = AXIS2_PLACEMENT_3D('',#3822,#3823,#3824);
#3822 = CARTESIAN_POINT('',(-0.5691278811,0.76,0.149807882697));
#3823 = DIRECTION('',(-3.932533115018E-15,1.,2.327711412127E-13));
#3824 = DIRECTION('',(0.,-2.327711412127E-13,1.));
#3825 = ADVANCED_FACE('',(#3826),#3842,.T.);
#3826 = FACE_BOUND('',#3827,.T.);
#3827 = EDGE_LOOP('',(#3828,#3829,#3835,#3836));
#3828 = ORIENTED_EDGE('',*,*,#3183,.F.);
#3829 = ORIENTED_EDGE('',*,*,#3830,.F.);
#3830 = EDGE_CURVE('',#3572,#3152,#3831,.T.);
#3831 = LINE('',#3832,#3833);
#3832 = CARTESIAN_POINT('',(-0.45888163547,0.76,0.223083137279));
#3833 = VECTOR('',#3834,1.);
#3834 = DIRECTION('',(-3.761581922631E-31,-1.,-9.429630734102E-47));
#3835 = ORIENTED_EDGE('',*,*,#3571,.T.);
#3836 = ORIENTED_EDGE('',*,*,#3837,.T.);
#3837 = EDGE_CURVE('',#3574,#3184,#3838,.T.);
#3838 = LINE('',#3839,#3840);
#3839 = CARTESIAN_POINT('',(-0.592615609829,0.76,1.298698343253E-02));
#3840 = VECTOR('',#3841,1.);
#3841 = DIRECTION('',(-3.761581922631E-31,-1.,-9.429630734102E-47));
#3842 = B_SPLINE_SURFACE_WITH_KNOTS('',3,1,(
    (#3843,#3844)
    ,(#3845,#3846)
    ,(#3847,#3848)
    ,(#3849,#3850)
    ,(#3851,#3852)
    ,(#3853,#3854)
    ,(#3855,#3856)
    ,(#3857,#3858)
    ,(#3859,#3860)
    ,(#3861,#3862)
    ,(#3863,#3864)
    ,(#3865,#3866)
    ,(#3867,#3868)
    ,(#3869,#3870)
    ,(#3871,#3872)
    ,(#3873,#3874)
    ,(#3875,#3876)
    ,(#3877,#3878)
    ,(#3879,#3880)
    ,(#3881,#3882)
    ,(#3883,#3884)
    ,(#3885,#3886)
    ,(#3887,#3888)
    ,(#3889,#3890)
    ,(#3891,#3892)
    ,(#3893,#3894)
    ,(#3895,#3896
    )),.UNSPECIFIED.,.F.,.F.,.F.,(4,1,1,1,1,1,1,1,1,1,1,1,1,1,1,1,1,1,1,
    1,1,1,1,1,4),(2,2),(0.,3.378714634699E-02,6.662165772429E-02,
    9.928487809597E-02,0.131361165043,0.163585187595,0.196103926987,
    0.228902254324,0.262158055905,0.295991222258,0.330217845725,
    0.365059825892,0.40095073734,0.437620382077,0.475707529437,
    0.515380691625,0.556413541493,0.599764829873,0.646424155584,
    0.696431444518,0.749781517802,0.806573306976,0.867435531565,
    0.931886753251,1.),(0.,1.),.UNSPECIFIED.);
#3843 = CARTESIAN_POINT('',(-0.45888163547,0.76,0.223083137279));
#3844 = CARTESIAN_POINT('',(-0.45888163547,0.75,0.223083137279));
#3845 = CARTESIAN_POINT('',(-0.462036391354,0.76,0.223029839512));
#3846 = CARTESIAN_POINT('',(-0.462036391354,0.75,0.223029839512));
#3847 = CARTESIAN_POINT('',(-0.468256954184,0.76,0.222924746719));
#3848 = CARTESIAN_POINT('',(-0.468256954184,0.75,0.222924746719));
#3849 = CARTESIAN_POINT('',(-0.477474374234,0.76,0.22183746312));
#3850 = CARTESIAN_POINT('',(-0.477474374234,0.75,0.22183746312));
#3851 = CARTESIAN_POINT('',(-0.486420939199,0.76,0.22008940561));
#3852 = CARTESIAN_POINT('',(-0.486420939199,0.75,0.22008940561));
#3853 = CARTESIAN_POINT('',(-0.495140796803,0.76,0.217641793714));
#3854 = CARTESIAN_POINT('',(-0.495140796803,0.75,0.217641793714));
#3855 = CARTESIAN_POINT('',(-0.503678684241,0.76,0.214645812421));
#3856 = CARTESIAN_POINT('',(-0.503678684241,0.75,0.214645812421));
#3857 = CARTESIAN_POINT('',(-0.511918259859,0.76,0.210742534295));
#3858 = CARTESIAN_POINT('',(-0.511918259859,0.75,0.210742534295));
#3859 = CARTESIAN_POINT('',(-0.519951137995,0.76,0.206247212129));
#3860 = CARTESIAN_POINT('',(-0.519951137995,0.75,0.206247212129));
#3861 = CARTESIAN_POINT('',(-0.527755887254,0.76,0.201127735393));
#3862 = CARTESIAN_POINT('',(-0.527755887254,0.75,0.201127735393));
#3863 = CARTESIAN_POINT('',(-0.535185848516,0.76,0.195262400178));
#3864 = CARTESIAN_POINT('',(-0.535185848516,0.75,0.195262400178));
#3865 = CARTESIAN_POINT('',(-0.542282831981,0.76,0.1887750529));
#3866 = CARTESIAN_POINT('',(-0.542282831981,0.75,0.1887750529));
#3867 = CARTESIAN_POINT('',(-0.548868548449,0.76,0.181503805894));
#3868 = CARTESIAN_POINT('',(-0.548868548449,0.75,0.181503805894));
#3869 = CARTESIAN_POINT('',(-0.554998159376,0.76,0.173563471825));
#3870 = CARTESIAN_POINT('',(-0.554998159376,0.75,0.173563471825));
#3871 = CARTESIAN_POINT('',(-0.560823769456,0.76,0.165027101273));
#3872 = CARTESIAN_POINT('',(-0.560823769456,0.75,0.165027101273));
#3873 = CARTESIAN_POINT('',(-0.566182554978,0.76,0.155778144353));
#3874 = CARTESIAN_POINT('',(-0.566182554978,0.75,0.155778144353));
#3875 = CARTESIAN_POINT('',(-0.571139224015,0.76,0.145853274583));
#3876 = CARTESIAN_POINT('',(-0.571139224015,0.75,0.145853274583));
#3877 = CARTESIAN_POINT('',(-0.575669908662,0.76,0.135188370506));
#3878 = CARTESIAN_POINT('',(-0.575669908662,0.75,0.135188370506));
#3879 = CARTESIAN_POINT('',(-0.579686898778,0.76,0.123627807322));
#3880 = CARTESIAN_POINT('',(-0.579686898778,0.75,0.123627807322));
#3881 = CARTESIAN_POINT('',(-0.583235208277,0.76,0.111039329779));
#3882 = CARTESIAN_POINT('',(-0.583235208277,0.75,0.111039329779));
#3883 = CARTESIAN_POINT('',(-0.586036826274,0.76,9.731182850843E-02));
#3884 = CARTESIAN_POINT('',(-0.586036826274,0.75,9.731182850843E-02));
#3885 = CARTESIAN_POINT('',(-0.588434878312,0.76,8.25555579821E-02));
#3886 = CARTESIAN_POINT('',(-0.588434878312,0.75,8.25555579821E-02));
#3887 = CARTESIAN_POINT('',(-0.590369093517,0.76,6.670710879515E-02));
#3888 = CARTESIAN_POINT('',(-0.590369093517,0.75,6.670710879515E-02));
#3889 = CARTESIAN_POINT('',(-0.591689587839,0.76,4.975787700236E-02));
#3890 = CARTESIAN_POINT('',(-0.591689587839,0.75,4.975787700236E-02));
#3891 = CARTESIAN_POINT('',(-0.592505738129,0.76,3.171842455366E-02));
#3892 = CARTESIAN_POINT('',(-0.592505738129,0.75,3.171842455366E-02));
#3893 = CARTESIAN_POINT('',(-0.592578317605,0.76,1.934473606033E-02));
#3894 = CARTESIAN_POINT('',(-0.592578317605,0.75,1.934473606033E-02));
#3895 = CARTESIAN_POINT('',(-0.592615609829,0.76,1.298698343253E-02));
#3896 = CARTESIAN_POINT('',(-0.592615609829,0.75,1.298698343253E-02));
#3897 = ADVANCED_FACE('',(#3898),#3909,.T.);
#3898 = FACE_BOUND('',#3899,.T.);
#3899 = EDGE_LOOP('',(#3900,#3901,#3907,#3908));
#3900 = ORIENTED_EDGE('',*,*,#3149,.F.);
#3901 = ORIENTED_EDGE('',*,*,#3902,.F.);
#3902 = EDGE_CURVE('',#3606,#3150,#3903,.T.);
#3903 = LINE('',#3904,#3905);
#3904 = CARTESIAN_POINT('',(-0.320820738034,0.76,1.298698343253E-02));
#3905 = VECTOR('',#3906,1.);
#3906 = DIRECTION('',(-3.761581922631E-31,-1.,-9.429630734102E-47));
#3907 = ORIENTED_EDGE('',*,*,#3605,.T.);
#3908 = ORIENTED_EDGE('',*,*,#3830,.T.);
#3909 = B_SPLINE_SURFACE_WITH_KNOTS('',3,1,(
    (#3910,#3911)
    ,(#3912,#3913)
    ,(#3914,#3915)
    ,(#3916,#3917)
    ,(#3918,#3919)
    ,(#3920,#3921)
    ,(#3922,#3923)
    ,(#3924,#3925)
    ,(#3926,#3927)
    ,(#3928,#3929)
    ,(#3930,#3931)
    ,(#3932,#3933)
    ,(#3934,#3935)
    ,(#3936,#3937)
    ,(#3938,#3939)
    ,(#3940,#3941)
    ,(#3942,#3943)
    ,(#3944,#3945)
    ,(#3946,#3947)
    ,(#3948,#3949)
    ,(#3950,#3951)
    ,(#3952,#3953)
    ,(#3954,#3955)
    ,(#3956,#3957)
    ,(#3958,#3959)
    ,(#3960,#3961)
    ,(#3962,#3963
    )),.UNSPECIFIED.,.F.,.F.,.F.,(4,1,1,1,1,1,1,1,1,1,1,1,1,1,1,1,1,1,1,
    1,1,1,1,1,4),(2,2),(0.,6.506328961728E-02,0.126773166467,
    0.185515763226,0.240764679168,0.292979796024,0.34225037278,
    0.388919286186,0.432775664058,0.474628432631,0.514774690638,
    0.553605893498,0.591426406431,0.628028119946,0.66380363411,
    0.698984336132,0.733591489307,0.767628469151,0.801208347787,
    0.834263839727,0.866980694729,0.899719741518,0.932701912499,
    0.966175883433,1.),(0.,1.),.UNSPECIFIED.);
#3910 = CARTESIAN_POINT('',(-0.320820738034,0.76,1.298698343253E-02));
#3911 = CARTESIAN_POINT('',(-0.320820738034,0.75,1.298698343253E-02));
#3912 = CARTESIAN_POINT('',(-0.320895204839,0.76,1.910400148292E-02));
#3913 = CARTESIAN_POINT('',(-0.320895204839,0.75,1.910400148292E-02));
#3914 = CARTESIAN_POINT('',(-0.321040300372,0.76,3.102276169536E-02));
#3915 = CARTESIAN_POINT('',(-0.321040300372,0.75,3.102276169536E-02));
#3916 = CARTESIAN_POINT('',(-0.321792152574,0.76,4.845487316048E-02));
#3917 = CARTESIAN_POINT('',(-0.321792152574,0.75,4.845487316048E-02));
#3918 = CARTESIAN_POINT('',(-0.323273138994,0.76,6.49117923946E-02));
#3919 = CARTESIAN_POINT('',(-0.323273138994,0.75,6.49117923946E-02));
#3920 = CARTESIAN_POINT('',(-0.325125709087,0.76,8.043298810417E-02));
#3921 = CARTESIAN_POINT('',(-0.325125709087,0.75,8.043298810417E-02));
#3922 = CARTESIAN_POINT('',(-0.327691533426,0.76,9.495385882793E-02));
#3923 = CARTESIAN_POINT('',(-0.327691533426,0.75,9.495385882793E-02));
#3924 = CARTESIAN_POINT('',(-0.330846409569,0.76,0.108524652939));
#3925 = CARTESIAN_POINT('',(-0.330846409569,0.75,0.108524652939));
#3926 = CARTESIAN_POINT('',(-0.334349303606,0.76,0.121203975415));
#3927 = CARTESIAN_POINT('',(-0.334349303606,0.75,0.121203975415));
#3928 = CARTESIAN_POINT('',(-0.338673280076,0.76,0.132887953884));
#3929 = CARTESIAN_POINT('',(-0.338673280076,0.75,0.132887953884));
#3930 = CARTESIAN_POINT('',(-0.343405932687,0.76,0.143739579355));
#3931 = CARTESIAN_POINT('',(-0.343405932687,0.75,0.143739579355));
#3932 = CARTESIAN_POINT('',(-0.348555097964,0.76,0.153872967735));
#3933 = CARTESIAN_POINT('',(-0.348555097964,0.75,0.153872967735));
#3934 = CARTESIAN_POINT('',(-0.354071649517,0.76,0.163377686898));
#3935 = CARTESIAN_POINT('',(-0.354071649517,0.75,0.163377686898));
#3936 = CARTESIAN_POINT('',(-0.360081791803,0.76,0.172177657976));
#3937 = CARTESIAN_POINT('',(-0.360081791803,0.75,0.172177657976));
#3938 = CARTESIAN_POINT('',(-0.366487896168,0.76,0.180335218785));
#3939 = CARTESIAN_POINT('',(-0.366487896168,0.75,0.180335218785));
#3940 = CARTESIAN_POINT('',(-0.37342707203,0.76,0.187706375659));
#3941 = CARTESIAN_POINT('',(-0.37342707203,0.75,0.187706375659));
#3942 = CARTESIAN_POINT('',(-0.380703710328,0.76,0.194468738169));
#3943 = CARTESIAN_POINT('',(-0.380703710328,0.75,0.194468738169));
#3944 = CARTESIAN_POINT('',(-0.388407986423,0.76,0.200486067022));
#3945 = CARTESIAN_POINT('',(-0.388407986423,0.75,0.200486067022));
#3946 = CARTESIAN_POINT('',(-0.396455020849,0.76,0.205752901838));
#3947 = CARTESIAN_POINT('',(-0.396455020849,0.75,0.205752901838));
#3948 = CARTESIAN_POINT('',(-0.404678915355,0.76,0.210463056168));
#3949 = CARTESIAN_POINT('',(-0.404678915355,0.75,0.210463056168));
#3950 = CARTESIAN_POINT('',(-0.413225587738,0.76,0.214261078459));
#3951 = CARTESIAN_POINT('',(-0.413225587738,0.75,0.214261078459));
#3952 = CARTESIAN_POINT('',(-0.421901353764,0.76,0.217522225999));
#3953 = CARTESIAN_POINT('',(-0.421901353764,0.75,0.217522225999));
#3954 = CARTESIAN_POINT('',(-0.430830309891,0.76,0.220013706215));
#3955 = CARTESIAN_POINT('',(-0.430830309891,0.75,0.220013706215));
#3956 = CARTESIAN_POINT('',(-0.44000132597,0.76,0.22173643256));
#3957 = CARTESIAN_POINT('',(-0.44000132597,0.75,0.22173643256));
#3958 = CARTESIAN_POINT('',(-0.449367752933,0.76,0.222944643812));
#3959 = CARTESIAN_POINT('',(-0.449367752933,0.75,0.222944643812));
#3960 = CARTESIAN_POINT('',(-0.455699360371,0.76,0.223036812941));
#3961 = CARTESIAN_POINT('',(-0.455699360371,0.75,0.223036812941));
#3962 = CARTESIAN_POINT('',(-0.45888163547,0.76,0.223083137279));
#3963 = CARTESIAN_POINT('',(-0.45888163547,0.75,0.223083137279));
#3964 = ADVANCED_FACE('',(#3965),#3976,.T.);
#3965 = FACE_BOUND('',#3966,.T.);
#3966 = EDGE_LOOP('',(#3967,#3968,#3974,#3975));
#3967 = ORIENTED_EDGE('',*,*,#3247,.F.);
#3968 = ORIENTED_EDGE('',*,*,#3969,.F.);
#3969 = EDGE_CURVE('',#3638,#3216,#3970,.T.);
#3970 = LINE('',#3971,#3972);
#3971 = CARTESIAN_POINT('',(-0.45888163547,0.76,-0.197429683234));
#3972 = VECTOR('',#3973,1.);
#3973 = DIRECTION('',(-3.761581922631E-31,-1.,-9.429630734102E-47));
#3974 = ORIENTED_EDGE('',*,*,#3637,.T.);
#3975 = ORIENTED_EDGE('',*,*,#3902,.T.);
#3976 = B_SPLINE_SURFACE_WITH_KNOTS('',3,1,(
    (#3977,#3978)
    ,(#3979,#3980)
    ,(#3981,#3982)
    ,(#3983,#3984)
    ,(#3985,#3986)
    ,(#3987,#3988)
    ,(#3989,#3990)
    ,(#3991,#3992)
    ,(#3993,#3994)
    ,(#3995,#3996)
    ,(#3997,#3998)
    ,(#3999,#4000)
    ,(#4001,#4002)
    ,(#4003,#4004)
    ,(#4005,#4006)
    ,(#4007,#4008)
    ,(#4009,#4010)
    ,(#4011,#4012)
    ,(#4013,#4014)
    ,(#4015,#4016)
    ,(#4017,#4018)
    ,(#4019,#4020)
    ,(#4021,#4022)
    ,(#4023,#4024)
    ,(#4025,#4026)
    ,(#4027,#4028)
    ,(#4029,#4030
    )),.UNSPECIFIED.,.F.,.F.,.F.,(4,1,1,1,1,1,1,1,1,1,1,1,1,1,1,1,1,1,1,
    1,1,1,1,1,4),(2,2),(0.,3.378811616271E-02,6.719393237388E-02,
    9.986241085683E-02,0.132566612126,0.165151173255,0.197913187356,
    0.231319003567,0.265083278267,0.299255308758,0.334398566505,
    0.369942823509,0.4062835607,0.444063819699,0.482997706873,
    0.523354446613,0.565536589604,0.609612924066,0.656390811376,
    0.705885494936,0.758324500262,0.813831782941,0.872794559039,
    0.93472222954,1.),(0.,1.),.UNSPECIFIED.);
#3977 = CARTESIAN_POINT('',(-0.45888163547,0.76,-0.197429683234));
#3978 = CARTESIAN_POINT('',(-0.45888163547,0.75,-0.197429683234));
#3979 = CARTESIAN_POINT('',(-0.455700437929,0.76,-0.197373932928));
#3980 = CARTESIAN_POINT('',(-0.455700437929,0.75,-0.197373932928));
#3981 = CARTESIAN_POINT('',(-0.449374036912,0.76,-0.197263063111));
#3982 = CARTESIAN_POINT('',(-0.449374036912,0.75,-0.197263063111));
#3983 = CARTESIAN_POINT('',(-0.44002085117,0.76,-0.196197469678));
#3984 = CARTESIAN_POINT('',(-0.44002085117,0.75,-0.196197469678));
#3985 = CARTESIAN_POINT('',(-0.430883744688,0.76,-0.194429341324));
#3986 = CARTESIAN_POINT('',(-0.430883744688,0.75,-0.194429341324));
#3987 = CARTESIAN_POINT('',(-0.422001671693,0.76,-0.191924087086));
#3988 = CARTESIAN_POINT('',(-0.422001671693,0.75,-0.191924087086));
#3989 = CARTESIAN_POINT('',(-0.41330167324,0.76,-0.188816009754));
#3990 = CARTESIAN_POINT('',(-0.41330167324,0.75,-0.188816009754));
#3991 = CARTESIAN_POINT('',(-0.40485179808,0.76,-0.184920339227));
#3992 = CARTESIAN_POINT('',(-0.40485179808,0.75,-0.184920339227));
#3993 = CARTESIAN_POINT('',(-0.396599560178,0.76,-0.18038561153));
#3994 = CARTESIAN_POINT('',(-0.396599560178,0.75,-0.18038561153));
#3995 = CARTESIAN_POINT('',(-0.388676098748,0.76,-0.17505716841));
#3996 = CARTESIAN_POINT('',(-0.388676098748,0.75,-0.17505716841));
#3997 = CARTESIAN_POINT('',(-0.380994428422,0.76,-0.169116336844));
#3998 = CARTESIAN_POINT('',(-0.380994428422,0.75,-0.169116336844));
#3999 = CARTESIAN_POINT('',(-0.373743232654,0.76,-0.162400603267));
#4000 = CARTESIAN_POINT('',(-0.373743232654,0.75,-0.162400603267));
#4001 = CARTESIAN_POINT('',(-0.366921851409,0.76,-0.154977778208));
#4002 = CARTESIAN_POINT('',(-0.366921851409,0.75,-0.154977778208));
#4003 = CARTESIAN_POINT('',(-0.36044467365,0.76,-0.146927279478));
#4004 = CARTESIAN_POINT('',(-0.36044467365,0.75,-0.146927279478));
#4005 = CARTESIAN_POINT('',(-0.354495462542,0.76,-0.138094698354));
#4006 = CARTESIAN_POINT('',(-0.354495462542,0.75,-0.138094698354));
#4007 = CARTESIAN_POINT('',(-0.348829927429,0.76,-0.128633657232));
#4008 = CARTESIAN_POINT('',(-0.348829927429,0.75,-0.128633657232));
#4009 = CARTESIAN_POINT('',(-0.343758837612,0.76,-0.118378701256));
#4010 = CARTESIAN_POINT('',(-0.343758837612,0.75,-0.118378701256));
#4011 = CARTESIAN_POINT('',(-0.338874874734,0.76,-0.107500933503));
#4012 = CARTESIAN_POINT('',(-0.338874874734,0.75,-0.107500933503));
#4013 = CARTESIAN_POINT('',(-0.334659219107,0.76,-9.569937249603E-02));
#4014 = CARTESIAN_POINT('',(-0.334659219107,0.75,-9.569937249603E-02));
#4015 = CARTESIAN_POINT('',(-0.330857362504,0.76,-8.304054272253E-02));
#4016 = CARTESIAN_POINT('',(-0.330857362504,0.75,-8.304054272253E-02));
#4017 = CARTESIAN_POINT('',(-0.327785480381,0.76,-6.937492136786E-02));
#4018 = CARTESIAN_POINT('',(-0.327785480381,0.75,-6.937492136786E-02));
#4019 = CARTESIAN_POINT('',(-0.3252267064,0.76,-5.477420761985E-02));
#4020 = CARTESIAN_POINT('',(-0.3252267064,0.75,-5.477420761985E-02));
#4021 = CARTESIAN_POINT('',(-0.323244432578,0.76,-3.918478096383E-02));
#4022 = CARTESIAN_POINT('',(-0.323244432578,0.75,-3.918478096383E-02));
#4023 = CARTESIAN_POINT('',(-0.321800702054,0.76,-2.264005919106E-02));
#4024 = CARTESIAN_POINT('',(-0.321800702054,0.75,-2.264005919106E-02));
#4025 = CARTESIAN_POINT('',(-0.321038063764,0.76,-5.129157403544E-03));
#4026 = CARTESIAN_POINT('',(-0.321038063764,0.75,-5.129157403544E-03));
#4027 = CARTESIAN_POINT('',(-0.320894440769,0.76,6.843168216703E-03));
#4028 = CARTESIAN_POINT('',(-0.320894440769,0.75,6.843168216703E-03));
#4029 = CARTESIAN_POINT('',(-0.320820738034,0.76,1.298698343253E-02));
#4030 = CARTESIAN_POINT('',(-0.320820738034,0.75,1.298698343253E-02));
#4031 = ADVANCED_FACE('',(#4032),#4038,.T.);
#4032 = FACE_BOUND('',#4033,.T.);
#4033 = EDGE_LOOP('',(#4034,#4035,#4036,#4037));
#4034 = ORIENTED_EDGE('',*,*,#3215,.F.);
#4035 = ORIENTED_EDGE('',*,*,#3837,.F.);
#4036 = ORIENTED_EDGE('',*,*,#3669,.T.);
#4037 = ORIENTED_EDGE('',*,*,#3969,.T.);
#4038 = B_SPLINE_SURFACE_WITH_KNOTS('',3,1,(
    (#4039,#4040)
    ,(#4041,#4042)
    ,(#4043,#4044)
    ,(#4045,#4046)
    ,(#4047,#4048)
    ,(#4049,#4050)
    ,(#4051,#4052)
    ,(#4053,#4054)
    ,(#4055,#4056)
    ,(#4057,#4058)
    ,(#4059,#4060)
    ,(#4061,#4062)
    ,(#4063,#4064)
    ,(#4065,#4066)
    ,(#4067,#4068)
    ,(#4069,#4070)
    ,(#4071,#4072)
    ,(#4073,#4074)
    ,(#4075,#4076)
    ,(#4077,#4078)
    ,(#4079,#4080)
    ,(#4081,#4082)
    ,(#4083,#4084)
    ,(#4085,#4086)
    ,(#4087,#4088)
    ,(#4089,#4090)
    ,(#4091,#4092
    )),.UNSPECIFIED.,.F.,.F.,.F.,(4,1,1,1,1,1,1,1,1,1,1,1,1,1,1,1,1,1,1,
    1,1,1,1,1,4),(2,2),(0.,6.859462225874E-02,0.133246042443,
    0.194312586468,0.251279223117,0.304513439256,0.354234906653,
    0.400480588774,0.443410754938,0.484014868616,0.523252300773,
    0.561042372728,0.597900239364,0.633518488856,0.66831435117,
    0.702495671286,0.736685353513,0.770293169361,0.803437255019,
    0.835912951666,0.868460245789,0.900846538243,0.933466524631,
    0.966257575298,1.),(0.,1.),.UNSPECIFIED.);
#4039 = CARTESIAN_POINT('',(-0.592615609829,0.76,1.298698343253E-02));
#4040 = CARTESIAN_POINT('',(-0.592615609829,0.75,1.298698343253E-02));
#4041 = CARTESIAN_POINT('',(-0.592578122039,0.76,6.57585340576E-03));
#4042 = CARTESIAN_POINT('',(-0.592578122039,0.75,6.57585340576E-03));
#4043 = CARTESIAN_POINT('',(-0.592505301468,0.76,-5.877859079665E-03));
#4044 = CARTESIAN_POINT('',(-0.592505301468,0.75,-5.877859079665E-03));
#4045 = CARTESIAN_POINT('',(-0.591695196217,0.76,-2.402467531587E-02));
#4046 = CARTESIAN_POINT('',(-0.591695196217,0.75,-2.402467531587E-02));
#4047 = CARTESIAN_POINT('',(-0.59034944281,0.76,-4.104870834389E-02));
#4048 = CARTESIAN_POINT('',(-0.59034944281,0.75,-4.104870834389E-02));
#4049 = CARTESIAN_POINT('',(-0.588505171627,0.76,-5.6950773034E-02));
#4050 = CARTESIAN_POINT('',(-0.588505171627,0.75,-5.6950773034E-02));
#4051 = CARTESIAN_POINT('',(-0.58626083103,0.76,-7.173497469316E-02));
#4052 = CARTESIAN_POINT('',(-0.58626083103,0.75,-7.173497469316E-02));
#4053 = CARTESIAN_POINT('',(-0.583264775419,0.76,-8.536180408017E-02));
#4054 = CARTESIAN_POINT('',(-0.583264775419,0.75,-8.536180408017E-02));
#4055 = CARTESIAN_POINT('',(-0.579857597977,0.76,-9.789433055023E-02));
#4056 = CARTESIAN_POINT('',(-0.579857597977,0.75,-9.789433055023E-02));
#4057 = CARTESIAN_POINT('',(-0.575908747027,0.76,-0.109373421805));
#4058 = CARTESIAN_POINT('',(-0.575908747027,0.75,-0.109373421805));
#4059 = CARTESIAN_POINT('',(-0.571452999711,0.76,-0.119953730721));
#4060 = CARTESIAN_POINT('',(-0.571452999711,0.75,-0.119953730721));
#4061 = CARTESIAN_POINT('',(-0.566603369914,0.76,-0.129830896584));
#4062 = CARTESIAN_POINT('',(-0.566603369914,0.75,-0.129830896584));
#4063 = CARTESIAN_POINT('',(-0.561167393409,0.76,-0.138989974565));
#4064 = CARTESIAN_POINT('',(-0.561167393409,0.75,-0.138989974565));
#4065 = CARTESIAN_POINT('',(-0.555455746217,0.76,-0.147577150613));
#4066 = CARTESIAN_POINT('',(-0.555455746217,0.75,-0.147577150613));
#4067 = CARTESIAN_POINT('',(-0.549237223745,0.76,-0.15545185859));
#4068 = CARTESIAN_POINT('',(-0.549237223745,0.75,-0.15545185859));
#4069 = CARTESIAN_POINT('',(-0.542688790549,0.76,-0.162725305735));
#4070 = CARTESIAN_POINT('',(-0.542688790549,0.75,-0.162725305735));
#4071 = CARTESIAN_POINT('',(-0.535554861833,0.76,-0.169229391502));
#4072 = CARTESIAN_POINT('',(-0.535554861833,0.75,-0.169229391502));
#4073 = CARTESIAN_POINT('',(-0.528077946601,0.76,-0.175154683203));
#4074 = CARTESIAN_POINT('',(-0.528077946601,0.75,-0.175154683203));
#4075 = CARTESIAN_POINT('',(-0.520190350671,0.76,-0.180348908537));
#4076 = CARTESIAN_POINT('',(-0.520190350671,0.75,-0.180348908537));
#4077 = CARTESIAN_POINT('',(-0.512116903112,0.76,-0.184924078664));
#4078 = CARTESIAN_POINT('',(-0.512116903112,0.75,-0.184924078664));
#4079 = CARTESIAN_POINT('',(-0.503802033871,0.76,-0.188832634922));
#4080 = CARTESIAN_POINT('',(-0.503802033871,0.75,-0.188832634922));
#4081 = CARTESIAN_POINT('',(-0.49522304154,0.76,-0.191905827592));
#4082 = CARTESIAN_POINT('',(-0.49522304154,0.75,-0.191905827592));
#4083 = CARTESIAN_POINT('',(-0.486457034924,0.76,-0.19444421008));
#4084 = CARTESIAN_POINT('',(-0.486457034924,0.75,-0.19444421008));
#4085 = CARTESIAN_POINT('',(-0.477473370159,0.76,-0.196180089811));
#4086 = CARTESIAN_POINT('',(-0.477473370159,0.75,-0.196180089811));
#4087 = CARTESIAN_POINT('',(-0.468257214281,0.76,-0.197272307925));
#4088 = CARTESIAN_POINT('',(-0.468257214281,0.75,-0.197272307925));
#4089 = CARTESIAN_POINT('',(-0.462036478875,0.76,-0.197376727095));
#4090 = CARTESIAN_POINT('',(-0.462036478875,0.75,-0.197376727095));
#4091 = CARTESIAN_POINT('',(-0.45888163547,0.76,-0.197429683234));
#4092 = CARTESIAN_POINT('',(-0.45888163547,0.75,-0.197429683234));
#4093 = ADVANCED_FACE('',(#4094),#4139,.T.);
#4094 = FACE_BOUND('',#4095,.T.);
#4095 = EDGE_LOOP('',(#4096,#4126,#4132,#4133));
#4096 = ORIENTED_EDGE('',*,*,#4097,.F.);
#4097 = EDGE_CURVE('',#4098,#4100,#4102,.T.);
#4098 = VERTEX_POINT('',#4099);
#4099 = CARTESIAN_POINT('',(-0.457679712393,0.75,-0.156404042208));
#4100 = VERTEX_POINT('',#4101);
#4101 = CARTESIAN_POINT('',(-0.556718173931,0.75,1.282672702227E-02));
#4102 = B_SPLINE_CURVE_WITH_KNOTS('',3,(#4103,#4104,#4105,#4106,#4107,
    #4108,#4109,#4110,#4111,#4112,#4113,#4114,#4115,#4116,#4117,#4118,
    #4119,#4120,#4121,#4122,#4123,#4124,#4125),.UNSPECIFIED.,.F.,.F.,(4,
    1,1,1,1,1,1,1,1,1,1,1,1,1,1,1,1,1,1,1,4),(0.,6.038661931106E-02,
    0.120883248586,0.182754618625,0.247811029758,0.281299100043,
    0.315087624151,0.34970239555,0.384856581119,0.420966197226,
    0.458511188261,0.497174722127,0.537602047866,0.58050301842,
    0.627467540027,0.678388209559,0.733983220593,0.793746704551,
    0.857713672161,0.926697864361,1.),.UNSPECIFIED.);
#4103 = CARTESIAN_POINT('',(-0.457679712393,0.75,-0.156404042208));
#4104 = CARTESIAN_POINT('',(-0.46210378006,0.75,-0.156171876877));
#4105 = CARTESIAN_POINT('',(-0.470959974986,0.75,-0.155707123265));
#4106 = CARTESIAN_POINT('',(-0.484039741241,0.75,-0.152427894284));
#4107 = CARTESIAN_POINT('',(-0.496577381428,0.75,-0.146712126748));
#4108 = CARTESIAN_POINT('',(-0.506548007106,0.75,-0.140431855609));
#4109 = CARTESIAN_POINT('',(-0.514189582707,0.75,-0.134450334301));
#4110 = CARTESIAN_POINT('',(-0.51957046195,0.75,-0.12926331098));
#4111 = CARTESIAN_POINT('',(-0.524615738775,0.75,-0.123589453339));
#4112 = CARTESIAN_POINT('',(-0.529263475933,0.75,-0.117372091642));
#4113 = CARTESIAN_POINT('',(-0.53361653687,0.75,-0.110690335376));
#4114 = CARTESIAN_POINT('',(-0.537614366878,0.75,-0.103491619408));
#4115 = CARTESIAN_POINT('',(-0.541216347413,0.75,-9.573946349641E-02));
#4116 = CARTESIAN_POINT('',(-0.544540294405,0.75,-8.744044230566E-02));
#4117 = CARTESIAN_POINT('',(-0.547462898751,0.75,-7.834547722731E-02));
#4118 = CARTESIAN_POINT('',(-0.549873637405,0.75,-6.831473510234E-02));
#4119 = CARTESIAN_POINT('',(-0.552100729191,0.75,-5.729051889787E-02));
#4120 = CARTESIAN_POINT('',(-0.553677331351,0.75,-4.520828941842E-02));
#4121 = CARTESIAN_POINT('',(-0.555078903438,0.75,-3.21474718905E-02));
#4122 = CARTESIAN_POINT('',(-0.555979628918,0.75,-1.805863552144E-02));
#4123 = CARTESIAN_POINT('',(-0.556680344057,0.75,-2.965563475453E-03));
#4124 = CARTESIAN_POINT('',(-0.556705311413,0.75,7.457197496278E-03));
#4125 = CARTESIAN_POINT('',(-0.556718173931,0.75,1.282672702227E-02));
#4126 = ORIENTED_EDGE('',*,*,#4127,.F.);
#4127 = EDGE_CURVE('',#3732,#4098,#4128,.T.);
#4128 = LINE('',#4129,#4130);
#4129 = CARTESIAN_POINT('',(-0.457679712393,0.76,-0.156404042208));
#4130 = VECTOR('',#4131,1.);
#4131 = DIRECTION('',(-3.761581922631E-31,-1.,-9.429630734102E-47));
#4132 = ORIENTED_EDGE('',*,*,#3731,.T.);
#4133 = ORIENTED_EDGE('',*,*,#4134,.T.);
#4134 = EDGE_CURVE('',#3702,#4100,#4135,.T.);
#4135 = LINE('',#4136,#4137);
#4136 = CARTESIAN_POINT('',(-0.556718173931,0.76,1.282672702227E-02));
#4137 = VECTOR('',#4138,1.);
#4138 = DIRECTION('',(-3.761581922631E-31,-1.,-9.429630734102E-47));
#4139 = B_SPLINE_SURFACE_WITH_KNOTS('',3,1,(
    (#4140,#4141)
    ,(#4142,#4143)
    ,(#4144,#4145)
    ,(#4146,#4147)
    ,(#4148,#4149)
    ,(#4150,#4151)
    ,(#4152,#4153)
    ,(#4154,#4155)
    ,(#4156,#4157)
    ,(#4158,#4159)
    ,(#4160,#4161)
    ,(#4162,#4163)
    ,(#4164,#4165)
    ,(#4166,#4167)
    ,(#4168,#4169)
    ,(#4170,#4171)
    ,(#4172,#4173)
    ,(#4174,#4175)
    ,(#4176,#4177)
    ,(#4178,#4179)
    ,(#4180,#4181)
    ,(#4182,#4183)
    ,(#4184,#4185
    )),.UNSPECIFIED.,.F.,.F.,.F.,(4,1,1,1,1,1,1,1,1,1,1,1,1,1,1,1,1,1,1,
    1,4),(2,2),(0.,6.038661931106E-02,0.120883248586,0.182754618625,
    0.247811029758,0.281299100043,0.315087624151,0.34970239555,
    0.384856581119,0.420966197226,0.458511188261,0.497174722127,
    0.537602047866,0.58050301842,0.627467540027,0.678388209559,
    0.733983220593,0.793746704551,0.857713672161,0.926697864361,1.),(0.,
    1.),.UNSPECIFIED.);
#4140 = CARTESIAN_POINT('',(-0.457679712393,0.76,-0.156404042208));
#4141 = CARTESIAN_POINT('',(-0.457679712393,0.75,-0.156404042208));
#4142 = CARTESIAN_POINT('',(-0.46210378006,0.76,-0.156171876877));
#4143 = CARTESIAN_POINT('',(-0.46210378006,0.75,-0.156171876877));
#4144 = CARTESIAN_POINT('',(-0.470959974986,0.76,-0.155707123265));
#4145 = CARTESIAN_POINT('',(-0.470959974986,0.75,-0.155707123265));
#4146 = CARTESIAN_POINT('',(-0.484039741241,0.76,-0.152427894284));
#4147 = CARTESIAN_POINT('',(-0.484039741241,0.75,-0.152427894284));
#4148 = CARTESIAN_POINT('',(-0.496577381428,0.76,-0.146712126748));
#4149 = CARTESIAN_POINT('',(-0.496577381428,0.75,-0.146712126748));
#4150 = CARTESIAN_POINT('',(-0.506548007106,0.76,-0.140431855609));
#4151 = CARTESIAN_POINT('',(-0.506548007106,0.75,-0.140431855609));
#4152 = CARTESIAN_POINT('',(-0.514189582707,0.76,-0.134450334301));
#4153 = CARTESIAN_POINT('',(-0.514189582707,0.75,-0.134450334301));
#4154 = CARTESIAN_POINT('',(-0.51957046195,0.76,-0.12926331098));
#4155 = CARTESIAN_POINT('',(-0.51957046195,0.75,-0.12926331098));
#4156 = CARTESIAN_POINT('',(-0.524615738775,0.76,-0.123589453339));
#4157 = CARTESIAN_POINT('',(-0.524615738775,0.75,-0.123589453339));
#4158 = CARTESIAN_POINT('',(-0.529263475933,0.76,-0.117372091642));
#4159 = CARTESIAN_POINT('',(-0.529263475933,0.75,-0.117372091642));
#4160 = CARTESIAN_POINT('',(-0.53361653687,0.76,-0.110690335376));
#4161 = CARTESIAN_POINT('',(-0.53361653687,0.75,-0.110690335376));
#4162 = CARTESIAN_POINT('',(-0.537614366878,0.76,-0.103491619408));
#4163 = CARTESIAN_POINT('',(-0.537614366878,0.75,-0.103491619408));
#4164 = CARTESIAN_POINT('',(-0.541216347413,0.76,-9.573946349641E-02));
#4165 = CARTESIAN_POINT('',(-0.541216347413,0.75,-9.573946349641E-02));
#4166 = CARTESIAN_POINT('',(-0.544540294405,0.76,-8.744044230566E-02));
#4167 = CARTESIAN_POINT('',(-0.544540294405,0.75,-8.744044230566E-02));
#4168 = CARTESIAN_POINT('',(-0.547462898751,0.76,-7.834547722731E-02));
#4169 = CARTESIAN_POINT('',(-0.547462898751,0.75,-7.834547722731E-02));
#4170 = CARTESIAN_POINT('',(-0.549873637405,0.76,-6.831473510234E-02));
#4171 = CARTESIAN_POINT('',(-0.549873637405,0.75,-6.831473510234E-02));
#4172 = CARTESIAN_POINT('',(-0.552100729191,0.76,-5.729051889787E-02));
#4173 = CARTESIAN_POINT('',(-0.552100729191,0.75,-5.729051889787E-02));
#4174 = CARTESIAN_POINT('',(-0.553677331351,0.76,-4.520828941842E-02));
#4175 = CARTESIAN_POINT('',(-0.553677331351,0.75,-4.520828941842E-02));
#4176 = CARTESIAN_POINT('',(-0.555078903438,0.76,-3.21474718905E-02));
#4177 = CARTESIAN_POINT('',(-0.555078903438,0.75,-3.21474718905E-02));
#4178 = CARTESIAN_POINT('',(-0.555979628918,0.76,-1.805863552144E-02));
#4179 = CARTESIAN_POINT('',(-0.555979628918,0.75,-1.805863552144E-02));
#4180 = CARTESIAN_POINT('',(-0.556680344057,0.76,-2.965563475453E-03));
#4181 = CARTESIAN_POINT('',(-0.556680344057,0.75,-2.965563475453E-03));
#4182 = CARTESIAN_POINT('',(-0.556705311413,0.76,7.457197496278E-03));
#4183 = CARTESIAN_POINT('',(-0.556705311413,0.75,7.457197496278E-03));
#4184 = CARTESIAN_POINT('',(-0.556718173931,0.76,1.282672702227E-02));
#4185 = CARTESIAN_POINT('',(-0.556718173931,0.75,1.282672702227E-02));
#4186 = ADVANCED_FACE('',(#4187),#4225,.T.);
#4187 = FACE_BOUND('',#4188,.T.);
#4188 = EDGE_LOOP('',(#4189,#4217,#4218,#4219));
#4189 = ORIENTED_EDGE('',*,*,#4190,.F.);
#4190 = EDGE_CURVE('',#4100,#4191,#4193,.T.);
#4191 = VERTEX_POINT('',#4192);
#4192 = CARTESIAN_POINT('',(-0.457679712393,0.75,0.182057496253));
#4193 = B_SPLINE_CURVE_WITH_KNOTS('',3,(#4194,#4195,#4196,#4197,#4198,
    #4199,#4200,#4201,#4202,#4203,#4204,#4205,#4206,#4207,#4208,#4209,
    #4210,#4211,#4212,#4213,#4214,#4215,#4216),.UNSPECIFIED.,.F.,.F.,(4,
    1,1,1,1,1,1,1,1,1,1,1,1,1,1,1,1,1,1,1,4),(0.,7.295106587587E-02,
    0.141583694187,0.205926460171,0.265301357185,0.320597232714,
    0.371816503099,0.418789769709,0.461698728616,0.502133582104,
    0.540804315293,0.578180525328,0.614296865208,0.649678243265,
    0.68429946009,0.718358952772,0.752080864648,0.817652438602,
    0.879722076405,0.939965559731,1.),.UNSPECIFIED.);
#4194 = CARTESIAN_POINT('',(-0.556718173931,0.75,1.282672702227E-02));
#4195 = CARTESIAN_POINT('',(-0.556704522838,0.75,1.8169435457E-02));
#4196 = CARTESIAN_POINT('',(-0.556678028746,0.75,2.853858343405E-02));
#4197 = CARTESIAN_POINT('',(-0.555985891537,0.75,4.360638468844E-02));
#4198 = CARTESIAN_POINT('',(-0.55504300788,0.75,5.766013655326E-02));
#4199 = CARTESIAN_POINT('',(-0.55382685963,0.75,7.071768357785E-02));
#4200 = CARTESIAN_POINT('',(-0.55202080837,0.75,8.273482786468E-02));
#4201 = CARTESIAN_POINT('',(-0.549997175477,0.75,9.379422021498E-02));
#4202 = CARTESIAN_POINT('',(-0.547534536663,0.75,0.103837333028));
#4203 = CARTESIAN_POINT('',(-0.544620820336,0.75,0.112933082823));
#4204 = CARTESIAN_POINT('',(-0.541302066405,0.75,0.121235833508));
#4205 = CARTESIAN_POINT('',(-0.537678539128,0.75,0.128961686665));
#4206 = CARTESIAN_POINT('',(-0.533785885082,0.75,0.136201907972));
#4207 = CARTESIAN_POINT('',(-0.529429410733,0.75,0.142891463215));
#4208 = CARTESIAN_POINT('',(-0.524684832078,0.75,0.149052167681));
#4209 = CARTESIAN_POINT('',(-0.519659316748,0.75,0.154793062803));
#4210 = CARTESIAN_POINT('',(-0.514165307121,0.75,0.159912717813));
#4211 = CARTESIAN_POINT('',(-0.506564879401,0.75,0.166052929816));
#4212 = CARTESIAN_POINT('',(-0.49653099661,0.75,0.172397973671));
#4213 = CARTESIAN_POINT('',(-0.483888658869,0.75,0.17792324108));
#4214 = CARTESIAN_POINT('',(-0.470897978757,0.75,0.181395521816));
#4215 = CARTESIAN_POINT('',(-0.462080693033,0.75,0.181837093925));
#4216 = CARTESIAN_POINT('',(-0.457679712393,0.75,0.182057496253));
#4217 = ORIENTED_EDGE('',*,*,#4134,.F.);
#4218 = ORIENTED_EDGE('',*,*,#3701,.T.);
#4219 = ORIENTED_EDGE('',*,*,#4220,.T.);
#4220 = EDGE_CURVE('',#3704,#4191,#4221,.T.);
#4221 = LINE('',#4222,#4223);
#4222 = CARTESIAN_POINT('',(-0.457679712393,0.76,0.182057496253));
#4223 = VECTOR('',#4224,1.);
#4224 = DIRECTION('',(-3.761581922631E-31,-1.,-9.429630734102E-47));
#4225 = B_SPLINE_SURFACE_WITH_KNOTS('',3,1,(
    (#4226,#4227)
    ,(#4228,#4229)
    ,(#4230,#4231)
    ,(#4232,#4233)
    ,(#4234,#4235)
    ,(#4236,#4237)
    ,(#4238,#4239)
    ,(#4240,#4241)
    ,(#4242,#4243)
    ,(#4244,#4245)
    ,(#4246,#4247)
    ,(#4248,#4249)
    ,(#4250,#4251)
    ,(#4252,#4253)
    ,(#4254,#4255)
    ,(#4256,#4257)
    ,(#4258,#4259)
    ,(#4260,#4261)
    ,(#4262,#4263)
    ,(#4264,#4265)
    ,(#4266,#4267)
    ,(#4268,#4269)
    ,(#4270,#4271
    )),.UNSPECIFIED.,.F.,.F.,.F.,(4,1,1,1,1,1,1,1,1,1,1,1,1,1,1,1,1,1,1,
    1,4),(2,2),(0.,7.295106587587E-02,0.141583694187,0.205926460171,
    0.265301357185,0.320597232714,0.371816503099,0.418789769709,
    0.461698728616,0.502133582104,0.540804315293,0.578180525328,
    0.614296865208,0.649678243265,0.68429946009,0.718358952772,
    0.752080864648,0.817652438602,0.879722076405,0.939965559731,1.),(0.,
    1.),.UNSPECIFIED.);
#4226 = CARTESIAN_POINT('',(-0.556718173931,0.76,1.282672702227E-02));
#4227 = CARTESIAN_POINT('',(-0.556718173931,0.75,1.282672702227E-02));
#4228 = CARTESIAN_POINT('',(-0.556704522838,0.76,1.8169435457E-02));
#4229 = CARTESIAN_POINT('',(-0.556704522838,0.75,1.8169435457E-02));
#4230 = CARTESIAN_POINT('',(-0.556678028746,0.76,2.853858343405E-02));
#4231 = CARTESIAN_POINT('',(-0.556678028746,0.75,2.853858343405E-02));
#4232 = CARTESIAN_POINT('',(-0.555985891537,0.76,4.360638468844E-02));
#4233 = CARTESIAN_POINT('',(-0.555985891537,0.75,4.360638468844E-02));
#4234 = CARTESIAN_POINT('',(-0.55504300788,0.76,5.766013655326E-02));
#4235 = CARTESIAN_POINT('',(-0.55504300788,0.75,5.766013655326E-02));
#4236 = CARTESIAN_POINT('',(-0.55382685963,0.76,7.071768357785E-02));
#4237 = CARTESIAN_POINT('',(-0.55382685963,0.75,7.071768357785E-02));
#4238 = CARTESIAN_POINT('',(-0.55202080837,0.76,8.273482786468E-02));
#4239 = CARTESIAN_POINT('',(-0.55202080837,0.75,8.273482786468E-02));
#4240 = CARTESIAN_POINT('',(-0.549997175477,0.76,9.379422021498E-02));
#4241 = CARTESIAN_POINT('',(-0.549997175477,0.75,9.379422021498E-02));
#4242 = CARTESIAN_POINT('',(-0.547534536663,0.76,0.103837333028));
#4243 = CARTESIAN_POINT('',(-0.547534536663,0.75,0.103837333028));
#4244 = CARTESIAN_POINT('',(-0.544620820336,0.76,0.112933082823));
#4245 = CARTESIAN_POINT('',(-0.544620820336,0.75,0.112933082823));
#4246 = CARTESIAN_POINT('',(-0.541302066405,0.76,0.121235833508));
#4247 = CARTESIAN_POINT('',(-0.541302066405,0.75,0.121235833508));
#4248 = CARTESIAN_POINT('',(-0.537678539128,0.76,0.128961686665));
#4249 = CARTESIAN_POINT('',(-0.537678539128,0.75,0.128961686665));
#4250 = CARTESIAN_POINT('',(-0.533785885082,0.76,0.136201907972));
#4251 = CARTESIAN_POINT('',(-0.533785885082,0.75,0.136201907972));
#4252 = CARTESIAN_POINT('',(-0.529429410733,0.76,0.142891463215));
#4253 = CARTESIAN_POINT('',(-0.529429410733,0.75,0.142891463215));
#4254 = CARTESIAN_POINT('',(-0.524684832078,0.76,0.149052167681));
#4255 = CARTESIAN_POINT('',(-0.524684832078,0.75,0.149052167681));
#4256 = CARTESIAN_POINT('',(-0.519659316748,0.76,0.154793062803));
#4257 = CARTESIAN_POINT('',(-0.519659316748,0.75,0.154793062803));
#4258 = CARTESIAN_POINT('',(-0.514165307121,0.76,0.159912717813));
#4259 = CARTESIAN_POINT('',(-0.514165307121,0.75,0.159912717813));
#4260 = CARTESIAN_POINT('',(-0.506564879401,0.76,0.166052929816));
#4261 = CARTESIAN_POINT('',(-0.506564879401,0.75,0.166052929816));
#4262 = CARTESIAN_POINT('',(-0.49653099661,0.76,0.172397973671));
#4263 = CARTESIAN_POINT('',(-0.49653099661,0.75,0.172397973671));
#4264 = CARTESIAN_POINT('',(-0.483888658869,0.76,0.17792324108));
#4265 = CARTESIAN_POINT('',(-0.483888658869,0.75,0.17792324108));
#4266 = CARTESIAN_POINT('',(-0.470897978757,0.76,0.181395521816));
#4267 = CARTESIAN_POINT('',(-0.470897978757,0.75,0.181395521816));
#4268 = CARTESIAN_POINT('',(-0.462080693033,0.76,0.181837093925));
#4269 = CARTESIAN_POINT('',(-0.462080693033,0.75,0.181837093925));
#4270 = CARTESIAN_POINT('',(-0.457679712393,0.76,0.182057496253));
#4271 = CARTESIAN_POINT('',(-0.457679712393,0.75,0.182057496253));
#4272 = ADVANCED_FACE('',(#4273),#4303,.T.);
#4273 = FACE_BOUND('',#4274,.T.);
#4274 = EDGE_LOOP('',(#4275,#4295,#4296,#4297));
#4275 = ORIENTED_EDGE('',*,*,#4276,.F.);
#4276 = EDGE_CURVE('',#4191,#4277,#4279,.T.);
#4277 = VERTEX_POINT('',#4278);
#4278 = CARTESIAN_POINT('',(-0.371862404701,0.75,0.113387624458));
#4279 = B_SPLINE_CURVE_WITH_KNOTS('',3,(#4280,#4281,#4282,#4283,#4284,
    #4285,#4286,#4287,#4288,#4289,#4290,#4291,#4292,#4293,#4294),
  .UNSPECIFIED.,.F.,.F.,(4,1,1,1,1,1,1,1,1,1,1,1,4),(0.,0.112813400744,
    0.225393883921,0.339594814563,0.459675410225,0.521735190088,
    0.583925838739,0.648174144765,0.713881038113,0.781004454907,
    0.851450927557,0.924050692664,1.),.UNSPECIFIED.);
#4280 = CARTESIAN_POINT('',(-0.457679712393,0.75,0.182057496253));
#4281 = CARTESIAN_POINT('',(-0.453250264204,0.75,0.181874892732));
#4282 = CARTESIAN_POINT('',(-0.444400512982,0.75,0.181510062697));
#4283 = CARTESIAN_POINT('',(-0.431470936395,0.75,0.177990206997));
#4284 = CARTESIAN_POINT('',(-0.418918905528,0.75,0.172679402487));
#4285 = CARTESIAN_POINT('',(-0.409082112353,0.75,0.166399687582));
#4286 = CARTESIAN_POINT('',(-0.401598393096,0.75,0.160419307073));
#4287 = CARTESIAN_POINT('',(-0.39623645137,0.75,0.155320490123));
#4288 = CARTESIAN_POINT('',(-0.391315074406,0.75,0.149611248145));
#4289 = CARTESIAN_POINT('',(-0.386647408708,0.75,0.143451328612));
#4290 = CARTESIAN_POINT('',(-0.382366371488,0.75,0.136723044707));
#4291 = CARTESIAN_POINT('',(-0.378473441466,0.75,0.129458750391));
#4292 = CARTESIAN_POINT('',(-0.374921058889,0.75,0.121638272915));
#4293 = CARTESIAN_POINT('',(-0.372897167923,0.75,0.116178874159));
#4294 = CARTESIAN_POINT('',(-0.371862404701,0.75,0.113387624458));
#4295 = ORIENTED_EDGE('',*,*,#4220,.F.);
#4296 = ORIENTED_EDGE('',*,*,#3803,.T.);
#4297 = ORIENTED_EDGE('',*,*,#4298,.T.);
#4298 = EDGE_CURVE('',#3788,#4277,#4299,.T.);
#4299 = LINE('',#4300,#4301);
#4300 = CARTESIAN_POINT('',(-0.371862404701,0.76,0.113387624458));
#4301 = VECTOR('',#4302,1.);
#4302 = DIRECTION('',(-3.761581922631E-31,-1.,-9.429630734102E-47));
#4303 = B_SPLINE_SURFACE_WITH_KNOTS('',3,1,(
    (#4304,#4305)
    ,(#4306,#4307)
    ,(#4308,#4309)
    ,(#4310,#4311)
    ,(#4312,#4313)
    ,(#4314,#4315)
    ,(#4316,#4317)
    ,(#4318,#4319)
    ,(#4320,#4321)
    ,(#4322,#4323)
    ,(#4324,#4325)
    ,(#4326,#4327)
    ,(#4328,#4329)
    ,(#4330,#4331)
    ,(#4332,#4333
    )),.UNSPECIFIED.,.F.,.F.,.F.,(4,1,1,1,1,1,1,1,1,1,1,1,4),(2,2),(0.,
    0.112813400744,0.225393883921,0.339594814563,0.459675410225,
    0.521735190088,0.583925838739,0.648174144765,0.713881038113,
    0.781004454907,0.851450927557,0.924050692664,1.),(0.,1.),
  .UNSPECIFIED.);
#4304 = CARTESIAN_POINT('',(-0.457679712393,0.76,0.182057496253));
#4305 = CARTESIAN_POINT('',(-0.457679712393,0.75,0.182057496253));
#4306 = CARTESIAN_POINT('',(-0.453250264204,0.76,0.181874892732));
#4307 = CARTESIAN_POINT('',(-0.453250264204,0.75,0.181874892732));
#4308 = CARTESIAN_POINT('',(-0.444400512982,0.76,0.181510062697));
#4309 = CARTESIAN_POINT('',(-0.444400512982,0.75,0.181510062697));
#4310 = CARTESIAN_POINT('',(-0.431470936395,0.76,0.177990206997));
#4311 = CARTESIAN_POINT('',(-0.431470936395,0.75,0.177990206997));
#4312 = CARTESIAN_POINT('',(-0.418918905528,0.76,0.172679402487));
#4313 = CARTESIAN_POINT('',(-0.418918905528,0.75,0.172679402487));
#4314 = CARTESIAN_POINT('',(-0.409082112353,0.76,0.166399687582));
#4315 = CARTESIAN_POINT('',(-0.409082112353,0.75,0.166399687582));
#4316 = CARTESIAN_POINT('',(-0.401598393096,0.76,0.160419307073));
#4317 = CARTESIAN_POINT('',(-0.401598393096,0.75,0.160419307073));
#4318 = CARTESIAN_POINT('',(-0.39623645137,0.76,0.155320490123));
#4319 = CARTESIAN_POINT('',(-0.39623645137,0.75,0.155320490123));
#4320 = CARTESIAN_POINT('',(-0.391315074406,0.76,0.149611248145));
#4321 = CARTESIAN_POINT('',(-0.391315074406,0.75,0.149611248145));
#4322 = CARTESIAN_POINT('',(-0.386647408708,0.76,0.143451328612));
#4323 = CARTESIAN_POINT('',(-0.386647408708,0.75,0.143451328612));
#4324 = CARTESIAN_POINT('',(-0.382366371488,0.76,0.136723044707));
#4325 = CARTESIAN_POINT('',(-0.382366371488,0.75,0.136723044707));
#4326 = CARTESIAN_POINT('',(-0.378473441466,0.76,0.129458750391));
#4327 = CARTESIAN_POINT('',(-0.378473441466,0.75,0.129458750391));
#4328 = CARTESIAN_POINT('',(-0.374921058889,0.76,0.121638272915));
#4329 = CARTESIAN_POINT('',(-0.374921058889,0.75,0.121638272915));
#4330 = CARTESIAN_POINT('',(-0.372897167923,0.76,0.116178874159));
#4331 = CARTESIAN_POINT('',(-0.372897167923,0.75,0.116178874159));
#4332 = CARTESIAN_POINT('',(-0.371862404701,0.76,0.113387624458));
#4333 = CARTESIAN_POINT('',(-0.371862404701,0.75,0.113387624458));
#4334 = ADVANCED_FACE('',(#4335),#4361,.T.);
#4335 = FACE_BOUND('',#4336,.T.);
#4336 = EDGE_LOOP('',(#4337,#4353,#4354,#4355));
#4337 = ORIENTED_EDGE('',*,*,#4338,.F.);
#4338 = EDGE_CURVE('',#4277,#4339,#4341,.T.);
#4339 = VERTEX_POINT('',#4340);
#4340 = CARTESIAN_POINT('',(-0.356718173931,0.75,1.282672702227E-02));
#4341 = B_SPLINE_CURVE_WITH_KNOTS('',3,(#4342,#4343,#4344,#4345,#4346,
    #4347,#4348,#4349,#4350,#4351,#4352),.UNSPECIFIED.,.F.,.F.,(4,1,1,1,
    1,1,1,1,4),(0.,0.110588338595,0.224541754054,0.34250349405,
    0.464324098417,0.590756032702,0.722227475356,0.858842836209,1.),
  .UNSPECIFIED.);
#4342 = CARTESIAN_POINT('',(-0.371862404701,0.75,0.113387624458));
#4343 = CARTESIAN_POINT('',(-0.370656488381,0.75,0.109818511376));
#4344 = CARTESIAN_POINT('',(-0.368207961086,0.75,0.102571681177));
#4345 = CARTESIAN_POINT('',(-0.365052329741,0.75,9.133012093928E-02));
#4346 = CARTESIAN_POINT('',(-0.36256714126,0.75,7.953551934638E-02));
#4347 = CARTESIAN_POINT('',(-0.360331328032,0.75,6.725836314998E-02));
#4348 = CARTESIAN_POINT('',(-0.358805264501,0.75,5.440811160587E-02));
#4349 = CARTESIAN_POINT('',(-0.357576942983,0.75,4.102452487264E-02));
#4350 = CARTESIAN_POINT('',(-0.356853435904,0.75,2.709751204573E-02));
#4351 = CARTESIAN_POINT('',(-0.356763750067,0.75,1.763522733771E-02));
#4352 = CARTESIAN_POINT('',(-0.356718173931,0.75,1.282672702227E-02));
#4353 = ORIENTED_EDGE('',*,*,#4298,.F.);
#4354 = ORIENTED_EDGE('',*,*,#3787,.T.);
#4355 = ORIENTED_EDGE('',*,*,#4356,.T.);
#4356 = EDGE_CURVE('',#3760,#4339,#4357,.T.);
#4357 = LINE('',#4358,#4359);
#4358 = CARTESIAN_POINT('',(-0.356718173931,0.76,1.282672702227E-02));
#4359 = VECTOR('',#4360,1.);
#4360 = DIRECTION('',(-3.761581922631E-31,-1.,-9.429630734102E-47));
#4361 = B_SPLINE_SURFACE_WITH_KNOTS('',3,1,(
    (#4362,#4363)
    ,(#4364,#4365)
    ,(#4366,#4367)
    ,(#4368,#4369)
    ,(#4370,#4371)
    ,(#4372,#4373)
    ,(#4374,#4375)
    ,(#4376,#4377)
    ,(#4378,#4379)
    ,(#4380,#4381)
    ,(#4382,#4383
  )),.UNSPECIFIED.,.F.,.F.,.F.,(4,1,1,1,1,1,1,1,4),(2,2),(0.,
    0.110588338595,0.224541754054,0.34250349405,0.464324098417,
    0.590756032702,0.722227475356,0.858842836209,1.),(0.,1.),
  .UNSPECIFIED.);
#4362 = CARTESIAN_POINT('',(-0.371862404701,0.76,0.113387624458));
#4363 = CARTESIAN_POINT('',(-0.371862404701,0.75,0.113387624458));
#4364 = CARTESIAN_POINT('',(-0.370656488381,0.76,0.109818511376));
#4365 = CARTESIAN_POINT('',(-0.370656488381,0.75,0.109818511376));
#4366 = CARTESIAN_POINT('',(-0.368207961086,0.76,0.102571681177));
#4367 = CARTESIAN_POINT('',(-0.368207961086,0.75,0.102571681177));
#4368 = CARTESIAN_POINT('',(-0.365052329741,0.76,9.133012093928E-02));
#4369 = CARTESIAN_POINT('',(-0.365052329741,0.75,9.133012093928E-02));
#4370 = CARTESIAN_POINT('',(-0.36256714126,0.76,7.953551934638E-02));
#4371 = CARTESIAN_POINT('',(-0.36256714126,0.75,7.953551934638E-02));
#4372 = CARTESIAN_POINT('',(-0.360331328032,0.76,6.725836314998E-02));
#4373 = CARTESIAN_POINT('',(-0.360331328032,0.75,6.725836314998E-02));
#4374 = CARTESIAN_POINT('',(-0.358805264501,0.76,5.440811160587E-02));
#4375 = CARTESIAN_POINT('',(-0.358805264501,0.75,5.440811160587E-02));
#4376 = CARTESIAN_POINT('',(-0.357576942983,0.76,4.102452487264E-02));
#4377 = CARTESIAN_POINT('',(-0.357576942983,0.75,4.102452487264E-02));
#4378 = CARTESIAN_POINT('',(-0.356853435904,0.76,2.709751204573E-02));
#4379 = CARTESIAN_POINT('',(-0.356853435904,0.75,2.709751204573E-02));
#4380 = CARTESIAN_POINT('',(-0.356763750067,0.76,1.763522733771E-02));
#4381 = CARTESIAN_POINT('',(-0.356763750067,0.75,1.763522733771E-02));
#4382 = CARTESIAN_POINT('',(-0.356718173931,0.76,1.282672702227E-02));
#4383 = CARTESIAN_POINT('',(-0.356718173931,0.75,1.282672702227E-02));
#4384 = ADVANCED_FACE('',(#4385),#4416,.T.);
#4385 = FACE_BOUND('',#4386,.T.);
#4386 = EDGE_LOOP('',(#4387,#4413,#4414,#4415));
#4387 = ORIENTED_EDGE('',*,*,#4388,.F.);
#4388 = EDGE_CURVE('',#4339,#4098,#4389,.T.);
#4389 = B_SPLINE_CURVE_WITH_KNOTS('',3,(#4390,#4391,#4392,#4393,#4394,
    #4395,#4396,#4397,#4398,#4399,#4400,#4401,#4402,#4403,#4404,#4405,
    #4406,#4407,#4408,#4409,#4410,#4411,#4412),.UNSPECIFIED.,.F.,.F.,(4,
    1,1,1,1,1,1,1,1,1,1,1,1,1,1,1,1,1,1,1,4),(0.,6.568119799064E-02,
    0.128486464174,0.188175130328,0.24510613067,0.299448424529,
    0.350822936009,0.399941680534,0.446671743632,0.491254533373,
    0.53337634427,0.573852754968,0.612526311719,0.649597136445,
    0.685532041554,0.720105786068,0.753837662974,0.818925416047,
    0.88049346165,0.940311333846,1.),.UNSPECIFIED.);
#4390 = CARTESIAN_POINT('',(-0.356718173931,0.75,1.282672702227E-02));
#4391 = CARTESIAN_POINT('',(-0.356781052701,0.75,8.019004448784E-03));
#4392 = CARTESIAN_POINT('',(-0.356904057016,0.75,-1.385928668996E-03));
#4393 = CARTESIAN_POINT('',(-0.357374227039,0.75,-1.515943503038E-02));
#4394 = CARTESIAN_POINT('',(-0.358588349838,0.75,-2.824146484857E-02));
#4395 = CARTESIAN_POINT('',(-0.359936820565,0.75,-4.068837601021E-02));
#4396 = CARTESIAN_POINT('',(-0.361925074404,0.75,-5.243126774786E-02));
#4397 = CARTESIAN_POINT('',(-0.364068823762,0.75,-6.356844549144E-02));
#4398 = CARTESIAN_POINT('',(-0.366948962309,0.75,-7.396193404222E-02));
#4399 = CARTESIAN_POINT('',(-0.370025508021,0.75,-8.377445766641E-02));
#4400 = CARTESIAN_POINT('',(-0.373546696081,0.75,-9.28945324665E-02));
#4401 = CARTESIAN_POINT('',(-0.377422779997,0.75,-0.101364679479));
#4402 = CARTESIAN_POINT('',(-0.38156240957,0.75,-0.10922579088));
#4403 = CARTESIAN_POINT('',(-0.386058665623,0.75,-0.116456298489));
#4404 = CARTESIAN_POINT('',(-0.390858172259,0.75,-0.123088589107));
#4405 = CARTESIAN_POINT('',(-0.396087606453,0.75,-0.128989685628));
#4406 = CARTESIAN_POINT('',(-0.401539534774,0.75,-0.134342481983));
#4407 = CARTESIAN_POINT('',(-0.409175784582,0.75,-0.140452489883));
#4408 = CARTESIAN_POINT('',(-0.419172846274,0.75,-0.146682397938));
#4409 = CARTESIAN_POINT('',(-0.431612348827,0.75,-0.152415627636));
#4410 = CARTESIAN_POINT('',(-0.444557565313,0.75,-0.155708003936));
#4411 = CARTESIAN_POINT('',(-0.453308817209,0.75,-0.15617219674));
#4412 = CARTESIAN_POINT('',(-0.457679712393,0.75,-0.156404042208));
#4413 = ORIENTED_EDGE('',*,*,#4356,.F.);
#4414 = ORIENTED_EDGE('',*,*,#3759,.T.);
#4415 = ORIENTED_EDGE('',*,*,#4127,.T.);
#4416 = B_SPLINE_SURFACE_WITH_KNOTS('',3,1,(
    (#4417,#4418)
    ,(#4419,#4420)
    ,(#4421,#4422)
    ,(#4423,#4424)
    ,(#4425,#4426)
    ,(#4427,#4428)
    ,(#4429,#4430)
    ,(#4431,#4432)
    ,(#4433,#4434)
    ,(#4435,#4436)
    ,(#4437,#4438)
    ,(#4439,#4440)
    ,(#4441,#4442)
    ,(#4443,#4444)
    ,(#4445,#4446)
    ,(#4447,#4448)
    ,(#4449,#4450)
    ,(#4451,#4452)
    ,(#4453,#4454)
    ,(#4455,#4456)
    ,(#4457,#4458)
    ,(#4459,#4460)
    ,(#4461,#4462
    )),.UNSPECIFIED.,.F.,.F.,.F.,(4,1,1,1,1,1,1,1,1,1,1,1,1,1,1,1,1,1,1,
    1,4),(2,2),(0.,6.568119799064E-02,0.128486464174,0.188175130328,
    0.24510613067,0.299448424529,0.350822936009,0.399941680534,
    0.446671743632,0.491254533373,0.53337634427,0.573852754968,
    0.612526311719,0.649597136445,0.685532041554,0.720105786068,
    0.753837662974,0.818925416047,0.88049346165,0.940311333846,1.),(0.,
    1.),.UNSPECIFIED.);
#4417 = CARTESIAN_POINT('',(-0.356718173931,0.76,1.282672702227E-02));
#4418 = CARTESIAN_POINT('',(-0.356718173931,0.75,1.282672702227E-02));
#4419 = CARTESIAN_POINT('',(-0.356781052701,0.76,8.019004448784E-03));
#4420 = CARTESIAN_POINT('',(-0.356781052701,0.75,8.019004448784E-03));
#4421 = CARTESIAN_POINT('',(-0.356904057016,0.76,-1.385928668996E-03));
#4422 = CARTESIAN_POINT('',(-0.356904057016,0.75,-1.385928668996E-03));
#4423 = CARTESIAN_POINT('',(-0.357374227039,0.76,-1.515943503038E-02));
#4424 = CARTESIAN_POINT('',(-0.357374227039,0.75,-1.515943503038E-02));
#4425 = CARTESIAN_POINT('',(-0.358588349838,0.76,-2.824146484857E-02));
#4426 = CARTESIAN_POINT('',(-0.358588349838,0.75,-2.824146484857E-02));
#4427 = CARTESIAN_POINT('',(-0.359936820565,0.76,-4.068837601021E-02));
#4428 = CARTESIAN_POINT('',(-0.359936820565,0.75,-4.068837601021E-02));
#4429 = CARTESIAN_POINT('',(-0.361925074404,0.76,-5.243126774786E-02));
#4430 = CARTESIAN_POINT('',(-0.361925074404,0.75,-5.243126774786E-02));
#4431 = CARTESIAN_POINT('',(-0.364068823762,0.76,-6.356844549144E-02));
#4432 = CARTESIAN_POINT('',(-0.364068823762,0.75,-6.356844549144E-02));
#4433 = CARTESIAN_POINT('',(-0.366948962309,0.76,-7.396193404222E-02));
#4434 = CARTESIAN_POINT('',(-0.366948962309,0.75,-7.396193404222E-02));
#4435 = CARTESIAN_POINT('',(-0.370025508021,0.76,-8.377445766641E-02));
#4436 = CARTESIAN_POINT('',(-0.370025508021,0.75,-8.377445766641E-02));
#4437 = CARTESIAN_POINT('',(-0.373546696081,0.76,-9.28945324665E-02));
#4438 = CARTESIAN_POINT('',(-0.373546696081,0.75,-9.28945324665E-02));
#4439 = CARTESIAN_POINT('',(-0.377422779997,0.76,-0.101364679479));
#4440 = CARTESIAN_POINT('',(-0.377422779997,0.75,-0.101364679479));
#4441 = CARTESIAN_POINT('',(-0.38156240957,0.76,-0.10922579088));
#4442 = CARTESIAN_POINT('',(-0.38156240957,0.75,-0.10922579088));
#4443 = CARTESIAN_POINT('',(-0.386058665623,0.76,-0.116456298489));
#4444 = CARTESIAN_POINT('',(-0.386058665623,0.75,-0.116456298489));
#4445 = CARTESIAN_POINT('',(-0.390858172259,0.76,-0.123088589107));
#4446 = CARTESIAN_POINT('',(-0.390858172259,0.75,-0.123088589107));
#4447 = CARTESIAN_POINT('',(-0.396087606453,0.76,-0.128989685628));
#4448 = CARTESIAN_POINT('',(-0.396087606453,0.75,-0.128989685628));
#4449 = CARTESIAN_POINT('',(-0.401539534774,0.76,-0.134342481983));
#4450 = CARTESIAN_POINT('',(-0.401539534774,0.75,-0.134342481983));
#4451 = CARTESIAN_POINT('',(-0.409175784582,0.76,-0.140452489883));
#4452 = CARTESIAN_POINT('',(-0.409175784582,0.75,-0.140452489883));
#4453 = CARTESIAN_POINT('',(-0.419172846274,0.76,-0.146682397938));
#4454 = CARTESIAN_POINT('',(-0.419172846274,0.75,-0.146682397938));
#4455 = CARTESIAN_POINT('',(-0.431612348827,0.76,-0.152415627636));
#4456 = CARTESIAN_POINT('',(-0.431612348827,0.75,-0.152415627636));
#4457 = CARTESIAN_POINT('',(-0.444557565313,0.76,-0.155708003936));
#4458 = CARTESIAN_POINT('',(-0.444557565313,0.75,-0.155708003936));
#4459 = CARTESIAN_POINT('',(-0.453308817209,0.76,-0.15617219674));
#4460 = CARTESIAN_POINT('',(-0.453308817209,0.75,-0.15617219674));
#4461 = CARTESIAN_POINT('',(-0.457679712393,0.76,-0.156404042208));
#4462 = CARTESIAN_POINT('',(-0.457679712393,0.75,-0.156404042208));
#4463 = ADVANCED_FACE('',(#4464),#4471,.F.);
#4464 = FACE_BOUND('',#4465,.T.);
#4465 = EDGE_LOOP('',(#4466,#4467,#4468,#4469,#4470));
#4466 = ORIENTED_EDGE('',*,*,#4388,.T.);
#4467 = ORIENTED_EDGE('',*,*,#4097,.T.);
#4468 = ORIENTED_EDGE('',*,*,#4190,.T.);
#4469 = ORIENTED_EDGE('',*,*,#4276,.T.);
#4470 = ORIENTED_EDGE('',*,*,#4338,.T.);
#4471 = PLANE('',#4472);
#4472 = AXIS2_PLACEMENT_3D('',#4473,#4474,#4475);
#4473 = CARTESIAN_POINT('',(2.100925608611,0.75,0.675));
#4474 = DIRECTION('',(-3.761581922631E-31,-1.,-6.04194858148E-47));
#4475 = DIRECTION('',(1.,-3.761581922631E-31,0.));
#4476 = ADVANCED_FACE('',(#4477,#4571,#4749),#4843,.T.);
#4477 = FACE_BOUND('',#4478,.T.);
#4478 = EDGE_LOOP('',(#4479,#4505,#4529,#4549));
#4479 = ORIENTED_EDGE('',*,*,#4480,.F.);
#4480 = EDGE_CURVE('',#4481,#4483,#4485,.T.);
#4481 = VERTEX_POINT('',#4482);
#4482 = CARTESIAN_POINT('',(-0.149186122649,0.76,-0.156404042208));
#4483 = VERTEX_POINT('',#4484);
#4484 = CARTESIAN_POINT('',(-0.228513045726,0.76,-9.422455502901E-02));
#4485 = B_SPLINE_CURVE_WITH_KNOTS('',3,(#4486,#4487,#4488,#4489,#4490,
    #4491,#4492,#4493,#4494,#4495,#4496,#4497,#4498,#4499,#4500,#4501,
    #4502,#4503,#4504),.UNSPECIFIED.,.F.,.F.,(4,1,1,1,1,1,1,1,1,1,1,1,1,
    1,1,1,4),(0.,7.524330859113E-02,0.14720881172,0.216447089855,
    0.284025041619,0.350655449197,0.415031317841,0.479629830965,
    0.544651634137,0.608044239698,0.667827565029,0.725114246649,
    0.780991707911,0.835527004062,0.889438154542,0.94407208918,1.),
  .UNSPECIFIED.);
#4486 = CARTESIAN_POINT('',(-0.149186122649,0.76,-0.156404042208));
#4487 = CARTESIAN_POINT('',(-0.151991929036,0.76,-0.156329591859));
#4488 = CARTESIAN_POINT('',(-0.157481313166,0.76,-0.156183934423));
#4489 = CARTESIAN_POINT('',(-0.165530304151,0.76,-0.155422947337));
#4490 = CARTESIAN_POINT('',(-0.173184288986,0.76,-0.153942579705));
#4491 = CARTESIAN_POINT('',(-0.180523237632,0.76,-0.151972441241));
#4492 = CARTESIAN_POINT('',(-0.187446530457,0.76,-0.149310956883));
#4493 = CARTESIAN_POINT('',(-0.194048193837,0.76,-0.146180098682));
#4494 = CARTESIAN_POINT('',(-0.200215872672,0.76,-0.142373691197));
#4495 = CARTESIAN_POINT('',(-0.206024021583,0.76,-0.138103840008));
#4496 = CARTESIAN_POINT('',(-0.211252681528,0.76,-0.133407507884));
#4497 = CARTESIAN_POINT('',(-0.215893201717,0.76,-0.128514511452));
#4498 = CARTESIAN_POINT('',(-0.219747843339,0.76,-0.12332875236));
#4499 = CARTESIAN_POINT('',(-0.223021112994,0.76,-0.117979225534));
#4500 = CARTESIAN_POINT('',(-0.225396143563,0.76,-0.112307159676));
#4501 = CARTESIAN_POINT('',(-0.22717492115,0.76,-0.106486453801));
#4502 = CARTESIAN_POINT('',(-0.228377365892,0.76,-0.100443552765));
#4503 = CARTESIAN_POINT('',(-0.228467467609,0.76,-9.63136658461E-02));
#4504 = CARTESIAN_POINT('',(-0.228513045726,0.76,-9.422455502901E-02));
#4505 = ORIENTED_EDGE('',*,*,#4506,.F.);
#4506 = EDGE_CURVE('',#4507,#4481,#4509,.T.);
#4507 = VERTEX_POINT('',#4508);
#4508 = CARTESIAN_POINT('',(-6.953868675181E-02,0.76,-9.502583708029E-02
    ));
#4509 = B_SPLINE_CURVE_WITH_KNOTS('',3,(#4510,#4511,#4512,#4513,#4514,
    #4515,#4516,#4517,#4518,#4519,#4520,#4521,#4522,#4523,#4524,#4525,
    #4526,#4527,#4528),.UNSPECIFIED.,.F.,.F.,(4,1,1,1,1,1,1,1,1,1,1,1,1,
    1,1,1,4),(0.,5.090243768366E-02,0.101034042783,0.151083817009,
    0.203061987555,0.256248434363,0.310846714505,0.368769099969,
    0.430015040386,0.492519647274,0.556048721526,0.621995682915,
    0.690192369083,0.761384854989,0.836356219951,0.915487005327,1.),
  .UNSPECIFIED.);
#4510 = CARTESIAN_POINT('',(-6.953868675181E-02,0.76,-9.502583708029E-02
    ));
#4511 = CARTESIAN_POINT('',(-6.959947504669E-02,0.76,-9.692618404241E-02
    ));
#4512 = CARTESIAN_POINT('',(-6.972013109903E-02,0.76,-0.100698100379));
#4513 = CARTESIAN_POINT('',(-7.071442320852E-02,0.76,-0.106268199275));
#4514 = CARTESIAN_POINT('',(-7.235737555203E-02,0.76,-0.111711580249));
#4515 = CARTESIAN_POINT('',(-7.458172756012E-02,0.76,-0.117073211187));
#4516 = CARTESIAN_POINT('',(-7.750856124829E-02,0.76,-0.122277866282));
#4517 = CARTESIAN_POINT('',(-8.097875410192E-02,0.76,-0.127407362055));
#4518 = CARTESIAN_POINT('',(-8.519412569112E-02,0.76,-0.132346306489));
#4519 = CARTESIAN_POINT('',(-8.992514665E-02,0.76,-0.137209797748));
#4520 = CARTESIAN_POINT('',(-9.529033620864E-02,0.76,-0.141710829024));
#4521 = CARTESIAN_POINT('',(-0.101279354756,0.76,-0.145669081622));
#4522 = CARTESIAN_POINT('',(-0.107861497657,0.76,-0.149030493799));
#4523 = CARTESIAN_POINT('',(-0.115036920511,0.76,-0.151760637203));
#4524 = CARTESIAN_POINT('',(-0.122779197551,0.76,-0.153811191447));
#4525 = CARTESIAN_POINT('',(-0.131052668916,0.76,-0.155346774051));
#4526 = CARTESIAN_POINT('',(-0.139926319998,0.76,-0.156212272502));
#4527 = CARTESIAN_POINT('',(-0.146032577262,0.76,-0.156338732558));
#4528 = CARTESIAN_POINT('',(-0.149186122649,0.76,-0.156404042208));
#4529 = ORIENTED_EDGE('',*,*,#4530,.F.);
#4530 = EDGE_CURVE('',#4531,#4507,#4533,.T.);
#4531 = VERTEX_POINT('',#4532);
#4532 = CARTESIAN_POINT('',(-0.147743814957,0.76,-2.819891400337E-02));
#4533 = B_SPLINE_CURVE_WITH_KNOTS('',3,(#4534,#4535,#4536,#4537,#4538,
    #4539,#4540,#4541,#4542,#4543,#4544,#4545,#4546,#4547,#4548),
  .UNSPECIFIED.,.F.,.F.,(4,1,1,1,1,1,1,1,1,1,1,1,4),(0.,
    8.968993624739E-02,0.178494010496,0.266837753299,0.356558176061,
    0.445334249655,0.530805835037,0.61407621744,0.697707085823,
    0.779141949811,0.855353590587,0.928556820086,1.),.UNSPECIFIED.);
#4534 = CARTESIAN_POINT('',(-0.147743814957,0.76,-2.819891400337E-02));
#4535 = CARTESIAN_POINT('',(-0.144343803095,0.76,-2.829867024902E-02));
#4536 = CARTESIAN_POINT('',(-0.137577361079,0.76,-2.8497197454E-02));
#4537 = CARTESIAN_POINT('',(-0.127602580326,0.76,-3.034304588371E-02));
#4538 = CARTESIAN_POINT('',(-0.117903992393,0.76,-3.32465793301E-02));
#4539 = CARTESIAN_POINT('',(-0.108585260457,0.76,-3.721914690951E-02));
#4540 = CARTESIAN_POINT('',(-9.988759357481E-02,0.76,-4.220518803508E-02
    ));
#4541 = CARTESIAN_POINT('',(-9.213444292044E-02,0.76,-4.817467581673E-02
    ));
#4542 = CARTESIAN_POINT('',(-8.539194088123E-02,0.76,-5.498977263998E-02
    ));
#4543 = CARTESIAN_POINT('',(-7.973015685567E-02,0.76,-6.25443824422E-02)
  );
#4544 = CARTESIAN_POINT('',(-7.534046012084E-02,0.76,-7.058456395739E-02
    ));
#4545 = CARTESIAN_POINT('',(-7.192311065899E-02,0.76,-7.865316885113E-02
    ));
#4546 = CARTESIAN_POINT('',(-6.992754318905E-02,0.76,-8.683628096405E-02
    ));
#4547 = CARTESIAN_POINT('',(-6.966724981907E-02,0.76,-9.231821968487E-02
    ));
#4548 = CARTESIAN_POINT('',(-6.953868675181E-02,0.76,-9.502583708029E-02
    ));
#4549 = ORIENTED_EDGE('',*,*,#4550,.F.);
#4550 = EDGE_CURVE('',#4483,#4531,#4551,.T.);
#4551 = B_SPLINE_CURVE_WITH_KNOTS('',3,(#4552,#4553,#4554,#4555,#4556,
    #4557,#4558,#4559,#4560,#4561,#4562,#4563,#4564,#4565,#4566,#4567,
    #4568,#4569,#4570),.UNSPECIFIED.,.F.,.F.,(4,1,1,1,1,1,1,1,1,1,1,1,1,
    1,1,1,4),(0.,5.456394950706E-02,0.107826202781,0.161923708521,
    0.217509701053,0.274498332796,0.334814764624,0.397554947064,
    0.464754577356,0.53290120977,0.600097213823,0.665354161457,
    0.731083627724,0.796883493959,0.863291590147,0.930831217509,1.),
  .UNSPECIFIED.);
#4552 = CARTESIAN_POINT('',(-0.228513045726,0.76,-9.422455502901E-02));
#4553 = CARTESIAN_POINT('',(-0.228434489508,0.76,-9.213535394044E-02));
#4554 = CARTESIAN_POINT('',(-0.228279251134,0.76,-8.80067924587E-02));
#4555 = CARTESIAN_POINT('',(-0.227078665075,0.76,-8.191012206059E-02));
#4556 = CARTESIAN_POINT('',(-0.225289310241,0.76,-7.591907786242E-02));
#4557 = CARTESIAN_POINT('',(-0.222472091793,0.76,-7.017611659883E-02));
#4558 = CARTESIAN_POINT('',(-0.219093079412,0.76,-6.448201840589E-02));
#4559 = CARTESIAN_POINT('',(-0.214922625005,0.76,-5.897909428998E-02));
#4560 = CARTESIAN_POINT('',(-0.209952450388,0.76,-5.364819316279E-02));
#4561 = CARTESIAN_POINT('',(-0.204349314356,0.76,-4.853465702459E-02));
#4562 = CARTESIAN_POINT('',(-0.198245138604,0.76,-4.374622695719E-02));
#4563 = CARTESIAN_POINT('',(-0.191778390806,0.76,-3.958929192877E-02));
#4564 = CARTESIAN_POINT('',(-0.185030231793,0.76,-3.611110787378E-02));
#4565 = CARTESIAN_POINT('',(-0.178069995312,0.76,-3.321631875669E-02));
#4566 = CARTESIAN_POINT('',(-0.170826744181,0.76,-3.096604020321E-02));
#4567 = CARTESIAN_POINT('',(-0.1633448615,0.76,-2.936962346739E-02));
#4568 = CARTESIAN_POINT('',(-0.155623089805,0.76,-2.837739525876E-02));
#4569 = CARTESIAN_POINT('',(-0.150391023431,0.76,-2.825887854336E-02));
#4570 = CARTESIAN_POINT('',(-0.147743814957,0.76,-2.819891400337E-02));
#4571 = FACE_BOUND('',#4572,.T.);
#4572 = EDGE_LOOP('',(#4573,#4591,#4611,#4631,#4647,#4671,#4695,#4711,
    #4727));
#4573 = ORIENTED_EDGE('',*,*,#4574,.F.);
#4574 = EDGE_CURVE('',#4575,#4577,#4579,.T.);
#4575 = VERTEX_POINT('',#4576);
#4576 = CARTESIAN_POINT('',(-3.364125085437E-02,0.76,-9.366365759311E-02
    ));
#4577 = VERTEX_POINT('',#4578);
#4578 = CARTESIAN_POINT('',(-9.045214829027E-02,0.76,-1.000981143926E-02
    ));
#4579 = B_SPLINE_CURVE_WITH_KNOTS('',3,(#4580,#4581,#4582,#4583,#4584,
    #4585,#4586,#4587,#4588,#4589,#4590),.UNSPECIFIED.,.F.,.F.,(4,1,1,1,
    1,1,1,1,4),(0.,0.12190404087,0.239412607602,0.35541010428,
    0.472090728803,0.592858982156,0.718703467714,0.854892382952,1.),
  .UNSPECIFIED.);
#4580 = CARTESIAN_POINT('',(-3.364125085437E-02,0.76,-9.366365759311E-02
    ));
#4581 = CARTESIAN_POINT('',(-3.380520064094E-02,0.76,-8.932346743805E-02
    ));
#4582 = CARTESIAN_POINT('',(-3.412718870334E-02,0.76,-8.079958065713E-02
    ));
#4583 = CARTESIAN_POINT('',(-3.683575322075E-02,0.76,-6.837369260249E-02
    ));
#4584 = CARTESIAN_POINT('',(-4.139727477514E-02,0.76,-5.673688815322E-02
    ));
#4585 = CARTESIAN_POINT('',(-4.762517911607E-02,0.76,-4.575712219093E-02
    ));
#4586 = CARTESIAN_POINT('',(-5.57423776859E-02,0.76,-3.56335224641E-02)
  );
#4587 = CARTESIAN_POINT('',(-6.564051860553E-02,0.76,-2.623735447651E-02
    ));
#4588 = CARTESIAN_POINT('',(-7.7240687549E-02,0.76,-1.749143123849E-02)
  );
#4589 = CARTESIAN_POINT('',(-8.595621740197E-02,0.76,-1.255584674971E-02
    ));
#4590 = CARTESIAN_POINT('',(-9.045214829027E-02,0.76,-1.000981143926E-02
    ));
#4591 = ORIENTED_EDGE('',*,*,#4592,.F.);
#4592 = EDGE_CURVE('',#4593,#4575,#4595,.T.);
#4593 = VERTEX_POINT('',#4594);
#4594 = CARTESIAN_POINT('',(-0.147182917521,0.76,-0.197429683234));
#4595 = B_SPLINE_CURVE_WITH_KNOTS('',3,(#4596,#4597,#4598,#4599,#4600,
    #4601,#4602,#4603,#4604,#4605,#4606,#4607,#4608,#4609,#4610),
  .UNSPECIFIED.,.F.,.F.,(4,1,1,1,1,1,1,1,1,1,1,1,4),(0.,
    8.940971111014E-02,0.176305764483,0.262625902183,0.349445726476,
    0.435498263743,0.518928130104,0.601354656579,0.684256421718,
    0.765806739797,0.84487686571,0.922279794849,1.),.UNSPECIFIED.);
#4596 = CARTESIAN_POINT('',(-0.147182917521,0.76,-0.197429683234));
#4597 = CARTESIAN_POINT('',(-0.142096767236,0.76,-0.197264386879));
#4598 = CARTESIAN_POINT('',(-0.132067458305,0.76,-0.196938441297));
#4599 = CARTESIAN_POINT('',(-0.117325215153,0.76,-0.194219940947));
#4600 = CARTESIAN_POINT('',(-0.103219514874,0.76,-0.189679424405));
#4601 = CARTESIAN_POINT('',(-8.979900071091E-02,0.76,-0.183519741738));
#4602 = CARTESIAN_POINT('',(-7.730393014293E-02,0.76,-0.175932662789));
#4603 = CARTESIAN_POINT('',(-6.626366622821E-02,0.76,-0.166743991467));
#4604 = CARTESIAN_POINT('',(-5.651137114645E-02,0.76,-0.156442099956));
#4605 = CARTESIAN_POINT('',(-4.844458323121E-02,0.76,-0.144908431005));
#4606 = CARTESIAN_POINT('',(-4.179739586909E-02,0.76,-0.132715951733));
#4607 = CARTESIAN_POINT('',(-3.716872145576E-02,0.76,-0.119959092202));
#4608 = CARTESIAN_POINT('',(-3.42027815732E-02,0.76,-0.106913485475));
#4609 = CARTESIAN_POINT('',(-3.382868281086E-02,0.76,-9.808628502873E-02
    ));
#4610 = CARTESIAN_POINT('',(-3.364125085437E-02,0.76,-9.366365759311E-02
    ));
#4611 = ORIENTED_EDGE('',*,*,#4612,.F.);
#4612 = EDGE_CURVE('',#4613,#4593,#4615,.T.);
#4613 = VERTEX_POINT('',#4614);
#4614 = CARTESIAN_POINT('',(-0.264410481624,0.76,-9.47854524649E-02));
#4615 = B_SPLINE_CURVE_WITH_KNOTS('',3,(#4616,#4617,#4618,#4619,#4620,
    #4621,#4622,#4623,#4624,#4625,#4626,#4627,#4628,#4629,#4630),
  .UNSPECIFIED.,.F.,.F.,(4,1,1,1,1,1,1,1,1,1,1,1,4),(0.,
    7.405842627338E-02,0.148870352317,0.226667668369,0.307734759451,
    0.391157203806,0.473929355543,0.557927751515,0.644989290051,
    0.733364055518,0.821092042184,0.909287214997,1.),.UNSPECIFIED.);
#4616 = CARTESIAN_POINT('',(-0.264410481624,0.76,-9.47854524649E-02));
#4617 = CARTESIAN_POINT('',(-0.264223576012,0.76,-9.904803056566E-02));
#4618 = CARTESIAN_POINT('',(-0.263847863138,0.76,-0.107616555926));
#4619 = CARTESIAN_POINT('',(-0.260809769357,0.76,-0.120371541448));
#4620 = CARTESIAN_POINT('',(-0.255858904613,0.76,-0.132899148879));
#4621 = CARTESIAN_POINT('',(-0.249125076383,0.76,-0.145138658916));
#4622 = CARTESIAN_POINT('',(-0.240737965966,0.76,-0.156675826306));
#4623 = CARTESIAN_POINT('',(-0.230675503585,0.76,-0.167023363024));
#4624 = CARTESIAN_POINT('',(-0.219177983949,0.76,-0.176087532451));
#4625 = CARTESIAN_POINT('',(-0.206302799148,0.76,-0.183696237908));
#4626 = CARTESIAN_POINT('',(-0.19244722935,0.76,-0.189888656055));
#4627 = CARTESIAN_POINT('',(-0.177828289478,0.76,-0.194160475806));
#4628 = CARTESIAN_POINT('',(-0.16270069026,0.76,-0.196953174858));
#4629 = CARTESIAN_POINT('',(-0.152403808048,0.76,-0.19726936396));
#4630 = CARTESIAN_POINT('',(-0.147182917521,0.76,-0.197429683234));
#4631 = ORIENTED_EDGE('',*,*,#4632,.F.);
#4632 = EDGE_CURVE('',#4633,#4613,#4635,.T.);
#4633 = VERTEX_POINT('',#4634);
#4634 = CARTESIAN_POINT('',(-0.205997020085,0.76,-1.000981143926E-02));
#4635 = B_SPLINE_CURVE_WITH_KNOTS('',3,(#4636,#4637,#4638,#4639,#4640,
    #4641,#4642,#4643,#4644,#4645,#4646),.UNSPECIFIED.,.F.,.F.,(4,1,1,1,
    1,1,1,1,4),(0.,0.145860060392,0.282425903076,0.410850400358,
    0.535029421348,0.654701078126,0.770133432597,0.884555844199,1.),
  .UNSPECIFIED.);
#4636 = CARTESIAN_POINT('',(-0.205997020085,0.76,-1.000981143926E-02));
#4637 = CARTESIAN_POINT('',(-0.210636034333,0.76,-1.253949928153E-02));
#4638 = CARTESIAN_POINT('',(-0.219618464376,0.76,-1.74376830025E-02));
#4639 = CARTESIAN_POINT('',(-0.231512114791,0.76,-2.643731798457E-02));
#4640 = CARTESIAN_POINT('',(-0.241728186043,0.76,-3.618449682059E-02));
#4641 = CARTESIAN_POINT('',(-0.249985868056,0.76,-4.688504480042E-02));
#4642 = CARTESIAN_POINT('',(-0.256485551264,0.76,-5.820468757801E-02));
#4643 = CARTESIAN_POINT('',(-0.260944820355,0.76,-7.007260213565E-02));
#4644 = CARTESIAN_POINT('',(-0.263961561384,0.76,-8.226872939341E-02));
#4645 = CARTESIAN_POINT('',(-0.264260398772,0.76,-9.060086614515E-02));
#4646 = CARTESIAN_POINT('',(-0.264410481624,0.76,-9.47854524649E-02));
#4647 = ORIENTED_EDGE('',*,*,#4648,.F.);
#4648 = EDGE_CURVE('',#4649,#4633,#4651,.T.);
#4649 = VERTEX_POINT('',#4650);
#4650 = CARTESIAN_POINT('',(-0.284923302136,0.76,9.960557317612E-02));
#4651 = B_SPLINE_CURVE_WITH_KNOTS('',3,(#4652,#4653,#4654,#4655,#4656,
    #4657,#4658,#4659,#4660,#4661,#4662,#4663,#4664,#4665,#4666,#4667,
    #4668,#4669,#4670),.UNSPECIFIED.,.F.,.F.,(4,1,1,1,1,1,1,1,1,1,1,1,1,
    1,1,1,4),(0.,5.885358602867E-02,0.116315458963,0.172674843411,
    0.228780386881,0.284580359125,0.340256506385,0.396629805012,
    0.453507262875,0.51231818978,0.572648444057,0.636021935822,
    0.702362946389,0.771483056057,0.84418447749,0.920069793972,1.),
  .UNSPECIFIED.);
#4652 = CARTESIAN_POINT('',(-0.284923302136,0.76,9.960557317612E-02));
#4653 = CARTESIAN_POINT('',(-0.28485725859,0.76,9.679880837191E-02));
#4654 = CARTESIAN_POINT('',(-0.284726733232,0.76,9.125165044267E-02));
#4655 = CARTESIAN_POINT('',(-0.283823322006,0.76,8.305629863864E-02));
#4656 = CARTESIAN_POINT('',(-0.282370926428,0.76,7.507959752157E-02));
#4657 = CARTESIAN_POINT('',(-0.280398417081,0.76,6.729208395844E-02));
#4658 = CARTESIAN_POINT('',(-0.277725156913,0.76,5.975045281322E-02));
#4659 = CARTESIAN_POINT('',(-0.274497484553,0.76,5.2418970107E-02));
#4660 = CARTESIAN_POINT('',(-0.270733832842,0.76,4.52893587991E-02));
#4661 = CARTESIAN_POINT('',(-0.266381699693,0.76,3.832262953408E-02));
#4662 = CARTESIAN_POINT('',(-0.261318611236,0.76,3.161639956501E-02));
#4663 = CARTESIAN_POINT('',(-0.255585622689,0.76,2.50568573239E-02));
#4664 = CARTESIAN_POINT('',(-0.249068151984,0.76,1.874578679393E-02));
#4665 = CARTESIAN_POINT('',(-0.241838705253,0.76,1.260608108916E-02));
#4666 = CARTESIAN_POINT('',(-0.233979900742,0.76,6.528826938343E-03));
#4667 = CARTESIAN_POINT('',(-0.225287611544,0.76,8.424579542024E-04));
#4668 = CARTESIAN_POINT('',(-0.215992266654,0.76,-4.855595161569E-03));
#4669 = CARTESIAN_POINT('',(-0.209385934584,0.76,-8.262260925652E-03));
#4670 = CARTESIAN_POINT('',(-0.205997020085,0.76,-1.000981143926E-02));
#4671 = ORIENTED_EDGE('',*,*,#4672,.F.);
#4672 = EDGE_CURVE('',#4673,#4649,#4675,.T.);
#4673 = VERTEX_POINT('',#4674);
#4674 = CARTESIAN_POINT('',(-0.149586763675,0.76,0.223083137279));
#4675 = B_SPLINE_CURVE_WITH_KNOTS('',3,(#4676,#4677,#4678,#4679,#4680,
    #4681,#4682,#4683,#4684,#4685,#4686,#4687,#4688,#4689,#4690,#4691,
    #4692,#4693,#4694),.UNSPECIFIED.,.F.,.F.,(4,1,1,1,1,1,1,1,1,1,1,1,1,
    1,1,1,4),(0.,7.85564333527E-02,0.152862840142,0.223559693438,
    0.290374943978,0.355403072822,0.418291157044,0.480388563776,
    0.543072615206,0.604923944462,0.664398309113,0.721942554737,
    0.778374891055,0.833829940651,0.888861236319,0.944088939578,1.),
  .UNSPECIFIED.);
#4676 = CARTESIAN_POINT('',(-0.149586763675,0.76,0.223083137279));
#4677 = CARTESIAN_POINT('',(-0.154959722374,0.76,0.222951425512));
#4678 = CARTESIAN_POINT('',(-0.165414954258,0.76,0.222695127794));
#4679 = CARTESIAN_POINT('',(-0.180632997406,0.76,0.220958621328));
#4680 = CARTESIAN_POINT('',(-0.194818491102,0.76,0.217915436564));
#4681 = CARTESIAN_POINT('',(-0.208053916051,0.76,0.213750338356));
#4682 = CARTESIAN_POINT('',(-0.220259481004,0.76,0.208332026549));
#4683 = CARTESIAN_POINT('',(-0.231400406852,0.76,0.201588208406));
#4684 = CARTESIAN_POINT('',(-0.241637432252,0.76,0.193790329302));
#4685 = CARTESIAN_POINT('',(-0.250659886374,0.76,0.18471443465));
#4686 = CARTESIAN_POINT('',(-0.258669994244,0.76,0.174993534956));
#4687 = CARTESIAN_POINT('',(-0.265706343166,0.76,0.164964779555));
#4688 = CARTESIAN_POINT('',(-0.271554809283,0.76,0.154627252979));
#4689 = CARTESIAN_POINT('',(-0.276506477322,0.76,0.144135096729));
#4690 = CARTESIAN_POINT('',(-0.280297108486,0.76,0.133341250543));
#4691 = CARTESIAN_POINT('',(-0.282922503952,0.76,0.122301249042));
#4692 = CARTESIAN_POINT('',(-0.284589854129,0.76,0.111034375573));
#4693 = CARTESIAN_POINT('',(-0.284811698118,0.76,0.103430758056));
#4694 = CARTESIAN_POINT('',(-0.284923302136,0.76,9.960557317612E-02));
#4695 = ORIENTED_EDGE('',*,*,#4696,.F.);
#4696 = EDGE_CURVE('',#4697,#4673,#4699,.T.);
#4697 = VERTEX_POINT('',#4698);
#4698 = CARTESIAN_POINT('',(-4.341689188001E-02,0.76,0.179172880868));
#4699 = B_SPLINE_CURVE_WITH_KNOTS('',3,(#4700,#4701,#4702,#4703,#4704,
    #4705,#4706,#4707,#4708,#4709,#4710),.UNSPECIFIED.,.F.,.F.,(4,1,1,1,
    1,1,1,1,4),(0.,0.119283450373,0.237092882069,0.354796044215,
    0.474576300941,0.597460065815,0.724926154616,0.858883199193,1.),
  .UNSPECIFIED.);
#4700 = CARTESIAN_POINT('',(-4.341689188001E-02,0.76,0.179172880868));
#4701 = CARTESIAN_POINT('',(-4.659820322908E-02,0.76,0.182669312205));
#4702 = CARTESIAN_POINT('',(-5.292151358056E-02,0.76,0.189618968505));
#4703 = CARTESIAN_POINT('',(-6.375384816527E-02,0.76,0.198641918218));
#4704 = CARTESIAN_POINT('',(-7.564206345852E-02,0.76,0.206224706115));
#4705 = CARTESIAN_POINT('',(-8.854015861723E-02,0.76,0.212404351206));
#4706 = CARTESIAN_POINT('',(-0.102413655921,0.76,0.217214163654));
#4707 = CARTESIAN_POINT('',(-0.117259599305,0.76,0.220670451416));
#4708 = CARTESIAN_POINT('',(-0.133106931067,0.76,0.222650157612));
#4709 = CARTESIAN_POINT('',(-0.143998984909,0.76,0.222936327864));
#4710 = CARTESIAN_POINT('',(-0.149586763675,0.76,0.223083137279));
#4711 = ORIENTED_EDGE('',*,*,#4712,.F.);
#4712 = EDGE_CURVE('',#4713,#4697,#4715,.T.);
#4713 = VERTEX_POINT('',#4714);
#4714 = CARTESIAN_POINT('',(-1.312843034155E-02,0.76,9.632031676586E-02)
  );
#4715 = B_SPLINE_CURVE_WITH_KNOTS('',3,(#4716,#4717,#4718,#4719,#4720,
    #4721,#4722,#4723,#4724,#4725,#4726),.UNSPECIFIED.,.F.,.F.,(4,1,1,1,
    1,1,1,1,4),(0.,0.128158185528,0.253673136153,0.377325305973,
    0.499384554765,0.622918368042,0.745839393105,0.871395285014,1.),
  .UNSPECIFIED.);
#4716 = CARTESIAN_POINT('',(-1.312843034155E-02,0.76,9.632031676586E-02)
  );
#4717 = CARTESIAN_POINT('',(-1.321659268892E-02,0.76,0.100171486209));
#4718 = CARTESIAN_POINT('',(-1.339109905429E-02,0.76,0.107794395557));
#4719 = CARTESIAN_POINT('',(-1.491109722851E-02,0.76,0.119045379728));
#4720 = CARTESIAN_POINT('',(-1.718686619814E-02,0.76,0.12997244052));
#4721 = CARTESIAN_POINT('',(-2.051023903E-02,0.76,0.140573182327));
#4722 = CARTESIAN_POINT('',(-2.482034084138E-02,0.76,0.150789110709));
#4723 = CARTESIAN_POINT('',(-3.013197923907E-02,0.76,0.160628970531));
#4724 = CARTESIAN_POINT('',(-3.61446883987E-02,0.76,0.170254034437));
#4725 = CARTESIAN_POINT('',(-4.097351573654E-02,0.76,0.176176251765));
#4726 = CARTESIAN_POINT('',(-4.341689188001E-02,0.76,0.179172880868));
#4727 = ORIENTED_EDGE('',*,*,#4728,.F.);
#4728 = EDGE_CURVE('',#4577,#4713,#4729,.T.);
#4729 = B_SPLINE_CURVE_WITH_KNOTS('',3,(#4730,#4731,#4732,#4733,#4734,
    #4735,#4736,#4737,#4738,#4739,#4740,#4741,#4742,#4743,#4744,#4745,
    #4746,#4747,#4748),.UNSPECIFIED.,.F.,.F.,(4,1,1,1,1,1,1,1,1,1,1,1,1,
    1,1,1,4),(0.,7.952482958501E-02,0.15509997635,0.227219820073,
    0.295910504191,0.362055880947,0.425520116913,0.485812719225,
    0.544494706002,0.601459635722,0.657840593797,0.713974472193,
    0.769467951597,0.826129967181,0.882885359309,0.940700881666,1.),
  .UNSPECIFIED.);
#4730 = CARTESIAN_POINT('',(-9.045214829027E-02,0.76,-1.000981143926E-02
    ));
#4731 = CARTESIAN_POINT('',(-8.717802861599E-02,0.76,-8.302616472563E-03
    ));
#4732 = CARTESIAN_POINT('',(-8.079240180364E-02,0.76,-4.97301614093E-03)
  );
#4733 = CARTESIAN_POINT('',(-7.169786372247E-02,0.76,3.882213091693E-04)
  );
#4734 = CARTESIAN_POINT('',(-6.338643500811E-02,0.76,6.038617293914E-03)
  );
#4735 = CARTESIAN_POINT('',(-5.562751366092E-02,0.76,1.171128694106E-02)
  );
#4736 = CARTESIAN_POINT('',(-4.855741642587E-02,0.76,1.762347567236E-02)
  );
#4737 = CARTESIAN_POINT('',(-4.225519781337E-02,0.76,2.37986935247E-02)
  );
#4738 = CARTESIAN_POINT('',(-3.656518410847E-02,0.76,3.008280155836E-02)
  );
#4739 = CARTESIAN_POINT('',(-3.160212308112E-02,0.76,3.658221186291E-02)
  );
#4740 = CARTESIAN_POINT('',(-2.723677031322E-02,0.76,4.327965747367E-02)
  );
#4741 = CARTESIAN_POINT('',(-2.346395486138E-02,0.76,5.019271724993E-02)
  );
#4742 = CARTESIAN_POINT('',(-2.02391316805E-02,0.76,5.730624110943E-02)
  );
#4743 = CARTESIAN_POINT('',(-1.768336725456E-02,0.76,6.469787881635E-02)
  );
#4744 = CARTESIAN_POINT('',(-1.557801963275E-02,0.76,7.225905157728E-02)
  );
#4745 = CARTESIAN_POINT('',(-1.412937905654E-02,0.76,8.008739236039E-02)
  );
#4746 = CARTESIAN_POINT('',(-1.335030273453E-02,0.76,8.813131703416E-02)
  );
#4747 = CARTESIAN_POINT('',(-1.320300976982E-02,0.76,9.356769436946E-02)
  );
#4748 = CARTESIAN_POINT('',(-1.312843034155E-02,0.76,9.632031676586E-02)
  );
#4749 = FACE_BOUND('',#4750,.T.);
#4750 = EDGE_LOOP('',(#4751,#4777,#4801,#4825));
#4751 = ORIENTED_EDGE('',*,*,#4752,.F.);
#4752 = EDGE_CURVE('',#4753,#4755,#4757,.T.);
#4753 = VERTEX_POINT('',#4754);
#4754 = CARTESIAN_POINT('',(-0.146862404701,0.76,1.282672702228E-02));
#4755 = VERTEX_POINT('',#4756);
#4756 = CARTESIAN_POINT('',(-0.249025866239,0.76,0.100807496253));
#4757 = B_SPLINE_CURVE_WITH_KNOTS('',3,(#4758,#4759,#4760,#4761,#4762,
    #4763,#4764,#4765,#4766,#4767,#4768,#4769,#4770,#4771,#4772,#4773,
    #4774,#4775,#4776),.UNSPECIFIED.,.F.,.F.,(4,1,1,1,1,1,1,1,1,1,1,1,1,
    1,1,1,4),(0.,7.126869258656E-02,0.139811785028,0.206497432099,
    0.271535244276,0.336081830616,0.400528387748,0.464983842651,
    0.530050305362,0.594423408953,0.655582709983,0.714849105637,
    0.772115063871,0.828999211301,0.885122162775,0.942079353264,1.),
  .UNSPECIFIED.);
#4758 = CARTESIAN_POINT('',(-0.146862404701,0.76,1.282672702228E-02));
#4759 = CARTESIAN_POINT('',(-0.150419637336,0.76,1.289000032139E-02));
#4760 = CARTESIAN_POINT('',(-0.157398059788,0.76,1.301412709534E-02));
#4761 = CARTESIAN_POINT('',(-0.167621708719,0.76,1.439578428837E-02));
#4762 = CARTESIAN_POINT('',(-0.177433499061,0.76,1.631914349446E-02));
#4763 = CARTESIAN_POINT('',(-0.186800348945,0.76,1.923695360589E-02));
#4764 = CARTESIAN_POINT('',(-0.19571830286,0.76,2.303083820841E-02));
#4765 = CARTESIAN_POINT('',(-0.204235638012,0.76,2.759478563107E-02));
#4766 = CARTESIAN_POINT('',(-0.212287195677,0.76,3.298969342474E-02));
#4767 = CARTESIAN_POINT('',(-0.219761792975,0.76,3.914702090987E-02));
#4768 = CARTESIAN_POINT('',(-0.226587316346,0.76,4.578238707686E-02));
#4769 = CARTESIAN_POINT('',(-0.232575693483,0.76,5.280663109232E-02));
#4770 = CARTESIAN_POINT('',(-0.237661124396,0.76,6.008920627195E-02));
#4771 = CARTESIAN_POINT('',(-0.241756353068,0.76,6.772260390385E-02));
#4772 = CARTESIAN_POINT('',(-0.245117693875,0.76,7.554518800119E-02));
#4773 = CARTESIAN_POINT('',(-0.247324994133,0.76,8.375177031474E-02));
#4774 = CARTESIAN_POINT('',(-0.248740046884,0.76,9.218458325112E-02));
#4775 = CARTESIAN_POINT('',(-0.248930061915,0.76,9.791716593085E-02));
#4776 = CARTESIAN_POINT('',(-0.249025866239,0.76,0.100807496253));
#4777 = ORIENTED_EDGE('',*,*,#4778,.F.);
#4778 = EDGE_CURVE('',#4779,#4753,#4781,.T.);
#4779 = VERTEX_POINT('',#4780);
#4780 = CARTESIAN_POINT('',(-4.902586623899E-02,0.76,9.704147061202E-02)
  );
#4781 = B_SPLINE_CURVE_WITH_KNOTS('',3,(#4782,#4783,#4784,#4785,#4786,
    #4787,#4788,#4789,#4790,#4791,#4792,#4793,#4794,#4795,#4796,#4797,
    #4798,#4799,#4800),.UNSPECIFIED.,.F.,.F.,(4,1,1,1,1,1,1,1,1,1,1,1,1,
    1,1,1,4),(0.,5.733942592016E-02,0.113063331623,0.169181448749,
    0.225774559655,0.283826303892,0.343454279086,0.40590696151,
    0.47139225977,0.538002833713,0.603063556196,0.667601830763,
    0.732225442817,0.797004809829,0.863047990034,0.930356987057,1.),
  .UNSPECIFIED.);
#4782 = CARTESIAN_POINT('',(-4.902586623899E-02,0.76,9.704147061202E-02)
  );
#4783 = CARTESIAN_POINT('',(-4.912939178569E-02,0.76,9.431263168765E-02)
  );
#4784 = CARTESIAN_POINT('',(-4.933352607951E-02,0.76,8.893183801381E-02)
  );
#4785 = CARTESIAN_POINT('',(-5.062914795086E-02,0.76,8.095852067523E-02)
  );
#4786 = CARTESIAN_POINT('',(-5.290524819418E-02,0.76,7.325534191046E-02)
  );
#4787 = CARTESIAN_POINT('',(-5.602837926403E-02,0.76,6.57296269479E-02)
  );
#4788 = CARTESIAN_POINT('',(-6.018620357004E-02,0.76,5.853386114995E-02)
  );
#4789 = CARTESIAN_POINT('',(-6.508276014137E-02,0.76,5.148058442845E-02)
  );
#4790 = CARTESIAN_POINT('',(-7.099065941485E-02,0.76,4.476556218884E-02)
  );
#4791 = CARTESIAN_POINT('',(-7.766638468922E-02,0.76,3.833663693043E-02)
  );
#4792 = CARTESIAN_POINT('',(-8.494169448472E-02,0.76,3.239198130606E-02)
  );
#4793 = CARTESIAN_POINT('',(-9.267508246807E-02,0.76,2.713318832223E-02)
  );
#4794 = CARTESIAN_POINT('',(-0.100807020989,0.76,2.270437503518E-02));
#4795 = CARTESIAN_POINT('',(-0.109320302233,0.76,1.910248985207E-02));
#4796 = CARTESIAN_POINT('',(-0.118196022912,0.76,1.626963617699E-02));
#4797 = CARTESIAN_POINT('',(-0.127427654749,0.76,1.429066529843E-02));
#4798 = CARTESIAN_POINT('',(-0.137026006149,0.76,1.304499640218E-02));
#4799 = CARTESIAN_POINT('',(-0.143546562808,0.76,1.29003054514E-02));
#4800 = CARTESIAN_POINT('',(-0.146862404701,0.76,1.282672702228E-02));
#4801 = ORIENTED_EDGE('',*,*,#4802,.F.);
#4802 = EDGE_CURVE('',#4803,#4779,#4805,.T.);
#4803 = VERTEX_POINT('',#4804);
#4804 = CARTESIAN_POINT('',(-0.149186122649,0.76,0.182057496253));
#4805 = B_SPLINE_CURVE_WITH_KNOTS('',3,(#4806,#4807,#4808,#4809,#4810,
    #4811,#4812,#4813,#4814,#4815,#4816,#4817,#4818,#4819,#4820,#4821,
    #4822,#4823,#4824),.UNSPECIFIED.,.F.,.F.,(4,1,1,1,1,1,1,1,1,1,1,1,1,
    1,1,1,4),(0.,7.655893299405E-02,0.149161351979,0.218826846127,
    0.285567139089,0.350313105719,0.414125153858,0.477179161316,
    0.540368018508,0.602202389991,0.662033653732,0.71993440705,
    0.775907432682,0.831114864383,0.886667447012,0.942552361833,1.),
  .UNSPECIFIED.);
#4806 = CARTESIAN_POINT('',(-0.149186122649,0.76,0.182057496253));
#4807 = CARTESIAN_POINT('',(-0.145443223458,0.76,0.181985632434));
#4808 = CARTESIAN_POINT('',(-0.138150855581,0.76,0.181845618669));
#4809 = CARTESIAN_POINT('',(-0.127512461416,0.76,0.18060969932));
#4810 = CARTESIAN_POINT('',(-0.117473084431,0.76,0.178649742215));
#4811 = CARTESIAN_POINT('',(-0.108052193185,0.76,0.175799051262));
#4812 = CARTESIAN_POINT('',(-9.91443257811E-02,0.76,0.172319053942));
#4813 = CARTESIAN_POINT('',(-9.090051389065E-02,0.76,0.167842244626));
#4814 = CARTESIAN_POINT('',(-8.310868222138E-02,0.76,0.162750550563));
#4815 = CARTESIAN_POINT('',(-7.61527824793E-02,0.76,0.156709618387));
#4816 = CARTESIAN_POINT('',(-6.981755862301E-02,0.76,0.150254818991));
#4817 = CARTESIAN_POINT('',(-6.429375376596E-02,0.76,0.143421671203));
#4818 = CARTESIAN_POINT('',(-5.949860505947E-02,0.76,0.136395884657));
#4819 = CARTESIAN_POINT('',(-5.573506725891E-02,0.76,0.129018686407));
#4820 = CARTESIAN_POINT('',(-5.272635254216E-02,0.76,0.121431610453));
#4821 = CARTESIAN_POINT('',(-5.056366057758E-02,0.76,0.113564694879));
#4822 = CARTESIAN_POINT('',(-4.922923597682E-02,0.76,0.105393811113));
#4823 = CARTESIAN_POINT('',(-4.909427646288E-02,0.76,9.985106013001E-02)
  );
#4824 = CARTESIAN_POINT('',(-4.902586623899E-02,0.76,9.704147061202E-02)
  );
#4825 = ORIENTED_EDGE('',*,*,#4826,.F.);
#4826 = EDGE_CURVE('',#4755,#4803,#4827,.T.);
#4827 = B_SPLINE_CURVE_WITH_KNOTS('',3,(#4828,#4829,#4830,#4831,#4832,
    #4833,#4834,#4835,#4836,#4837,#4838,#4839,#4840,#4841,#4842),
  .UNSPECIFIED.,.F.,.F.,(4,1,1,1,1,1,1,1,1,1,1,1,4),(0.,
    7.48982079276E-02,0.148596294344,0.224471234786,0.30232274236,
    0.38191861799,0.461148695522,0.542417122724,0.626716083067,
    0.714596831186,0.804902920355,0.900127254072,1.),.UNSPECIFIED.);
#4828 = CARTESIAN_POINT('',(-0.249025866239,0.76,0.100807496253));
#4829 = CARTESIAN_POINT('',(-0.248870065235,0.76,0.104399599812));
#4830 = CARTESIAN_POINT('',(-0.248560959685,0.76,0.111526249336));
#4831 = CARTESIAN_POINT('',(-0.246108772395,0.76,0.122059171768));
#4832 = CARTESIAN_POINT('',(-0.242173282623,0.76,0.132255863749));
#4833 = CARTESIAN_POINT('',(-0.236684686513,0.76,0.142033229777));
#4834 = CARTESIAN_POINT('',(-0.229888392508,0.76,0.151170384784));
#4835 = CARTESIAN_POINT('',(-0.221531081882,0.76,0.159134816281));
#4836 = CARTESIAN_POINT('',(-0.212132128996,0.76,0.166211556689));
#4837 = CARTESIAN_POINT('',(-0.201373517107,0.76,0.171935046223));
#4838 = CARTESIAN_POINT('',(-0.189621692415,0.76,0.176505886804));
#4839 = CARTESIAN_POINT('',(-0.176879780539,0.76,0.179655139682));
#4840 = CARTESIAN_POINT('',(-0.163330646973,0.76,0.181739876812));
#4841 = CARTESIAN_POINT('',(-0.153975265001,0.76,0.181949954657));
#4842 = CARTESIAN_POINT('',(-0.149186122649,0.76,0.182057496253));
#4843 = PLANE('',#4844);
#4844 = AXIS2_PLACEMENT_3D('',#4845,#4846,#4847);
#4845 = CARTESIAN_POINT('',(-4.953904662673E-02,0.76,-4.362959199043E-02
    ));
#4846 = DIRECTION('',(2.82137555847E-13,1.,3.563821025974E-14));
#4847 = DIRECTION('',(-1.,2.82137555847E-13,0.));
#4848 = ADVANCED_FACE('',(#4849),#4865,.T.);
#4849 = FACE_BOUND('',#4850,.T.);
#4850 = EDGE_LOOP('',(#4851,#4852,#4858,#4859));
#4851 = ORIENTED_EDGE('',*,*,#3301,.F.);
#4852 = ORIENTED_EDGE('',*,*,#4853,.F.);
#4853 = EDGE_CURVE('',#4575,#3282,#4854,.T.);
#4854 = LINE('',#4855,#4856);
#4855 = CARTESIAN_POINT('',(-3.364125085437E-02,0.76,-9.366365759311E-02
    ));
#4856 = VECTOR('',#4857,1.);
#4857 = DIRECTION('',(-3.761581922631E-31,-1.,-9.429630734102E-47));
#4858 = ORIENTED_EDGE('',*,*,#4574,.T.);
#4859 = ORIENTED_EDGE('',*,*,#4860,.T.);
#4860 = EDGE_CURVE('',#4577,#3302,#4861,.T.);
#4861 = LINE('',#4862,#4863);
#4862 = CARTESIAN_POINT('',(-9.045214829027E-02,0.76,-1.000981143926E-02
    ));
#4863 = VECTOR('',#4864,1.);
#4864 = DIRECTION('',(-3.761581922631E-31,-1.,-9.429630734102E-47));
#4865 = B_SPLINE_SURFACE_WITH_KNOTS('',3,1,(
    (#4866,#4867)
    ,(#4868,#4869)
    ,(#4870,#4871)
    ,(#4872,#4873)
    ,(#4874,#4875)
    ,(#4876,#4877)
    ,(#4878,#4879)
    ,(#4880,#4881)
    ,(#4882,#4883)
    ,(#4884,#4885)
    ,(#4886,#4887
  )),.UNSPECIFIED.,.F.,.F.,.F.,(4,1,1,1,1,1,1,1,4),(2,2),(0.,
    0.12190404087,0.239412607602,0.35541010428,0.472090728803,
    0.592858982156,0.718703467714,0.854892382952,1.),(0.,1.),
  .UNSPECIFIED.);
#4866 = CARTESIAN_POINT('',(-3.364125085437E-02,0.76,-9.366365759311E-02
    ));
#4867 = CARTESIAN_POINT('',(-3.364125085437E-02,0.75,-9.366365759311E-02
    ));
#4868 = CARTESIAN_POINT('',(-3.380520064094E-02,0.76,-8.932346743805E-02
    ));
#4869 = CARTESIAN_POINT('',(-3.380520064094E-02,0.75,-8.932346743805E-02
    ));
#4870 = CARTESIAN_POINT('',(-3.412718870334E-02,0.76,-8.079958065713E-02
    ));
#4871 = CARTESIAN_POINT('',(-3.412718870334E-02,0.75,-8.079958065713E-02
    ));
#4872 = CARTESIAN_POINT('',(-3.683575322075E-02,0.76,-6.837369260249E-02
    ));
#4873 = CARTESIAN_POINT('',(-3.683575322075E-02,0.75,-6.837369260249E-02
    ));
#4874 = CARTESIAN_POINT('',(-4.139727477514E-02,0.76,-5.673688815322E-02
    ));
#4875 = CARTESIAN_POINT('',(-4.139727477514E-02,0.75,-5.673688815322E-02
    ));
#4876 = CARTESIAN_POINT('',(-4.762517911607E-02,0.76,-4.575712219093E-02
    ));
#4877 = CARTESIAN_POINT('',(-4.762517911607E-02,0.75,-4.575712219093E-02
    ));
#4878 = CARTESIAN_POINT('',(-5.57423776859E-02,0.76,-3.56335224641E-02)
  );
#4879 = CARTESIAN_POINT('',(-5.57423776859E-02,0.75,-3.56335224641E-02)
  );
#4880 = CARTESIAN_POINT('',(-6.564051860553E-02,0.76,-2.623735447651E-02
    ));
#4881 = CARTESIAN_POINT('',(-6.564051860553E-02,0.75,-2.623735447651E-02
    ));
#4882 = CARTESIAN_POINT('',(-7.7240687549E-02,0.76,-1.749143123849E-02)
  );
#4883 = CARTESIAN_POINT('',(-7.7240687549E-02,0.75,-1.749143123849E-02)
  );
#4884 = CARTESIAN_POINT('',(-8.595621740197E-02,0.76,-1.255584674971E-02
    ));
#4885 = CARTESIAN_POINT('',(-8.595621740197E-02,0.75,-1.255584674971E-02
    ));
#4886 = CARTESIAN_POINT('',(-9.045214829027E-02,0.76,-1.000981143926E-02
    ));
#4887 = CARTESIAN_POINT('',(-9.045214829027E-02,0.75,-1.000981143926E-02
    ));
#4888 = ADVANCED_FACE('',(#4889),#4900,.T.);
#4889 = FACE_BOUND('',#4890,.T.);
#4890 = EDGE_LOOP('',(#4891,#4892,#4898,#4899));
#4891 = ORIENTED_EDGE('',*,*,#3279,.F.);
#4892 = ORIENTED_EDGE('',*,*,#4893,.F.);
#4893 = EDGE_CURVE('',#4593,#3280,#4894,.T.);
#4894 = LINE('',#4895,#4896);
#4895 = CARTESIAN_POINT('',(-0.147182917521,0.76,-0.197429683234));
#4896 = VECTOR('',#4897,1.);
#4897 = DIRECTION('',(-3.761581922631E-31,-1.,-9.429630734102E-47));
#4898 = ORIENTED_EDGE('',*,*,#4592,.T.);
#4899 = ORIENTED_EDGE('',*,*,#4853,.T.);
#4900 = B_SPLINE_SURFACE_WITH_KNOTS('',3,1,(
    (#4901,#4902)
    ,(#4903,#4904)
    ,(#4905,#4906)
    ,(#4907,#4908)
    ,(#4909,#4910)
    ,(#4911,#4912)
    ,(#4913,#4914)
    ,(#4915,#4916)
    ,(#4917,#4918)
    ,(#4919,#4920)
    ,(#4921,#4922)
    ,(#4923,#4924)
    ,(#4925,#4926)
    ,(#4927,#4928)
    ,(#4929,#4930
    )),.UNSPECIFIED.,.F.,.F.,.F.,(4,1,1,1,1,1,1,1,1,1,1,1,4),(2,2),(0.,
    8.940971111014E-02,0.176305764483,0.262625902183,0.349445726476,
    0.435498263743,0.518928130104,0.601354656579,0.684256421718,
    0.765806739797,0.84487686571,0.922279794849,1.),(0.,1.),
  .UNSPECIFIED.);
#4901 = CARTESIAN_POINT('',(-0.147182917521,0.76,-0.197429683234));
#4902 = CARTESIAN_POINT('',(-0.147182917521,0.75,-0.197429683234));
#4903 = CARTESIAN_POINT('',(-0.142096767236,0.76,-0.197264386879));
#4904 = CARTESIAN_POINT('',(-0.142096767236,0.75,-0.197264386879));
#4905 = CARTESIAN_POINT('',(-0.132067458305,0.76,-0.196938441297));
#4906 = CARTESIAN_POINT('',(-0.132067458305,0.75,-0.196938441297));
#4907 = CARTESIAN_POINT('',(-0.117325215153,0.76,-0.194219940947));
#4908 = CARTESIAN_POINT('',(-0.117325215153,0.75,-0.194219940947));
#4909 = CARTESIAN_POINT('',(-0.103219514874,0.76,-0.189679424405));
#4910 = CARTESIAN_POINT('',(-0.103219514874,0.75,-0.189679424405));
#4911 = CARTESIAN_POINT('',(-8.979900071091E-02,0.76,-0.183519741738));
#4912 = CARTESIAN_POINT('',(-8.979900071091E-02,0.75,-0.183519741738));
#4913 = CARTESIAN_POINT('',(-7.730393014293E-02,0.76,-0.175932662789));
#4914 = CARTESIAN_POINT('',(-7.730393014293E-02,0.75,-0.175932662789));
#4915 = CARTESIAN_POINT('',(-6.626366622821E-02,0.76,-0.166743991467));
#4916 = CARTESIAN_POINT('',(-6.626366622821E-02,0.75,-0.166743991467));
#4917 = CARTESIAN_POINT('',(-5.651137114645E-02,0.76,-0.156442099956));
#4918 = CARTESIAN_POINT('',(-5.651137114645E-02,0.75,-0.156442099956));
#4919 = CARTESIAN_POINT('',(-4.844458323121E-02,0.76,-0.144908431005));
#4920 = CARTESIAN_POINT('',(-4.844458323121E-02,0.75,-0.144908431005));
#4921 = CARTESIAN_POINT('',(-4.179739586909E-02,0.76,-0.132715951733));
#4922 = CARTESIAN_POINT('',(-4.179739586909E-02,0.75,-0.132715951733));
#4923 = CARTESIAN_POINT('',(-3.716872145576E-02,0.76,-0.119959092202));
#4924 = CARTESIAN_POINT('',(-3.716872145576E-02,0.75,-0.119959092202));
#4925 = CARTESIAN_POINT('',(-3.42027815732E-02,0.76,-0.106913485475));
#4926 = CARTESIAN_POINT('',(-3.42027815732E-02,0.75,-0.106913485475));
#4927 = CARTESIAN_POINT('',(-3.382868281086E-02,0.76,-9.808628502873E-02
    ));
#4928 = CARTESIAN_POINT('',(-3.382868281086E-02,0.75,-9.808628502873E-02
    ));
#4929 = CARTESIAN_POINT('',(-3.364125085437E-02,0.76,-9.366365759311E-02
    ));
#4930 = CARTESIAN_POINT('',(-3.364125085437E-02,0.75,-9.366365759311E-02
    ));
#4931 = ADVANCED_FACE('',(#4932),#4943,.T.);
#4932 = FACE_BOUND('',#4933,.T.);
#4933 = EDGE_LOOP('',(#4934,#4935,#4941,#4942));
#4934 = ORIENTED_EDGE('',*,*,#3437,.F.);
#4935 = ORIENTED_EDGE('',*,*,#4936,.F.);
#4936 = EDGE_CURVE('',#4613,#3422,#4937,.T.);
#4937 = LINE('',#4938,#4939);
#4938 = CARTESIAN_POINT('',(-0.264410481624,0.76,-9.47854524649E-02));
#4939 = VECTOR('',#4940,1.);
#4940 = DIRECTION('',(-3.761581922631E-31,-1.,-9.429630734102E-47));
#4941 = ORIENTED_EDGE('',*,*,#4612,.T.);
#4942 = ORIENTED_EDGE('',*,*,#4893,.T.);
#4943 = B_SPLINE_SURFACE_WITH_KNOTS('',3,1,(
    (#4944,#4945)
    ,(#4946,#4947)
    ,(#4948,#4949)
    ,(#4950,#4951)
    ,(#4952,#4953)
    ,(#4954,#4955)
    ,(#4956,#4957)
    ,(#4958,#4959)
    ,(#4960,#4961)
    ,(#4962,#4963)
    ,(#4964,#4965)
    ,(#4966,#4967)
    ,(#4968,#4969)
    ,(#4970,#4971)
    ,(#4972,#4973
    )),.UNSPECIFIED.,.F.,.F.,.F.,(4,1,1,1,1,1,1,1,1,1,1,1,4),(2,2),(0.,
    7.405842627338E-02,0.148870352317,0.226667668369,0.307734759451,
    0.391157203806,0.473929355543,0.557927751515,0.644989290051,
    0.733364055518,0.821092042184,0.909287214997,1.),(0.,1.),
  .UNSPECIFIED.);
#4944 = CARTESIAN_POINT('',(-0.264410481624,0.76,-9.47854524649E-02));
#4945 = CARTESIAN_POINT('',(-0.264410481624,0.75,-9.47854524649E-02));
#4946 = CARTESIAN_POINT('',(-0.264223576012,0.76,-9.904803056566E-02));
#4947 = CARTESIAN_POINT('',(-0.264223576012,0.75,-9.904803056566E-02));
#4948 = CARTESIAN_POINT('',(-0.263847863138,0.76,-0.107616555926));
#4949 = CARTESIAN_POINT('',(-0.263847863138,0.75,-0.107616555926));
#4950 = CARTESIAN_POINT('',(-0.260809769357,0.76,-0.120371541448));
#4951 = CARTESIAN_POINT('',(-0.260809769357,0.75,-0.120371541448));
#4952 = CARTESIAN_POINT('',(-0.255858904613,0.76,-0.132899148879));
#4953 = CARTESIAN_POINT('',(-0.255858904613,0.75,-0.132899148879));
#4954 = CARTESIAN_POINT('',(-0.249125076383,0.76,-0.145138658916));
#4955 = CARTESIAN_POINT('',(-0.249125076383,0.75,-0.145138658916));
#4956 = CARTESIAN_POINT('',(-0.240737965966,0.76,-0.156675826306));
#4957 = CARTESIAN_POINT('',(-0.240737965966,0.75,-0.156675826306));
#4958 = CARTESIAN_POINT('',(-0.230675503585,0.76,-0.167023363024));
#4959 = CARTESIAN_POINT('',(-0.230675503585,0.75,-0.167023363024));
#4960 = CARTESIAN_POINT('',(-0.219177983949,0.76,-0.176087532451));
#4961 = CARTESIAN_POINT('',(-0.219177983949,0.75,-0.176087532451));
#4962 = CARTESIAN_POINT('',(-0.206302799148,0.76,-0.183696237908));
#4963 = CARTESIAN_POINT('',(-0.206302799148,0.75,-0.183696237908));
#4964 = CARTESIAN_POINT('',(-0.19244722935,0.76,-0.189888656055));
#4965 = CARTESIAN_POINT('',(-0.19244722935,0.75,-0.189888656055));
#4966 = CARTESIAN_POINT('',(-0.177828289478,0.76,-0.194160475806));
#4967 = CARTESIAN_POINT('',(-0.177828289478,0.75,-0.194160475806));
#4968 = CARTESIAN_POINT('',(-0.16270069026,0.76,-0.196953174858));
#4969 = CARTESIAN_POINT('',(-0.16270069026,0.75,-0.196953174858));
#4970 = CARTESIAN_POINT('',(-0.152403808048,0.76,-0.19726936396));
#4971 = CARTESIAN_POINT('',(-0.152403808048,0.75,-0.19726936396));
#4972 = CARTESIAN_POINT('',(-0.147182917521,0.76,-0.197429683234));
#4973 = CARTESIAN_POINT('',(-0.147182917521,0.75,-0.197429683234));
#4974 = ADVANCED_FACE('',(#4975),#4986,.T.);
#4975 = FACE_BOUND('',#4976,.T.);
#4976 = EDGE_LOOP('',(#4977,#4978,#4984,#4985));
#4977 = ORIENTED_EDGE('',*,*,#3421,.F.);
#4978 = ORIENTED_EDGE('',*,*,#4979,.F.);
#4979 = EDGE_CURVE('',#4633,#3398,#4980,.T.);
#4980 = LINE('',#4981,#4982);
#4981 = CARTESIAN_POINT('',(-0.205997020085,0.76,-1.000981143926E-02));
#4982 = VECTOR('',#4983,1.);
#4983 = DIRECTION('',(-3.761581922631E-31,-1.,-9.429630734102E-47));
#4984 = ORIENTED_EDGE('',*,*,#4632,.T.);
#4985 = ORIENTED_EDGE('',*,*,#4936,.T.);
#4986 = B_SPLINE_SURFACE_WITH_KNOTS('',3,1,(
    (#4987,#4988)
    ,(#4989,#4990)
    ,(#4991,#4992)
    ,(#4993,#4994)
    ,(#4995,#4996)
    ,(#4997,#4998)
    ,(#4999,#5000)
    ,(#5001,#5002)
    ,(#5003,#5004)
    ,(#5005,#5006)
    ,(#5007,#5008
  )),.UNSPECIFIED.,.F.,.F.,.F.,(4,1,1,1,1,1,1,1,4),(2,2),(0.,
    0.145860060392,0.282425903076,0.410850400358,0.535029421348,
    0.654701078126,0.770133432597,0.884555844199,1.),(0.,1.),
  .UNSPECIFIED.);
#4987 = CARTESIAN_POINT('',(-0.205997020085,0.76,-1.000981143926E-02));
#4988 = CARTESIAN_POINT('',(-0.205997020085,0.75,-1.000981143926E-02));
#4989 = CARTESIAN_POINT('',(-0.210636034333,0.76,-1.253949928153E-02));
#4990 = CARTESIAN_POINT('',(-0.210636034333,0.75,-1.253949928153E-02));
#4991 = CARTESIAN_POINT('',(-0.219618464376,0.76,-1.74376830025E-02));
#4992 = CARTESIAN_POINT('',(-0.219618464376,0.75,-1.74376830025E-02));
#4993 = CARTESIAN_POINT('',(-0.231512114791,0.76,-2.643731798457E-02));
#4994 = CARTESIAN_POINT('',(-0.231512114791,0.75,-2.643731798457E-02));
#4995 = CARTESIAN_POINT('',(-0.241728186043,0.76,-3.618449682059E-02));
#4996 = CARTESIAN_POINT('',(-0.241728186043,0.75,-3.618449682059E-02));
#4997 = CARTESIAN_POINT('',(-0.249985868056,0.76,-4.688504480042E-02));
#4998 = CARTESIAN_POINT('',(-0.249985868056,0.75,-4.688504480042E-02));
#4999 = CARTESIAN_POINT('',(-0.256485551264,0.76,-5.820468757801E-02));
#5000 = CARTESIAN_POINT('',(-0.256485551264,0.75,-5.820468757801E-02));
#5001 = CARTESIAN_POINT('',(-0.260944820355,0.76,-7.007260213565E-02));
#5002 = CARTESIAN_POINT('',(-0.260944820355,0.75,-7.007260213565E-02));
#5003 = CARTESIAN_POINT('',(-0.263961561384,0.76,-8.226872939341E-02));
#5004 = CARTESIAN_POINT('',(-0.263961561384,0.75,-8.226872939341E-02));
#5005 = CARTESIAN_POINT('',(-0.264260398772,0.76,-9.060086614515E-02));
#5006 = CARTESIAN_POINT('',(-0.264260398772,0.75,-9.060086614515E-02));
#5007 = CARTESIAN_POINT('',(-0.264410481624,0.76,-9.47854524649E-02));
#5008 = CARTESIAN_POINT('',(-0.264410481624,0.75,-9.47854524649E-02));
#5009 = ADVANCED_FACE('',(#5010),#5021,.T.);
#5010 = FACE_BOUND('',#5011,.T.);
#5011 = EDGE_LOOP('',(#5012,#5013,#5019,#5020));
#5012 = ORIENTED_EDGE('',*,*,#3397,.F.);
#5013 = ORIENTED_EDGE('',*,*,#5014,.F.);
#5014 = EDGE_CURVE('',#4649,#3374,#5015,.T.);
#5015 = LINE('',#5016,#5017);
#5016 = CARTESIAN_POINT('',(-0.284923302136,0.76,9.960557317612E-02));
#5017 = VECTOR('',#5018,1.);
#5018 = DIRECTION('',(-3.761581922631E-31,-1.,-9.429630734102E-47));
#5019 = ORIENTED_EDGE('',*,*,#4648,.T.);
#5020 = ORIENTED_EDGE('',*,*,#4979,.T.);
#5021 = B_SPLINE_SURFACE_WITH_KNOTS('',3,1,(
    (#5022,#5023)
    ,(#5024,#5025)
    ,(#5026,#5027)
    ,(#5028,#5029)
    ,(#5030,#5031)
    ,(#5032,#5033)
    ,(#5034,#5035)
    ,(#5036,#5037)
    ,(#5038,#5039)
    ,(#5040,#5041)
    ,(#5042,#5043)
    ,(#5044,#5045)
    ,(#5046,#5047)
    ,(#5048,#5049)
    ,(#5050,#5051)
    ,(#5052,#5053)
    ,(#5054,#5055)
    ,(#5056,#5057)
    ,(#5058,#5059
    )),.UNSPECIFIED.,.F.,.F.,.F.,(4,1,1,1,1,1,1,1,1,1,1,1,1,1,1,1,4),(2,
    2),(0.,5.885358602867E-02,0.116315458963,0.172674843411,
    0.228780386881,0.284580359125,0.340256506385,0.396629805012,
    0.453507262875,0.51231818978,0.572648444057,0.636021935822,
    0.702362946389,0.771483056057,0.84418447749,0.920069793972,1.),(0.,
    1.),.UNSPECIFIED.);
#5022 = CARTESIAN_POINT('',(-0.284923302136,0.76,9.960557317612E-02));
#5023 = CARTESIAN_POINT('',(-0.284923302136,0.75,9.960557317612E-02));
#5024 = CARTESIAN_POINT('',(-0.28485725859,0.76,9.679880837191E-02));
#5025 = CARTESIAN_POINT('',(-0.28485725859,0.75,9.679880837191E-02));
#5026 = CARTESIAN_POINT('',(-0.284726733232,0.76,9.125165044267E-02));
#5027 = CARTESIAN_POINT('',(-0.284726733232,0.75,9.125165044267E-02));
#5028 = CARTESIAN_POINT('',(-0.283823322006,0.76,8.305629863864E-02));
#5029 = CARTESIAN_POINT('',(-0.283823322006,0.75,8.305629863864E-02));
#5030 = CARTESIAN_POINT('',(-0.282370926428,0.76,7.507959752157E-02));
#5031 = CARTESIAN_POINT('',(-0.282370926428,0.75,7.507959752157E-02));
#5032 = CARTESIAN_POINT('',(-0.280398417081,0.76,6.729208395844E-02));
#5033 = CARTESIAN_POINT('',(-0.280398417081,0.75,6.729208395844E-02));
#5034 = CARTESIAN_POINT('',(-0.277725156913,0.76,5.975045281322E-02));
#5035 = CARTESIAN_POINT('',(-0.277725156913,0.75,5.975045281322E-02));
#5036 = CARTESIAN_POINT('',(-0.274497484553,0.76,5.2418970107E-02));
#5037 = CARTESIAN_POINT('',(-0.274497484553,0.75,5.2418970107E-02));
#5038 = CARTESIAN_POINT('',(-0.270733832842,0.76,4.52893587991E-02));
#5039 = CARTESIAN_POINT('',(-0.270733832842,0.75,4.52893587991E-02));
#5040 = CARTESIAN_POINT('',(-0.266381699693,0.76,3.832262953408E-02));
#5041 = CARTESIAN_POINT('',(-0.266381699693,0.75,3.832262953408E-02));
#5042 = CARTESIAN_POINT('',(-0.261318611236,0.76,3.161639956501E-02));
#5043 = CARTESIAN_POINT('',(-0.261318611236,0.75,3.161639956501E-02));
#5044 = CARTESIAN_POINT('',(-0.255585622689,0.76,2.50568573239E-02));
#5045 = CARTESIAN_POINT('',(-0.255585622689,0.75,2.50568573239E-02));
#5046 = CARTESIAN_POINT('',(-0.249068151984,0.76,1.874578679393E-02));
#5047 = CARTESIAN_POINT('',(-0.249068151984,0.75,1.874578679393E-02));
#5048 = CARTESIAN_POINT('',(-0.241838705253,0.76,1.260608108916E-02));
#5049 = CARTESIAN_POINT('',(-0.241838705253,0.75,1.260608108916E-02));
#5050 = CARTESIAN_POINT('',(-0.233979900742,0.76,6.528826938343E-03));
#5051 = CARTESIAN_POINT('',(-0.233979900742,0.75,6.528826938343E-03));
#5052 = CARTESIAN_POINT('',(-0.225287611544,0.76,8.424579542024E-04));
#5053 = CARTESIAN_POINT('',(-0.225287611544,0.75,8.424579542024E-04));
#5054 = CARTESIAN_POINT('',(-0.215992266654,0.76,-4.855595161569E-03));
#5055 = CARTESIAN_POINT('',(-0.215992266654,0.75,-4.855595161569E-03));
#5056 = CARTESIAN_POINT('',(-0.209385934584,0.76,-8.262260925652E-03));
#5057 = CARTESIAN_POINT('',(-0.209385934584,0.75,-8.262260925652E-03));
#5058 = CARTESIAN_POINT('',(-0.205997020085,0.76,-1.000981143926E-02));
#5059 = CARTESIAN_POINT('',(-0.205997020085,0.75,-1.000981143926E-02));
#5060 = ADVANCED_FACE('',(#5061),#5072,.T.);
#5061 = FACE_BOUND('',#5062,.T.);
#5062 = EDGE_LOOP('',(#5063,#5064,#5070,#5071));
#5063 = ORIENTED_EDGE('',*,*,#3373,.F.);
#5064 = ORIENTED_EDGE('',*,*,#5065,.F.);
#5065 = EDGE_CURVE('',#4673,#3358,#5066,.T.);
#5066 = LINE('',#5067,#5068);
#5067 = CARTESIAN_POINT('',(-0.149586763675,0.76,0.223083137279));
#5068 = VECTOR('',#5069,1.);
#5069 = DIRECTION('',(-3.761581922631E-31,-1.,-9.429630734102E-47));
#5070 = ORIENTED_EDGE('',*,*,#4672,.T.);
#5071 = ORIENTED_EDGE('',*,*,#5014,.T.);
#5072 = B_SPLINE_SURFACE_WITH_KNOTS('',3,1,(
    (#5073,#5074)
    ,(#5075,#5076)
    ,(#5077,#5078)
    ,(#5079,#5080)
    ,(#5081,#5082)
    ,(#5083,#5084)
    ,(#5085,#5086)
    ,(#5087,#5088)
    ,(#5089,#5090)
    ,(#5091,#5092)
    ,(#5093,#5094)
    ,(#5095,#5096)
    ,(#5097,#5098)
    ,(#5099,#5100)
    ,(#5101,#5102)
    ,(#5103,#5104)
    ,(#5105,#5106)
    ,(#5107,#5108)
    ,(#5109,#5110
    )),.UNSPECIFIED.,.F.,.F.,.F.,(4,1,1,1,1,1,1,1,1,1,1,1,1,1,1,1,4),(2,
    2),(0.,7.85564333527E-02,0.152862840142,0.223559693438,
    0.290374943978,0.355403072822,0.418291157044,0.480388563776,
    0.543072615206,0.604923944462,0.664398309113,0.721942554737,
    0.778374891055,0.833829940651,0.888861236319,0.944088939578,1.),(0.,
    1.),.UNSPECIFIED.);
#5073 = CARTESIAN_POINT('',(-0.149586763675,0.76,0.223083137279));
#5074 = CARTESIAN_POINT('',(-0.149586763675,0.75,0.223083137279));
#5075 = CARTESIAN_POINT('',(-0.154959722374,0.76,0.222951425512));
#5076 = CARTESIAN_POINT('',(-0.154959722374,0.75,0.222951425512));
#5077 = CARTESIAN_POINT('',(-0.165414954258,0.76,0.222695127794));
#5078 = CARTESIAN_POINT('',(-0.165414954258,0.75,0.222695127794));
#5079 = CARTESIAN_POINT('',(-0.180632997406,0.76,0.220958621328));
#5080 = CARTESIAN_POINT('',(-0.180632997406,0.75,0.220958621328));
#5081 = CARTESIAN_POINT('',(-0.194818491102,0.76,0.217915436564));
#5082 = CARTESIAN_POINT('',(-0.194818491102,0.75,0.217915436564));
#5083 = CARTESIAN_POINT('',(-0.208053916051,0.76,0.213750338356));
#5084 = CARTESIAN_POINT('',(-0.208053916051,0.75,0.213750338356));
#5085 = CARTESIAN_POINT('',(-0.220259481004,0.76,0.208332026549));
#5086 = CARTESIAN_POINT('',(-0.220259481004,0.75,0.208332026549));
#5087 = CARTESIAN_POINT('',(-0.231400406852,0.76,0.201588208406));
#5088 = CARTESIAN_POINT('',(-0.231400406852,0.75,0.201588208406));
#5089 = CARTESIAN_POINT('',(-0.241637432252,0.76,0.193790329302));
#5090 = CARTESIAN_POINT('',(-0.241637432252,0.75,0.193790329302));
#5091 = CARTESIAN_POINT('',(-0.250659886374,0.76,0.18471443465));
#5092 = CARTESIAN_POINT('',(-0.250659886374,0.75,0.18471443465));
#5093 = CARTESIAN_POINT('',(-0.258669994244,0.76,0.174993534956));
#5094 = CARTESIAN_POINT('',(-0.258669994244,0.75,0.174993534956));
#5095 = CARTESIAN_POINT('',(-0.265706343166,0.76,0.164964779555));
#5096 = CARTESIAN_POINT('',(-0.265706343166,0.75,0.164964779555));
#5097 = CARTESIAN_POINT('',(-0.271554809283,0.76,0.154627252979));
#5098 = CARTESIAN_POINT('',(-0.271554809283,0.75,0.154627252979));
#5099 = CARTESIAN_POINT('',(-0.276506477322,0.76,0.144135096729));
#5100 = CARTESIAN_POINT('',(-0.276506477322,0.75,0.144135096729));
#5101 = CARTESIAN_POINT('',(-0.280297108486,0.76,0.133341250543));
#5102 = CARTESIAN_POINT('',(-0.280297108486,0.75,0.133341250543));
#5103 = CARTESIAN_POINT('',(-0.282922503952,0.76,0.122301249042));
#5104 = CARTESIAN_POINT('',(-0.282922503952,0.75,0.122301249042));
#5105 = CARTESIAN_POINT('',(-0.284589854129,0.76,0.111034375573));
#5106 = CARTESIAN_POINT('',(-0.284589854129,0.75,0.111034375573));
#5107 = CARTESIAN_POINT('',(-0.284811698118,0.76,0.103430758056));
#5108 = CARTESIAN_POINT('',(-0.284811698118,0.75,0.103430758056));
#5109 = CARTESIAN_POINT('',(-0.284923302136,0.76,9.960557317612E-02));
#5110 = CARTESIAN_POINT('',(-0.284923302136,0.75,9.960557317612E-02));
#5111 = ADVANCED_FACE('',(#5112),#5123,.T.);
#5112 = FACE_BOUND('',#5113,.T.);
#5113 = EDGE_LOOP('',(#5114,#5115,#5121,#5122));
#5114 = ORIENTED_EDGE('',*,*,#3357,.F.);
#5115 = ORIENTED_EDGE('',*,*,#5116,.F.);
#5116 = EDGE_CURVE('',#4697,#3342,#5117,.T.);
#5117 = LINE('',#5118,#5119);
#5118 = CARTESIAN_POINT('',(-4.341689188001E-02,0.76,0.179172880868));
#5119 = VECTOR('',#5120,1.);
#5120 = DIRECTION('',(-3.761581922631E-31,-1.,-9.429630734102E-47));
#5121 = ORIENTED_EDGE('',*,*,#4696,.T.);
#5122 = ORIENTED_EDGE('',*,*,#5065,.T.);
#5123 = B_SPLINE_SURFACE_WITH_KNOTS('',3,1,(
    (#5124,#5125)
    ,(#5126,#5127)
    ,(#5128,#5129)
    ,(#5130,#5131)
    ,(#5132,#5133)
    ,(#5134,#5135)
    ,(#5136,#5137)
    ,(#5138,#5139)
    ,(#5140,#5141)
    ,(#5142,#5143)
    ,(#5144,#5145
  )),.UNSPECIFIED.,.F.,.F.,.F.,(4,1,1,1,1,1,1,1,4),(2,2),(0.,
    0.119283450373,0.237092882069,0.354796044215,0.474576300941,
    0.597460065815,0.724926154616,0.858883199193,1.),(0.,1.),
  .UNSPECIFIED.);
#5124 = CARTESIAN_POINT('',(-4.341689188001E-02,0.76,0.179172880868));
#5125 = CARTESIAN_POINT('',(-4.341689188001E-02,0.75,0.179172880868));
#5126 = CARTESIAN_POINT('',(-4.659820322908E-02,0.76,0.182669312205));
#5127 = CARTESIAN_POINT('',(-4.659820322908E-02,0.75,0.182669312205));
#5128 = CARTESIAN_POINT('',(-5.292151358056E-02,0.76,0.189618968505));
#5129 = CARTESIAN_POINT('',(-5.292151358056E-02,0.75,0.189618968505));
#5130 = CARTESIAN_POINT('',(-6.375384816527E-02,0.76,0.198641918218));
#5131 = CARTESIAN_POINT('',(-6.375384816527E-02,0.75,0.198641918218));
#5132 = CARTESIAN_POINT('',(-7.564206345852E-02,0.76,0.206224706115));
#5133 = CARTESIAN_POINT('',(-7.564206345852E-02,0.75,0.206224706115));
#5134 = CARTESIAN_POINT('',(-8.854015861723E-02,0.76,0.212404351206));
#5135 = CARTESIAN_POINT('',(-8.854015861723E-02,0.75,0.212404351206));
#5136 = CARTESIAN_POINT('',(-0.102413655921,0.76,0.217214163654));
#5137 = CARTESIAN_POINT('',(-0.102413655921,0.75,0.217214163654));
#5138 = CARTESIAN_POINT('',(-0.117259599305,0.76,0.220670451416));
#5139 = CARTESIAN_POINT('',(-0.117259599305,0.75,0.220670451416));
#5140 = CARTESIAN_POINT('',(-0.133106931067,0.76,0.222650157612));
#5141 = CARTESIAN_POINT('',(-0.133106931067,0.75,0.222650157612));
#5142 = CARTESIAN_POINT('',(-0.143998984909,0.76,0.222936327864));
#5143 = CARTESIAN_POINT('',(-0.143998984909,0.75,0.222936327864));
#5144 = CARTESIAN_POINT('',(-0.149586763675,0.76,0.223083137279));
#5145 = CARTESIAN_POINT('',(-0.149586763675,0.75,0.223083137279));
#5146 = ADVANCED_FACE('',(#5147),#5158,.T.);
#5147 = FACE_BOUND('',#5148,.T.);
#5148 = EDGE_LOOP('',(#5149,#5150,#5156,#5157));
#5149 = ORIENTED_EDGE('',*,*,#3341,.F.);
#5150 = ORIENTED_EDGE('',*,*,#5151,.F.);
#5151 = EDGE_CURVE('',#4713,#3318,#5152,.T.);
#5152 = LINE('',#5153,#5154);
#5153 = CARTESIAN_POINT('',(-1.312843034155E-02,0.76,9.632031676586E-02)
  );
#5154 = VECTOR('',#5155,1.);
#5155 = DIRECTION('',(-3.761581922631E-31,-1.,-9.429630734102E-47));
#5156 = ORIENTED_EDGE('',*,*,#4712,.T.);
#5157 = ORIENTED_EDGE('',*,*,#5116,.T.);
#5158 = B_SPLINE_SURFACE_WITH_KNOTS('',3,1,(
    (#5159,#5160)
    ,(#5161,#5162)
    ,(#5163,#5164)
    ,(#5165,#5166)
    ,(#5167,#5168)
    ,(#5169,#5170)
    ,(#5171,#5172)
    ,(#5173,#5174)
    ,(#5175,#5176)
    ,(#5177,#5178)
    ,(#5179,#5180
  )),.UNSPECIFIED.,.F.,.F.,.F.,(4,1,1,1,1,1,1,1,4),(2,2),(0.,
    0.128158185528,0.253673136153,0.377325305973,0.499384554765,
    0.622918368042,0.745839393105,0.871395285014,1.),(0.,1.),
  .UNSPECIFIED.);
#5159 = CARTESIAN_POINT('',(-1.312843034155E-02,0.76,9.632031676586E-02)
  );
#5160 = CARTESIAN_POINT('',(-1.312843034155E-02,0.75,9.632031676586E-02)
  );
#5161 = CARTESIAN_POINT('',(-1.321659268892E-02,0.76,0.100171486209));
#5162 = CARTESIAN_POINT('',(-1.321659268892E-02,0.75,0.100171486209));
#5163 = CARTESIAN_POINT('',(-1.339109905429E-02,0.76,0.107794395557));
#5164 = CARTESIAN_POINT('',(-1.339109905429E-02,0.75,0.107794395557));
#5165 = CARTESIAN_POINT('',(-1.491109722851E-02,0.76,0.119045379728));
#5166 = CARTESIAN_POINT('',(-1.491109722851E-02,0.75,0.119045379728));
#5167 = CARTESIAN_POINT('',(-1.718686619814E-02,0.76,0.12997244052));
#5168 = CARTESIAN_POINT('',(-1.718686619814E-02,0.75,0.12997244052));
#5169 = CARTESIAN_POINT('',(-2.051023903E-02,0.76,0.140573182327));
#5170 = CARTESIAN_POINT('',(-2.051023903E-02,0.75,0.140573182327));
#5171 = CARTESIAN_POINT('',(-2.482034084138E-02,0.76,0.150789110709));
#5172 = CARTESIAN_POINT('',(-2.482034084138E-02,0.75,0.150789110709));
#5173 = CARTESIAN_POINT('',(-3.013197923907E-02,0.76,0.160628970531));
#5174 = CARTESIAN_POINT('',(-3.013197923907E-02,0.75,0.160628970531));
#5175 = CARTESIAN_POINT('',(-3.61446883987E-02,0.76,0.170254034437));
#5176 = CARTESIAN_POINT('',(-3.61446883987E-02,0.75,0.170254034437));
#5177 = CARTESIAN_POINT('',(-4.097351573654E-02,0.76,0.176176251765));
#5178 = CARTESIAN_POINT('',(-4.097351573654E-02,0.75,0.176176251765));
#5179 = CARTESIAN_POINT('',(-4.341689188001E-02,0.76,0.179172880868));
#5180 = CARTESIAN_POINT('',(-4.341689188001E-02,0.75,0.179172880868));
#5181 = ADVANCED_FACE('',(#5182),#5188,.T.);
#5182 = FACE_BOUND('',#5183,.T.);
#5183 = EDGE_LOOP('',(#5184,#5185,#5186,#5187));
#5184 = ORIENTED_EDGE('',*,*,#3317,.F.);
#5185 = ORIENTED_EDGE('',*,*,#4860,.F.);
#5186 = ORIENTED_EDGE('',*,*,#4728,.T.);
#5187 = ORIENTED_EDGE('',*,*,#5151,.T.);
#5188 = B_SPLINE_SURFACE_WITH_KNOTS('',3,1,(
    (#5189,#5190)
    ,(#5191,#5192)
    ,(#5193,#5194)
    ,(#5195,#5196)
    ,(#5197,#5198)
    ,(#5199,#5200)
    ,(#5201,#5202)
    ,(#5203,#5204)
    ,(#5205,#5206)
    ,(#5207,#5208)
    ,(#5209,#5210)
    ,(#5211,#5212)
    ,(#5213,#5214)
    ,(#5215,#5216)
    ,(#5217,#5218)
    ,(#5219,#5220)
    ,(#5221,#5222)
    ,(#5223,#5224)
    ,(#5225,#5226
    )),.UNSPECIFIED.,.F.,.F.,.F.,(4,1,1,1,1,1,1,1,1,1,1,1,1,1,1,1,4),(2,
    2),(0.,7.952482958501E-02,0.15509997635,0.227219820073,
    0.295910504191,0.362055880947,0.425520116913,0.485812719225,
    0.544494706002,0.601459635722,0.657840593797,0.713974472193,
    0.769467951597,0.826129967181,0.882885359309,0.940700881666,1.),(0.,
    1.),.UNSPECIFIED.);
#5189 = CARTESIAN_POINT('',(-9.045214829027E-02,0.76,-1.000981143926E-02
    ));
#5190 = CARTESIAN_POINT('',(-9.045214829027E-02,0.75,-1.000981143926E-02
    ));
#5191 = CARTESIAN_POINT('',(-8.717802861599E-02,0.76,-8.302616472563E-03
    ));
#5192 = CARTESIAN_POINT('',(-8.717802861599E-02,0.75,-8.302616472563E-03
    ));
#5193 = CARTESIAN_POINT('',(-8.079240180364E-02,0.76,-4.97301614093E-03)
  );
#5194 = CARTESIAN_POINT('',(-8.079240180364E-02,0.75,-4.97301614093E-03)
  );
#5195 = CARTESIAN_POINT('',(-7.169786372247E-02,0.76,3.882213091693E-04)
  );
#5196 = CARTESIAN_POINT('',(-7.169786372247E-02,0.75,3.882213091693E-04)
  );
#5197 = CARTESIAN_POINT('',(-6.338643500811E-02,0.76,6.038617293914E-03)
  );
#5198 = CARTESIAN_POINT('',(-6.338643500811E-02,0.75,6.038617293914E-03)
  );
#5199 = CARTESIAN_POINT('',(-5.562751366092E-02,0.76,1.171128694106E-02)
  );
#5200 = CARTESIAN_POINT('',(-5.562751366092E-02,0.75,1.171128694106E-02)
  );
#5201 = CARTESIAN_POINT('',(-4.855741642587E-02,0.76,1.762347567236E-02)
  );
#5202 = CARTESIAN_POINT('',(-4.855741642587E-02,0.75,1.762347567236E-02)
  );
#5203 = CARTESIAN_POINT('',(-4.225519781337E-02,0.76,2.37986935247E-02)
  );
#5204 = CARTESIAN_POINT('',(-4.225519781337E-02,0.75,2.37986935247E-02)
  );
#5205 = CARTESIAN_POINT('',(-3.656518410847E-02,0.76,3.008280155836E-02)
  );
#5206 = CARTESIAN_POINT('',(-3.656518410847E-02,0.75,3.008280155836E-02)
  );
#5207 = CARTESIAN_POINT('',(-3.160212308112E-02,0.76,3.658221186291E-02)
  );
#5208 = CARTESIAN_POINT('',(-3.160212308112E-02,0.75,3.658221186291E-02)
  );
#5209 = CARTESIAN_POINT('',(-2.723677031322E-02,0.76,4.327965747367E-02)
  );
#5210 = CARTESIAN_POINT('',(-2.723677031322E-02,0.75,4.327965747367E-02)
  );
#5211 = CARTESIAN_POINT('',(-2.346395486138E-02,0.76,5.019271724993E-02)
  );
#5212 = CARTESIAN_POINT('',(-2.346395486138E-02,0.75,5.019271724993E-02)
  );
#5213 = CARTESIAN_POINT('',(-2.02391316805E-02,0.76,5.730624110943E-02)
  );
#5214 = CARTESIAN_POINT('',(-2.02391316805E-02,0.75,5.730624110943E-02)
  );
#5215 = CARTESIAN_POINT('',(-1.768336725456E-02,0.76,6.469787881635E-02)
  );
#5216 = CARTESIAN_POINT('',(-1.768336725456E-02,0.75,6.469787881635E-02)
  );
#5217 = CARTESIAN_POINT('',(-1.557801963275E-02,0.76,7.225905157728E-02)
  );
#5218 = CARTESIAN_POINT('',(-1.557801963275E-02,0.75,7.225905157728E-02)
  );
#5219 = CARTESIAN_POINT('',(-1.412937905654E-02,0.76,8.008739236039E-02)
  );
#5220 = CARTESIAN_POINT('',(-1.412937905654E-02,0.75,8.008739236039E-02)
  );
#5221 = CARTESIAN_POINT('',(-1.335030273453E-02,0.76,8.813131703416E-02)
  );
#5222 = CARTESIAN_POINT('',(-1.335030273453E-02,0.75,8.813131703416E-02)
  );
#5223 = CARTESIAN_POINT('',(-1.320300976982E-02,0.76,9.356769436946E-02)
  );
#5224 = CARTESIAN_POINT('',(-1.320300976982E-02,0.75,9.356769436946E-02)
  );
#5225 = CARTESIAN_POINT('',(-1.312843034155E-02,0.76,9.632031676586E-02)
  );
#5226 = CARTESIAN_POINT('',(-1.312843034155E-02,0.75,9.632031676586E-02)
  );
#5227 = ADVANCED_FACE('',(#5228),#5269,.T.);
#5228 = FACE_BOUND('',#5229,.T.);
#5229 = EDGE_LOOP('',(#5230,#5256,#5262,#5263));
#5230 = ORIENTED_EDGE('',*,*,#5231,.F.);
#5231 = EDGE_CURVE('',#5232,#5234,#5236,.T.);
#5232 = VERTEX_POINT('',#5233);
#5233 = CARTESIAN_POINT('',(-6.953868675181E-02,0.75,-9.502583708029E-02
    ));
#5234 = VERTEX_POINT('',#5235);
#5235 = CARTESIAN_POINT('',(-0.149186122649,0.75,-0.156404042208));
#5236 = B_SPLINE_CURVE_WITH_KNOTS('',3,(#5237,#5238,#5239,#5240,#5241,
    #5242,#5243,#5244,#5245,#5246,#5247,#5248,#5249,#5250,#5251,#5252,
    #5253,#5254,#5255),.UNSPECIFIED.,.F.,.F.,(4,1,1,1,1,1,1,1,1,1,1,1,1,
    1,1,1,4),(0.,5.090243768366E-02,0.101034042783,0.151083817009,
    0.203061987555,0.256248434363,0.310846714505,0.368769099969,
    0.430015040386,0.492519647274,0.556048721526,0.621995682915,
    0.690192369083,0.761384854989,0.836356219951,0.915487005327,1.),
  .UNSPECIFIED.);
#5237 = CARTESIAN_POINT('',(-6.953868675181E-02,0.75,-9.502583708029E-02
    ));
#5238 = CARTESIAN_POINT('',(-6.959947504669E-02,0.75,-9.692618404241E-02
    ));
#5239 = CARTESIAN_POINT('',(-6.972013109903E-02,0.75,-0.100698100379));
#5240 = CARTESIAN_POINT('',(-7.071442320852E-02,0.75,-0.106268199275));
#5241 = CARTESIAN_POINT('',(-7.235737555203E-02,0.75,-0.111711580249));
#5242 = CARTESIAN_POINT('',(-7.458172756012E-02,0.75,-0.117073211187));
#5243 = CARTESIAN_POINT('',(-7.750856124829E-02,0.75,-0.122277866282));
#5244 = CARTESIAN_POINT('',(-8.097875410192E-02,0.75,-0.127407362055));
#5245 = CARTESIAN_POINT('',(-8.519412569112E-02,0.75,-0.132346306489));
#5246 = CARTESIAN_POINT('',(-8.992514665E-02,0.75,-0.137209797748));
#5247 = CARTESIAN_POINT('',(-9.529033620864E-02,0.75,-0.141710829024));
#5248 = CARTESIAN_POINT('',(-0.101279354756,0.75,-0.145669081622));
#5249 = CARTESIAN_POINT('',(-0.107861497657,0.75,-0.149030493799));
#5250 = CARTESIAN_POINT('',(-0.115036920511,0.75,-0.151760637203));
#5251 = CARTESIAN_POINT('',(-0.122779197551,0.75,-0.153811191447));
#5252 = CARTESIAN_POINT('',(-0.131052668916,0.75,-0.155346774051));
#5253 = CARTESIAN_POINT('',(-0.139926319998,0.75,-0.156212272502));
#5254 = CARTESIAN_POINT('',(-0.146032577262,0.75,-0.156338732558));
#5255 = CARTESIAN_POINT('',(-0.149186122649,0.75,-0.156404042208));
#5256 = ORIENTED_EDGE('',*,*,#5257,.F.);
#5257 = EDGE_CURVE('',#4507,#5232,#5258,.T.);
#5258 = LINE('',#5259,#5260);
#5259 = CARTESIAN_POINT('',(-6.953868675181E-02,0.76,-9.502583708029E-02
    ));
#5260 = VECTOR('',#5261,1.);
#5261 = DIRECTION('',(-3.761581922631E-31,-1.,-9.429630734102E-47));
#5262 = ORIENTED_EDGE('',*,*,#4506,.T.);
#5263 = ORIENTED_EDGE('',*,*,#5264,.T.);
#5264 = EDGE_CURVE('',#4481,#5234,#5265,.T.);
#5265 = LINE('',#5266,#5267);
#5266 = CARTESIAN_POINT('',(-0.149186122649,0.76,-0.156404042208));
#5267 = VECTOR('',#5268,1.);
#5268 = DIRECTION('',(-3.761581922631E-31,-1.,-9.429630734102E-47));
#5269 = B_SPLINE_SURFACE_WITH_KNOTS('',3,1,(
    (#5270,#5271)
    ,(#5272,#5273)
    ,(#5274,#5275)
    ,(#5276,#5277)
    ,(#5278,#5279)
    ,(#5280,#5281)
    ,(#5282,#5283)
    ,(#5284,#5285)
    ,(#5286,#5287)
    ,(#5288,#5289)
    ,(#5290,#5291)
    ,(#5292,#5293)
    ,(#5294,#5295)
    ,(#5296,#5297)
    ,(#5298,#5299)
    ,(#5300,#5301)
    ,(#5302,#5303)
    ,(#5304,#5305)
    ,(#5306,#5307
    )),.UNSPECIFIED.,.F.,.F.,.F.,(4,1,1,1,1,1,1,1,1,1,1,1,1,1,1,1,4),(2,
    2),(0.,5.090243768366E-02,0.101034042783,0.151083817009,
    0.203061987555,0.256248434363,0.310846714505,0.368769099969,
    0.430015040386,0.492519647274,0.556048721526,0.621995682915,
    0.690192369083,0.761384854989,0.836356219951,0.915487005327,1.),(0.,
    1.),.UNSPECIFIED.);
#5270 = CARTESIAN_POINT('',(-6.953868675181E-02,0.76,-9.502583708029E-02
    ));
#5271 = CARTESIAN_POINT('',(-6.953868675181E-02,0.75,-9.502583708029E-02
    ));
#5272 = CARTESIAN_POINT('',(-6.959947504669E-02,0.76,-9.692618404241E-02
    ));
#5273 = CARTESIAN_POINT('',(-6.959947504669E-02,0.75,-9.692618404241E-02
    ));
#5274 = CARTESIAN_POINT('',(-6.972013109903E-02,0.76,-0.100698100379));
#5275 = CARTESIAN_POINT('',(-6.972013109903E-02,0.75,-0.100698100379));
#5276 = CARTESIAN_POINT('',(-7.071442320852E-02,0.76,-0.106268199275));
#5277 = CARTESIAN_POINT('',(-7.071442320852E-02,0.75,-0.106268199275));
#5278 = CARTESIAN_POINT('',(-7.235737555203E-02,0.76,-0.111711580249));
#5279 = CARTESIAN_POINT('',(-7.235737555203E-02,0.75,-0.111711580249));
#5280 = CARTESIAN_POINT('',(-7.458172756012E-02,0.76,-0.117073211187));
#5281 = CARTESIAN_POINT('',(-7.458172756012E-02,0.75,-0.117073211187));
#5282 = CARTESIAN_POINT('',(-7.750856124829E-02,0.76,-0.122277866282));
#5283 = CARTESIAN_POINT('',(-7.750856124829E-02,0.75,-0.122277866282));
#5284 = CARTESIAN_POINT('',(-8.097875410192E-02,0.76,-0.127407362055));
#5285 = CARTESIAN_POINT('',(-8.097875410192E-02,0.75,-0.127407362055));
#5286 = CARTESIAN_POINT('',(-8.519412569112E-02,0.76,-0.132346306489));
#5287 = CARTESIAN_POINT('',(-8.519412569112E-02,0.75,-0.132346306489));
#5288 = CARTESIAN_POINT('',(-8.992514665E-02,0.76,-0.137209797748));
#5289 = CARTESIAN_POINT('',(-8.992514665E-02,0.75,-0.137209797748));
#5290 = CARTESIAN_POINT('',(-9.529033620864E-02,0.76,-0.141710829024));
#5291 = CARTESIAN_POINT('',(-9.529033620864E-02,0.75,-0.141710829024));
#5292 = CARTESIAN_POINT('',(-0.101279354756,0.76,-0.145669081622));
#5293 = CARTESIAN_POINT('',(-0.101279354756,0.75,-0.145669081622));
#5294 = CARTESIAN_POINT('',(-0.107861497657,0.76,-0.149030493799));
#5295 = CARTESIAN_POINT('',(-0.107861497657,0.75,-0.149030493799));
#5296 = CARTESIAN_POINT('',(-0.115036920511,0.76,-0.151760637203));
#5297 = CARTESIAN_POINT('',(-0.115036920511,0.75,-0.151760637203));
#5298 = CARTESIAN_POINT('',(-0.122779197551,0.76,-0.153811191447));
#5299 = CARTESIAN_POINT('',(-0.122779197551,0.75,-0.153811191447));
#5300 = CARTESIAN_POINT('',(-0.131052668916,0.76,-0.155346774051));
#5301 = CARTESIAN_POINT('',(-0.131052668916,0.75,-0.155346774051));
#5302 = CARTESIAN_POINT('',(-0.139926319998,0.76,-0.156212272502));
#5303 = CARTESIAN_POINT('',(-0.139926319998,0.75,-0.156212272502));
#5304 = CARTESIAN_POINT('',(-0.146032577262,0.76,-0.156338732558));
#5305 = CARTESIAN_POINT('',(-0.146032577262,0.75,-0.156338732558));
#5306 = CARTESIAN_POINT('',(-0.149186122649,0.76,-0.156404042208));
#5307 = CARTESIAN_POINT('',(-0.149186122649,0.75,-0.156404042208));
#5308 = ADVANCED_FACE('',(#5309),#5343,.T.);
#5309 = FACE_BOUND('',#5310,.T.);
#5310 = EDGE_LOOP('',(#5311,#5335,#5336,#5337));
#5311 = ORIENTED_EDGE('',*,*,#5312,.F.);
#5312 = EDGE_CURVE('',#5234,#5313,#5315,.T.);
#5313 = VERTEX_POINT('',#5314);
#5314 = CARTESIAN_POINT('',(-0.228513045726,0.75,-9.422455502901E-02));
#5315 = B_SPLINE_CURVE_WITH_KNOTS('',3,(#5316,#5317,#5318,#5319,#5320,
    #5321,#5322,#5323,#5324,#5325,#5326,#5327,#5328,#5329,#5330,#5331,
    #5332,#5333,#5334),.UNSPECIFIED.,.F.,.F.,(4,1,1,1,1,1,1,1,1,1,1,1,1,
    1,1,1,4),(0.,7.524330859113E-02,0.14720881172,0.216447089855,
    0.284025041619,0.350655449197,0.415031317841,0.479629830965,
    0.544651634137,0.608044239698,0.667827565029,0.725114246649,
    0.780991707911,0.835527004062,0.889438154542,0.94407208918,1.),
  .UNSPECIFIED.);
#5316 = CARTESIAN_POINT('',(-0.149186122649,0.75,-0.156404042208));
#5317 = CARTESIAN_POINT('',(-0.151991929036,0.75,-0.156329591859));
#5318 = CARTESIAN_POINT('',(-0.157481313166,0.75,-0.156183934423));
#5319 = CARTESIAN_POINT('',(-0.165530304151,0.75,-0.155422947337));
#5320 = CARTESIAN_POINT('',(-0.173184288986,0.75,-0.153942579705));
#5321 = CARTESIAN_POINT('',(-0.180523237632,0.75,-0.151972441241));
#5322 = CARTESIAN_POINT('',(-0.187446530457,0.75,-0.149310956883));
#5323 = CARTESIAN_POINT('',(-0.194048193837,0.75,-0.146180098682));
#5324 = CARTESIAN_POINT('',(-0.200215872672,0.75,-0.142373691197));
#5325 = CARTESIAN_POINT('',(-0.206024021583,0.75,-0.138103840008));
#5326 = CARTESIAN_POINT('',(-0.211252681528,0.75,-0.133407507884));
#5327 = CARTESIAN_POINT('',(-0.215893201717,0.75,-0.128514511452));
#5328 = CARTESIAN_POINT('',(-0.219747843339,0.75,-0.12332875236));
#5329 = CARTESIAN_POINT('',(-0.223021112994,0.75,-0.117979225534));
#5330 = CARTESIAN_POINT('',(-0.225396143563,0.75,-0.112307159676));
#5331 = CARTESIAN_POINT('',(-0.22717492115,0.75,-0.106486453801));
#5332 = CARTESIAN_POINT('',(-0.228377365892,0.75,-0.100443552765));
#5333 = CARTESIAN_POINT('',(-0.228467467609,0.75,-9.63136658461E-02));
#5334 = CARTESIAN_POINT('',(-0.228513045726,0.75,-9.422455502901E-02));
#5335 = ORIENTED_EDGE('',*,*,#5264,.F.);
#5336 = ORIENTED_EDGE('',*,*,#4480,.T.);
#5337 = ORIENTED_EDGE('',*,*,#5338,.T.);
#5338 = EDGE_CURVE('',#4483,#5313,#5339,.T.);
#5339 = LINE('',#5340,#5341);
#5340 = CARTESIAN_POINT('',(-0.228513045726,0.76,-9.422455502901E-02));
#5341 = VECTOR('',#5342,1.);
#5342 = DIRECTION('',(-3.761581922631E-31,-1.,-9.429630734102E-47));
#5343 = B_SPLINE_SURFACE_WITH_KNOTS('',3,1,(
    (#5344,#5345)
    ,(#5346,#5347)
    ,(#5348,#5349)
    ,(#5350,#5351)
    ,(#5352,#5353)
    ,(#5354,#5355)
    ,(#5356,#5357)
    ,(#5358,#5359)
    ,(#5360,#5361)
    ,(#5362,#5363)
    ,(#5364,#5365)
    ,(#5366,#5367)
    ,(#5368,#5369)
    ,(#5370,#5371)
    ,(#5372,#5373)
    ,(#5374,#5375)
    ,(#5376,#5377)
    ,(#5378,#5379)
    ,(#5380,#5381
    )),.UNSPECIFIED.,.F.,.F.,.F.,(4,1,1,1,1,1,1,1,1,1,1,1,1,1,1,1,4),(2,
    2),(0.,7.524330859113E-02,0.14720881172,0.216447089855,
    0.284025041619,0.350655449197,0.415031317841,0.479629830965,
    0.544651634137,0.608044239698,0.667827565029,0.725114246649,
    0.780991707911,0.835527004062,0.889438154542,0.94407208918,1.),(0.,
    1.),.UNSPECIFIED.);
#5344 = CARTESIAN_POINT('',(-0.149186122649,0.76,-0.156404042208));
#5345 = CARTESIAN_POINT('',(-0.149186122649,0.75,-0.156404042208));
#5346 = CARTESIAN_POINT('',(-0.151991929036,0.76,-0.156329591859));
#5347 = CARTESIAN_POINT('',(-0.151991929036,0.75,-0.156329591859));
#5348 = CARTESIAN_POINT('',(-0.157481313166,0.76,-0.156183934423));
#5349 = CARTESIAN_POINT('',(-0.157481313166,0.75,-0.156183934423));
#5350 = CARTESIAN_POINT('',(-0.165530304151,0.76,-0.155422947337));
#5351 = CARTESIAN_POINT('',(-0.165530304151,0.75,-0.155422947337));
#5352 = CARTESIAN_POINT('',(-0.173184288986,0.76,-0.153942579705));
#5353 = CARTESIAN_POINT('',(-0.173184288986,0.75,-0.153942579705));
#5354 = CARTESIAN_POINT('',(-0.180523237632,0.76,-0.151972441241));
#5355 = CARTESIAN_POINT('',(-0.180523237632,0.75,-0.151972441241));
#5356 = CARTESIAN_POINT('',(-0.187446530457,0.76,-0.149310956883));
#5357 = CARTESIAN_POINT('',(-0.187446530457,0.75,-0.149310956883));
#5358 = CARTESIAN_POINT('',(-0.194048193837,0.76,-0.146180098682));
#5359 = CARTESIAN_POINT('',(-0.194048193837,0.75,-0.146180098682));
#5360 = CARTESIAN_POINT('',(-0.200215872672,0.76,-0.142373691197));
#5361 = CARTESIAN_POINT('',(-0.200215872672,0.75,-0.142373691197));
#5362 = CARTESIAN_POINT('',(-0.206024021583,0.76,-0.138103840008));
#5363 = CARTESIAN_POINT('',(-0.206024021583,0.75,-0.138103840008));
#5364 = CARTESIAN_POINT('',(-0.211252681528,0.76,-0.133407507884));
#5365 = CARTESIAN_POINT('',(-0.211252681528,0.75,-0.133407507884));
#5366 = CARTESIAN_POINT('',(-0.215893201717,0.76,-0.128514511452));
#5367 = CARTESIAN_POINT('',(-0.215893201717,0.75,-0.128514511452));
#5368 = CARTESIAN_POINT('',(-0.219747843339,0.76,-0.12332875236));
#5369 = CARTESIAN_POINT('',(-0.219747843339,0.75,-0.12332875236));
#5370 = CARTESIAN_POINT('',(-0.223021112994,0.76,-0.117979225534));
#5371 = CARTESIAN_POINT('',(-0.223021112994,0.75,-0.117979225534));
#5372 = CARTESIAN_POINT('',(-0.225396143563,0.76,-0.112307159676));
#5373 = CARTESIAN_POINT('',(-0.225396143563,0.75,-0.112307159676));
#5374 = CARTESIAN_POINT('',(-0.22717492115,0.76,-0.106486453801));
#5375 = CARTESIAN_POINT('',(-0.22717492115,0.75,-0.106486453801));
#5376 = CARTESIAN_POINT('',(-0.228377365892,0.76,-0.100443552765));
#5377 = CARTESIAN_POINT('',(-0.228377365892,0.75,-0.100443552765));
#5378 = CARTESIAN_POINT('',(-0.228467467609,0.76,-9.63136658461E-02));
#5379 = CARTESIAN_POINT('',(-0.228467467609,0.75,-9.63136658461E-02));
#5380 = CARTESIAN_POINT('',(-0.228513045726,0.76,-9.422455502901E-02));
#5381 = CARTESIAN_POINT('',(-0.228513045726,0.75,-9.422455502901E-02));
#5382 = ADVANCED_FACE('',(#5383),#5417,.T.);
#5383 = FACE_BOUND('',#5384,.T.);
#5384 = EDGE_LOOP('',(#5385,#5409,#5410,#5411));
#5385 = ORIENTED_EDGE('',*,*,#5386,.F.);
#5386 = EDGE_CURVE('',#5313,#5387,#5389,.T.);
#5387 = VERTEX_POINT('',#5388);
#5388 = CARTESIAN_POINT('',(-0.147743814957,0.75,-2.819891400337E-02));
#5389 = B_SPLINE_CURVE_WITH_KNOTS('',3,(#5390,#5391,#5392,#5393,#5394,
    #5395,#5396,#5397,#5398,#5399,#5400,#5401,#5402,#5403,#5404,#5405,
    #5406,#5407,#5408),.UNSPECIFIED.,.F.,.F.,(4,1,1,1,1,1,1,1,1,1,1,1,1,
    1,1,1,4),(0.,5.456394950706E-02,0.107826202781,0.161923708521,
    0.217509701053,0.274498332796,0.334814764624,0.397554947064,
    0.464754577356,0.53290120977,0.600097213823,0.665354161457,
    0.731083627724,0.796883493959,0.863291590147,0.930831217509,1.),
  .UNSPECIFIED.);
#5390 = CARTESIAN_POINT('',(-0.228513045726,0.75,-9.422455502901E-02));
#5391 = CARTESIAN_POINT('',(-0.228434489508,0.75,-9.213535394044E-02));
#5392 = CARTESIAN_POINT('',(-0.228279251134,0.75,-8.80067924587E-02));
#5393 = CARTESIAN_POINT('',(-0.227078665075,0.75,-8.191012206059E-02));
#5394 = CARTESIAN_POINT('',(-0.225289310241,0.75,-7.591907786242E-02));
#5395 = CARTESIAN_POINT('',(-0.222472091793,0.75,-7.017611659883E-02));
#5396 = CARTESIAN_POINT('',(-0.219093079412,0.75,-6.448201840589E-02));
#5397 = CARTESIAN_POINT('',(-0.214922625005,0.75,-5.897909428998E-02));
#5398 = CARTESIAN_POINT('',(-0.209952450388,0.75,-5.364819316279E-02));
#5399 = CARTESIAN_POINT('',(-0.204349314356,0.75,-4.853465702459E-02));
#5400 = CARTESIAN_POINT('',(-0.198245138604,0.75,-4.374622695719E-02));
#5401 = CARTESIAN_POINT('',(-0.191778390806,0.75,-3.958929192877E-02));
#5402 = CARTESIAN_POINT('',(-0.185030231793,0.75,-3.611110787378E-02));
#5403 = CARTESIAN_POINT('',(-0.178069995312,0.75,-3.321631875669E-02));
#5404 = CARTESIAN_POINT('',(-0.170826744181,0.75,-3.096604020321E-02));
#5405 = CARTESIAN_POINT('',(-0.1633448615,0.75,-2.936962346739E-02));
#5406 = CARTESIAN_POINT('',(-0.155623089805,0.75,-2.837739525876E-02));
#5407 = CARTESIAN_POINT('',(-0.150391023431,0.75,-2.825887854336E-02));
#5408 = CARTESIAN_POINT('',(-0.147743814957,0.75,-2.819891400337E-02));
#5409 = ORIENTED_EDGE('',*,*,#5338,.F.);
#5410 = ORIENTED_EDGE('',*,*,#4550,.T.);
#5411 = ORIENTED_EDGE('',*,*,#5412,.T.);
#5412 = EDGE_CURVE('',#4531,#5387,#5413,.T.);
#5413 = LINE('',#5414,#5415);
#5414 = CARTESIAN_POINT('',(-0.147743814957,0.76,-2.819891400337E-02));
#5415 = VECTOR('',#5416,1.);
#5416 = DIRECTION('',(-3.761581922631E-31,-1.,-9.429630734102E-47));
#5417 = B_SPLINE_SURFACE_WITH_KNOTS('',3,1,(
    (#5418,#5419)
    ,(#5420,#5421)
    ,(#5422,#5423)
    ,(#5424,#5425)
    ,(#5426,#5427)
    ,(#5428,#5429)
    ,(#5430,#5431)
    ,(#5432,#5433)
    ,(#5434,#5435)
    ,(#5436,#5437)
    ,(#5438,#5439)
    ,(#5440,#5441)
    ,(#5442,#5443)
    ,(#5444,#5445)
    ,(#5446,#5447)
    ,(#5448,#5449)
    ,(#5450,#5451)
    ,(#5452,#5453)
    ,(#5454,#5455
    )),.UNSPECIFIED.,.F.,.F.,.F.,(4,1,1,1,1,1,1,1,1,1,1,1,1,1,1,1,4),(2,
    2),(0.,5.456394950706E-02,0.107826202781,0.161923708521,
    0.217509701053,0.274498332796,0.334814764624,0.397554947064,
    0.464754577356,0.53290120977,0.600097213823,0.665354161457,
    0.731083627724,0.796883493959,0.863291590147,0.930831217509,1.),(0.,
    1.),.UNSPECIFIED.);
#5418 = CARTESIAN_POINT('',(-0.228513045726,0.76,-9.422455502901E-02));
#5419 = CARTESIAN_POINT('',(-0.228513045726,0.75,-9.422455502901E-02));
#5420 = CARTESIAN_POINT('',(-0.228434489508,0.76,-9.213535394044E-02));
#5421 = CARTESIAN_POINT('',(-0.228434489508,0.75,-9.213535394044E-02));
#5422 = CARTESIAN_POINT('',(-0.228279251134,0.76,-8.80067924587E-02));
#5423 = CARTESIAN_POINT('',(-0.228279251134,0.75,-8.80067924587E-02));
#5424 = CARTESIAN_POINT('',(-0.227078665075,0.76,-8.191012206059E-02));
#5425 = CARTESIAN_POINT('',(-0.227078665075,0.75,-8.191012206059E-02));
#5426 = CARTESIAN_POINT('',(-0.225289310241,0.76,-7.591907786242E-02));
#5427 = CARTESIAN_POINT('',(-0.225289310241,0.75,-7.591907786242E-02));
#5428 = CARTESIAN_POINT('',(-0.222472091793,0.76,-7.017611659883E-02));
#5429 = CARTESIAN_POINT('',(-0.222472091793,0.75,-7.017611659883E-02));
#5430 = CARTESIAN_POINT('',(-0.219093079412,0.76,-6.448201840589E-02));
#5431 = CARTESIAN_POINT('',(-0.219093079412,0.75,-6.448201840589E-02));
#5432 = CARTESIAN_POINT('',(-0.214922625005,0.76,-5.897909428998E-02));
#5433 = CARTESIAN_POINT('',(-0.214922625005,0.75,-5.897909428998E-02));
#5434 = CARTESIAN_POINT('',(-0.209952450388,0.76,-5.364819316279E-02));
#5435 = CARTESIAN_POINT('',(-0.209952450388,0.75,-5.364819316279E-02));
#5436 = CARTESIAN_POINT('',(-0.204349314356,0.76,-4.853465702459E-02));
#5437 = CARTESIAN_POINT('',(-0.204349314356,0.75,-4.853465702459E-02));
#5438 = CARTESIAN_POINT('',(-0.198245138604,0.76,-4.374622695719E-02));
#5439 = CARTESIAN_POINT('',(-0.198245138604,0.75,-4.374622695719E-02));
#5440 = CARTESIAN_POINT('',(-0.191778390806,0.76,-3.958929192877E-02));
#5441 = CARTESIAN_POINT('',(-0.191778390806,0.75,-3.958929192877E-02));
#5442 = CARTESIAN_POINT('',(-0.185030231793,0.76,-3.611110787378E-02));
#5443 = CARTESIAN_POINT('',(-0.185030231793,0.75,-3.611110787378E-02));
#5444 = CARTESIAN_POINT('',(-0.178069995312,0.76,-3.321631875669E-02));
#5445 = CARTESIAN_POINT('',(-0.178069995312,0.75,-3.321631875669E-02));
#5446 = CARTESIAN_POINT('',(-0.170826744181,0.76,-3.096604020321E-02));
#5447 = CARTESIAN_POINT('',(-0.170826744181,0.75,-3.096604020321E-02));
#5448 = CARTESIAN_POINT('',(-0.1633448615,0.76,-2.936962346739E-02));
#5449 = CARTESIAN_POINT('',(-0.1633448615,0.75,-2.936962346739E-02));
#5450 = CARTESIAN_POINT('',(-0.155623089805,0.76,-2.837739525876E-02));
#5451 = CARTESIAN_POINT('',(-0.155623089805,0.75,-2.837739525876E-02));
#5452 = CARTESIAN_POINT('',(-0.150391023431,0.76,-2.825887854336E-02));
#5453 = CARTESIAN_POINT('',(-0.150391023431,0.75,-2.825887854336E-02));
#5454 = CARTESIAN_POINT('',(-0.147743814957,0.76,-2.819891400337E-02));
#5455 = CARTESIAN_POINT('',(-0.147743814957,0.75,-2.819891400337E-02));
#5456 = ADVANCED_FACE('',(#5457),#5480,.T.);
#5457 = FACE_BOUND('',#5458,.T.);
#5458 = EDGE_LOOP('',(#5459,#5477,#5478,#5479));
#5459 = ORIENTED_EDGE('',*,*,#5460,.F.);
#5460 = EDGE_CURVE('',#5387,#5232,#5461,.T.);
#5461 = B_SPLINE_CURVE_WITH_KNOTS('',3,(#5462,#5463,#5464,#5465,#5466,
    #5467,#5468,#5469,#5470,#5471,#5472,#5473,#5474,#5475,#5476),
  .UNSPECIFIED.,.F.,.F.,(4,1,1,1,1,1,1,1,1,1,1,1,4),(0.,
    8.968993624739E-02,0.178494010496,0.266837753299,0.356558176061,
    0.445334249655,0.530805835037,0.61407621744,0.697707085823,
    0.779141949811,0.855353590587,0.928556820086,1.),.UNSPECIFIED.);
#5462 = CARTESIAN_POINT('',(-0.147743814957,0.75,-2.819891400337E-02));
#5463 = CARTESIAN_POINT('',(-0.144343803095,0.75,-2.829867024902E-02));
#5464 = CARTESIAN_POINT('',(-0.137577361079,0.75,-2.8497197454E-02));
#5465 = CARTESIAN_POINT('',(-0.127602580326,0.75,-3.034304588371E-02));
#5466 = CARTESIAN_POINT('',(-0.117903992393,0.75,-3.32465793301E-02));
#5467 = CARTESIAN_POINT('',(-0.108585260457,0.75,-3.721914690951E-02));
#5468 = CARTESIAN_POINT('',(-9.988759357481E-02,0.75,-4.220518803508E-02
    ));
#5469 = CARTESIAN_POINT('',(-9.213444292044E-02,0.75,-4.817467581673E-02
    ));
#5470 = CARTESIAN_POINT('',(-8.539194088123E-02,0.75,-5.498977263998E-02
    ));
#5471 = CARTESIAN_POINT('',(-7.973015685567E-02,0.75,-6.25443824422E-02)
  );
#5472 = CARTESIAN_POINT('',(-7.534046012084E-02,0.75,-7.058456395739E-02
    ));
#5473 = CARTESIAN_POINT('',(-7.192311065899E-02,0.75,-7.865316885113E-02
    ));
#5474 = CARTESIAN_POINT('',(-6.992754318905E-02,0.75,-8.683628096405E-02
    ));
#5475 = CARTESIAN_POINT('',(-6.966724981907E-02,0.75,-9.231821968487E-02
    ));
#5476 = CARTESIAN_POINT('',(-6.953868675181E-02,0.75,-9.502583708029E-02
    ));
#5477 = ORIENTED_EDGE('',*,*,#5412,.F.);
#5478 = ORIENTED_EDGE('',*,*,#4530,.T.);
#5479 = ORIENTED_EDGE('',*,*,#5257,.T.);
#5480 = B_SPLINE_SURFACE_WITH_KNOTS('',3,1,(
    (#5481,#5482)
    ,(#5483,#5484)
    ,(#5485,#5486)
    ,(#5487,#5488)
    ,(#5489,#5490)
    ,(#5491,#5492)
    ,(#5493,#5494)
    ,(#5495,#5496)
    ,(#5497,#5498)
    ,(#5499,#5500)
    ,(#5501,#5502)
    ,(#5503,#5504)
    ,(#5505,#5506)
    ,(#5507,#5508)
    ,(#5509,#5510
    )),.UNSPECIFIED.,.F.,.F.,.F.,(4,1,1,1,1,1,1,1,1,1,1,1,4),(2,2),(0.,
    8.968993624739E-02,0.178494010496,0.266837753299,0.356558176061,
    0.445334249655,0.530805835037,0.61407621744,0.697707085823,
    0.779141949811,0.855353590587,0.928556820086,1.),(0.,1.),
  .UNSPECIFIED.);
#5481 = CARTESIAN_POINT('',(-0.147743814957,0.76,-2.819891400337E-02));
#5482 = CARTESIAN_POINT('',(-0.147743814957,0.75,-2.819891400337E-02));
#5483 = CARTESIAN_POINT('',(-0.144343803095,0.76,-2.829867024902E-02));
#5484 = CARTESIAN_POINT('',(-0.144343803095,0.75,-2.829867024902E-02));
#5485 = CARTESIAN_POINT('',(-0.137577361079,0.76,-2.8497197454E-02));
#5486 = CARTESIAN_POINT('',(-0.137577361079,0.75,-2.8497197454E-02));
#5487 = CARTESIAN_POINT('',(-0.127602580326,0.76,-3.034304588371E-02));
#5488 = CARTESIAN_POINT('',(-0.127602580326,0.75,-3.034304588371E-02));
#5489 = CARTESIAN_POINT('',(-0.117903992393,0.76,-3.32465793301E-02));
#5490 = CARTESIAN_POINT('',(-0.117903992393,0.75,-3.32465793301E-02));
#5491 = CARTESIAN_POINT('',(-0.108585260457,0.76,-3.721914690951E-02));
#5492 = CARTESIAN_POINT('',(-0.108585260457,0.75,-3.721914690951E-02));
#5493 = CARTESIAN_POINT('',(-9.988759357481E-02,0.76,-4.220518803508E-02
    ));
#5494 = CARTESIAN_POINT('',(-9.988759357481E-02,0.75,-4.220518803508E-02
    ));
#5495 = CARTESIAN_POINT('',(-9.213444292044E-02,0.76,-4.817467581673E-02
    ));
#5496 = CARTESIAN_POINT('',(-9.213444292044E-02,0.75,-4.817467581673E-02
    ));
#5497 = CARTESIAN_POINT('',(-8.539194088123E-02,0.76,-5.498977263998E-02
    ));
#5498 = CARTESIAN_POINT('',(-8.539194088123E-02,0.75,-5.498977263998E-02
    ));
#5499 = CARTESIAN_POINT('',(-7.973015685567E-02,0.76,-6.25443824422E-02)
  );
#5500 = CARTESIAN_POINT('',(-7.973015685567E-02,0.75,-6.25443824422E-02)
  );
#5501 = CARTESIAN_POINT('',(-7.534046012084E-02,0.76,-7.058456395739E-02
    ));
#5502 = CARTESIAN_POINT('',(-7.534046012084E-02,0.75,-7.058456395739E-02
    ));
#5503 = CARTESIAN_POINT('',(-7.192311065899E-02,0.76,-7.865316885113E-02
    ));
#5504 = CARTESIAN_POINT('',(-7.192311065899E-02,0.75,-7.865316885113E-02
    ));
#5505 = CARTESIAN_POINT('',(-6.992754318905E-02,0.76,-8.683628096405E-02
    ));
#5506 = CARTESIAN_POINT('',(-6.992754318905E-02,0.75,-8.683628096405E-02
    ));
#5507 = CARTESIAN_POINT('',(-6.966724981907E-02,0.76,-9.231821968487E-02
    ));
#5508 = CARTESIAN_POINT('',(-6.966724981907E-02,0.75,-9.231821968487E-02
    ));
#5509 = CARTESIAN_POINT('',(-6.953868675181E-02,0.76,-9.502583708029E-02
    ));
#5510 = CARTESIAN_POINT('',(-6.953868675181E-02,0.75,-9.502583708029E-02
    ));
#5511 = ADVANCED_FACE('',(#5512),#5553,.T.);
#5512 = FACE_BOUND('',#5513,.T.);
#5513 = EDGE_LOOP('',(#5514,#5540,#5546,#5547));
#5514 = ORIENTED_EDGE('',*,*,#5515,.F.);
#5515 = EDGE_CURVE('',#5516,#5518,#5520,.T.);
#5516 = VERTEX_POINT('',#5517);
#5517 = CARTESIAN_POINT('',(-4.902586623899E-02,0.75,9.704147061202E-02)
  );
#5518 = VERTEX_POINT('',#5519);
#5519 = CARTESIAN_POINT('',(-0.146862404701,0.75,1.282672702228E-02));
#5520 = B_SPLINE_CURVE_WITH_KNOTS('',3,(#5521,#5522,#5523,#5524,#5525,
    #5526,#5527,#5528,#5529,#5530,#5531,#5532,#5533,#5534,#5535,#5536,
    #5537,#5538,#5539),.UNSPECIFIED.,.F.,.F.,(4,1,1,1,1,1,1,1,1,1,1,1,1,
    1,1,1,4),(0.,5.733942592016E-02,0.113063331623,0.169181448749,
    0.225774559655,0.283826303892,0.343454279086,0.40590696151,
    0.47139225977,0.538002833713,0.603063556196,0.667601830763,
    0.732225442817,0.797004809829,0.863047990034,0.930356987057,1.),
  .UNSPECIFIED.);
#5521 = CARTESIAN_POINT('',(-4.902586623899E-02,0.75,9.704147061202E-02)
  );
#5522 = CARTESIAN_POINT('',(-4.912939178569E-02,0.75,9.431263168765E-02)
  );
#5523 = CARTESIAN_POINT('',(-4.933352607951E-02,0.75,8.893183801381E-02)
  );
#5524 = CARTESIAN_POINT('',(-5.062914795086E-02,0.75,8.095852067523E-02)
  );
#5525 = CARTESIAN_POINT('',(-5.290524819418E-02,0.75,7.325534191046E-02)
  );
#5526 = CARTESIAN_POINT('',(-5.602837926403E-02,0.75,6.57296269479E-02)
  );
#5527 = CARTESIAN_POINT('',(-6.018620357004E-02,0.75,5.853386114995E-02)
  );
#5528 = CARTESIAN_POINT('',(-6.508276014137E-02,0.75,5.148058442845E-02)
  );
#5529 = CARTESIAN_POINT('',(-7.099065941485E-02,0.75,4.476556218884E-02)
  );
#5530 = CARTESIAN_POINT('',(-7.766638468922E-02,0.75,3.833663693043E-02)
  );
#5531 = CARTESIAN_POINT('',(-8.494169448472E-02,0.75,3.239198130606E-02)
  );
#5532 = CARTESIAN_POINT('',(-9.267508246807E-02,0.75,2.713318832223E-02)
  );
#5533 = CARTESIAN_POINT('',(-0.100807020989,0.75,2.270437503518E-02));
#5534 = CARTESIAN_POINT('',(-0.109320302233,0.75,1.910248985207E-02));
#5535 = CARTESIAN_POINT('',(-0.118196022912,0.75,1.626963617699E-02));
#5536 = CARTESIAN_POINT('',(-0.127427654749,0.75,1.429066529843E-02));
#5537 = CARTESIAN_POINT('',(-0.137026006149,0.75,1.304499640218E-02));
#5538 = CARTESIAN_POINT('',(-0.143546562808,0.75,1.29003054514E-02));
#5539 = CARTESIAN_POINT('',(-0.146862404701,0.75,1.282672702228E-02));
#5540 = ORIENTED_EDGE('',*,*,#5541,.F.);
#5541 = EDGE_CURVE('',#4779,#5516,#5542,.T.);
#5542 = LINE('',#5543,#5544);
#5543 = CARTESIAN_POINT('',(-4.902586623899E-02,0.76,9.704147061202E-02)
  );
#5544 = VECTOR('',#5545,1.);
#5545 = DIRECTION('',(-3.761581922631E-31,-1.,-9.429630734102E-47));
#5546 = ORIENTED_EDGE('',*,*,#4778,.T.);
#5547 = ORIENTED_EDGE('',*,*,#5548,.T.);
#5548 = EDGE_CURVE('',#4753,#5518,#5549,.T.);
#5549 = LINE('',#5550,#5551);
#5550 = CARTESIAN_POINT('',(-0.146862404701,0.76,1.282672702228E-02));
#5551 = VECTOR('',#5552,1.);
#5552 = DIRECTION('',(-3.761581922631E-31,-1.,-9.429630734102E-47));
#5553 = B_SPLINE_SURFACE_WITH_KNOTS('',3,1,(
    (#5554,#5555)
    ,(#5556,#5557)
    ,(#5558,#5559)
    ,(#5560,#5561)
    ,(#5562,#5563)
    ,(#5564,#5565)
    ,(#5566,#5567)
    ,(#5568,#5569)
    ,(#5570,#5571)
    ,(#5572,#5573)
    ,(#5574,#5575)
    ,(#5576,#5577)
    ,(#5578,#5579)
    ,(#5580,#5581)
    ,(#5582,#5583)
    ,(#5584,#5585)
    ,(#5586,#5587)
    ,(#5588,#5589)
    ,(#5590,#5591
    )),.UNSPECIFIED.,.F.,.F.,.F.,(4,1,1,1,1,1,1,1,1,1,1,1,1,1,1,1,4),(2,
    2),(0.,5.733942592016E-02,0.113063331623,0.169181448749,
    0.225774559655,0.283826303892,0.343454279086,0.40590696151,
    0.47139225977,0.538002833713,0.603063556196,0.667601830763,
    0.732225442817,0.797004809829,0.863047990034,0.930356987057,1.),(0.,
    1.),.UNSPECIFIED.);
#5554 = CARTESIAN_POINT('',(-4.902586623899E-02,0.76,9.704147061202E-02)
  );
#5555 = CARTESIAN_POINT('',(-4.902586623899E-02,0.75,9.704147061202E-02)
  );
#5556 = CARTESIAN_POINT('',(-4.912939178569E-02,0.76,9.431263168765E-02)
  );
#5557 = CARTESIAN_POINT('',(-4.912939178569E-02,0.75,9.431263168765E-02)
  );
#5558 = CARTESIAN_POINT('',(-4.933352607951E-02,0.76,8.893183801381E-02)
  );
#5559 = CARTESIAN_POINT('',(-4.933352607951E-02,0.75,8.893183801381E-02)
  );
#5560 = CARTESIAN_POINT('',(-5.062914795086E-02,0.76,8.095852067523E-02)
  );
#5561 = CARTESIAN_POINT('',(-5.062914795086E-02,0.75,8.095852067523E-02)
  );
#5562 = CARTESIAN_POINT('',(-5.290524819418E-02,0.76,7.325534191046E-02)
  );
#5563 = CARTESIAN_POINT('',(-5.290524819418E-02,0.75,7.325534191046E-02)
  );
#5564 = CARTESIAN_POINT('',(-5.602837926403E-02,0.76,6.57296269479E-02)
  );
#5565 = CARTESIAN_POINT('',(-5.602837926403E-02,0.75,6.57296269479E-02)
  );
#5566 = CARTESIAN_POINT('',(-6.018620357004E-02,0.76,5.853386114995E-02)
  );
#5567 = CARTESIAN_POINT('',(-6.018620357004E-02,0.75,5.853386114995E-02)
  );
#5568 = CARTESIAN_POINT('',(-6.508276014137E-02,0.76,5.148058442845E-02)
  );
#5569 = CARTESIAN_POINT('',(-6.508276014137E-02,0.75,5.148058442845E-02)
  );
#5570 = CARTESIAN_POINT('',(-7.099065941485E-02,0.76,4.476556218884E-02)
  );
#5571 = CARTESIAN_POINT('',(-7.099065941485E-02,0.75,4.476556218884E-02)
  );
#5572 = CARTESIAN_POINT('',(-7.766638468922E-02,0.76,3.833663693043E-02)
  );
#5573 = CARTESIAN_POINT('',(-7.766638468922E-02,0.75,3.833663693043E-02)
  );
#5574 = CARTESIAN_POINT('',(-8.494169448472E-02,0.76,3.239198130606E-02)
  );
#5575 = CARTESIAN_POINT('',(-8.494169448472E-02,0.75,3.239198130606E-02)
  );
#5576 = CARTESIAN_POINT('',(-9.267508246807E-02,0.76,2.713318832223E-02)
  );
#5577 = CARTESIAN_POINT('',(-9.267508246807E-02,0.75,2.713318832223E-02)
  );
#5578 = CARTESIAN_POINT('',(-0.100807020989,0.76,2.270437503518E-02));
#5579 = CARTESIAN_POINT('',(-0.100807020989,0.75,2.270437503518E-02));
#5580 = CARTESIAN_POINT('',(-0.109320302233,0.76,1.910248985207E-02));
#5581 = CARTESIAN_POINT('',(-0.109320302233,0.75,1.910248985207E-02));
#5582 = CARTESIAN_POINT('',(-0.118196022912,0.76,1.626963617699E-02));
#5583 = CARTESIAN_POINT('',(-0.118196022912,0.75,1.626963617699E-02));
#5584 = CARTESIAN_POINT('',(-0.127427654749,0.76,1.429066529843E-02));
#5585 = CARTESIAN_POINT('',(-0.127427654749,0.75,1.429066529843E-02));
#5586 = CARTESIAN_POINT('',(-0.137026006149,0.76,1.304499640218E-02));
#5587 = CARTESIAN_POINT('',(-0.137026006149,0.75,1.304499640218E-02));
#5588 = CARTESIAN_POINT('',(-0.143546562808,0.76,1.29003054514E-02));
#5589 = CARTESIAN_POINT('',(-0.143546562808,0.75,1.29003054514E-02));
#5590 = CARTESIAN_POINT('',(-0.146862404701,0.76,1.282672702227E-02));
#5591 = CARTESIAN_POINT('',(-0.146862404701,0.75,1.282672702227E-02));
#5592 = ADVANCED_FACE('',(#5593),#5627,.T.);
#5593 = FACE_BOUND('',#5594,.T.);
#5594 = EDGE_LOOP('',(#5595,#5619,#5620,#5621));
#5595 = ORIENTED_EDGE('',*,*,#5596,.F.);
#5596 = EDGE_CURVE('',#5518,#5597,#5599,.T.);
#5597 = VERTEX_POINT('',#5598);
#5598 = CARTESIAN_POINT('',(-0.249025866239,0.75,0.100807496253));
#5599 = B_SPLINE_CURVE_WITH_KNOTS('',3,(#5600,#5601,#5602,#5603,#5604,
    #5605,#5606,#5607,#5608,#5609,#5610,#5611,#5612,#5613,#5614,#5615,
    #5616,#5617,#5618),.UNSPECIFIED.,.F.,.F.,(4,1,1,1,1,1,1,1,1,1,1,1,1,
    1,1,1,4),(0.,7.126869258656E-02,0.139811785028,0.206497432099,
    0.271535244276,0.336081830616,0.400528387748,0.464983842651,
    0.530050305362,0.594423408953,0.655582709983,0.714849105637,
    0.772115063871,0.828999211301,0.885122162775,0.942079353264,1.),
  .UNSPECIFIED.);
#5600 = CARTESIAN_POINT('',(-0.146862404701,0.75,1.282672702228E-02));
#5601 = CARTESIAN_POINT('',(-0.150419637336,0.75,1.289000032139E-02));
#5602 = CARTESIAN_POINT('',(-0.157398059788,0.75,1.301412709534E-02));
#5603 = CARTESIAN_POINT('',(-0.167621708719,0.75,1.439578428837E-02));
#5604 = CARTESIAN_POINT('',(-0.177433499061,0.75,1.631914349446E-02));
#5605 = CARTESIAN_POINT('',(-0.186800348945,0.75,1.923695360589E-02));
#5606 = CARTESIAN_POINT('',(-0.19571830286,0.75,2.303083820841E-02));
#5607 = CARTESIAN_POINT('',(-0.204235638012,0.75,2.759478563107E-02));
#5608 = CARTESIAN_POINT('',(-0.212287195677,0.75,3.298969342474E-02));
#5609 = CARTESIAN_POINT('',(-0.219761792975,0.75,3.914702090987E-02));
#5610 = CARTESIAN_POINT('',(-0.226587316346,0.75,4.578238707686E-02));
#5611 = CARTESIAN_POINT('',(-0.232575693483,0.75,5.280663109232E-02));
#5612 = CARTESIAN_POINT('',(-0.237661124396,0.75,6.008920627195E-02));
#5613 = CARTESIAN_POINT('',(-0.241756353068,0.75,6.772260390385E-02));
#5614 = CARTESIAN_POINT('',(-0.245117693875,0.75,7.554518800119E-02));
#5615 = CARTESIAN_POINT('',(-0.247324994133,0.75,8.375177031474E-02));
#5616 = CARTESIAN_POINT('',(-0.248740046884,0.75,9.218458325112E-02));
#5617 = CARTESIAN_POINT('',(-0.248930061915,0.75,9.791716593085E-02));
#5618 = CARTESIAN_POINT('',(-0.249025866239,0.75,0.100807496253));
#5619 = ORIENTED_EDGE('',*,*,#5548,.F.);
#5620 = ORIENTED_EDGE('',*,*,#4752,.T.);
#5621 = ORIENTED_EDGE('',*,*,#5622,.T.);
#5622 = EDGE_CURVE('',#4755,#5597,#5623,.T.);
#5623 = LINE('',#5624,#5625);
#5624 = CARTESIAN_POINT('',(-0.249025866239,0.76,0.100807496253));
#5625 = VECTOR('',#5626,1.);
#5626 = DIRECTION('',(-3.761581922631E-31,-1.,-9.429630734102E-47));
#5627 = B_SPLINE_SURFACE_WITH_KNOTS('',3,1,(
    (#5628,#5629)
    ,(#5630,#5631)
    ,(#5632,#5633)
    ,(#5634,#5635)
    ,(#5636,#5637)
    ,(#5638,#5639)
    ,(#5640,#5641)
    ,(#5642,#5643)
    ,(#5644,#5645)
    ,(#5646,#5647)
    ,(#5648,#5649)
    ,(#5650,#5651)
    ,(#5652,#5653)
    ,(#5654,#5655)
    ,(#5656,#5657)
    ,(#5658,#5659)
    ,(#5660,#5661)
    ,(#5662,#5663)
    ,(#5664,#5665
    )),.UNSPECIFIED.,.F.,.F.,.F.,(4,1,1,1,1,1,1,1,1,1,1,1,1,1,1,1,4),(2,
    2),(0.,7.126869258656E-02,0.139811785028,0.206497432099,
    0.271535244276,0.336081830616,0.400528387748,0.464983842651,
    0.530050305362,0.594423408953,0.655582709983,0.714849105637,
    0.772115063871,0.828999211301,0.885122162775,0.942079353264,1.),(0.,
    1.),.UNSPECIFIED.);
#5628 = CARTESIAN_POINT('',(-0.146862404701,0.76,1.282672702228E-02));
#5629 = CARTESIAN_POINT('',(-0.146862404701,0.75,1.282672702228E-02));
#5630 = CARTESIAN_POINT('',(-0.150419637336,0.76,1.289000032139E-02));
#5631 = CARTESIAN_POINT('',(-0.150419637336,0.75,1.289000032139E-02));
#5632 = CARTESIAN_POINT('',(-0.157398059788,0.76,1.301412709534E-02));
#5633 = CARTESIAN_POINT('',(-0.157398059788,0.75,1.301412709534E-02));
#5634 = CARTESIAN_POINT('',(-0.167621708719,0.76,1.439578428837E-02));
#5635 = CARTESIAN_POINT('',(-0.167621708719,0.75,1.439578428837E-02));
#5636 = CARTESIAN_POINT('',(-0.177433499061,0.76,1.631914349446E-02));
#5637 = CARTESIAN_POINT('',(-0.177433499061,0.75,1.631914349446E-02));
#5638 = CARTESIAN_POINT('',(-0.186800348945,0.76,1.923695360589E-02));
#5639 = CARTESIAN_POINT('',(-0.186800348945,0.75,1.923695360589E-02));
#5640 = CARTESIAN_POINT('',(-0.19571830286,0.76,2.303083820841E-02));
#5641 = CARTESIAN_POINT('',(-0.19571830286,0.75,2.303083820841E-02));
#5642 = CARTESIAN_POINT('',(-0.204235638012,0.76,2.759478563107E-02));
#5643 = CARTESIAN_POINT('',(-0.204235638012,0.75,2.759478563107E-02));
#5644 = CARTESIAN_POINT('',(-0.212287195677,0.76,3.298969342474E-02));
#5645 = CARTESIAN_POINT('',(-0.212287195677,0.75,3.298969342474E-02));
#5646 = CARTESIAN_POINT('',(-0.219761792975,0.76,3.914702090987E-02));
#5647 = CARTESIAN_POINT('',(-0.219761792975,0.75,3.914702090987E-02));
#5648 = CARTESIAN_POINT('',(-0.226587316346,0.76,4.578238707686E-02));
#5649 = CARTESIAN_POINT('',(-0.226587316346,0.75,4.578238707686E-02));
#5650 = CARTESIAN_POINT('',(-0.232575693483,0.76,5.280663109232E-02));
#5651 = CARTESIAN_POINT('',(-0.232575693483,0.75,5.280663109232E-02));
#5652 = CARTESIAN_POINT('',(-0.237661124396,0.76,6.008920627195E-02));
#5653 = CARTESIAN_POINT('',(-0.237661124396,0.75,6.008920627195E-02));
#5654 = CARTESIAN_POINT('',(-0.241756353068,0.76,6.772260390385E-02));
#5655 = CARTESIAN_POINT('',(-0.241756353068,0.75,6.772260390385E-02));
#5656 = CARTESIAN_POINT('',(-0.245117693875,0.76,7.554518800119E-02));
#5657 = CARTESIAN_POINT('',(-0.245117693875,0.75,7.554518800119E-02));
#5658 = CARTESIAN_POINT('',(-0.247324994133,0.76,8.375177031474E-02));
#5659 = CARTESIAN_POINT('',(-0.247324994133,0.75,8.375177031474E-02));
#5660 = CARTESIAN_POINT('',(-0.248740046884,0.76,9.218458325112E-02));
#5661 = CARTESIAN_POINT('',(-0.248740046884,0.75,9.218458325112E-02));
#5662 = CARTESIAN_POINT('',(-0.248930061915,0.76,9.791716593085E-02));
#5663 = CARTESIAN_POINT('',(-0.248930061915,0.75,9.791716593085E-02));
#5664 = CARTESIAN_POINT('',(-0.249025866239,0.76,0.100807496253));
#5665 = CARTESIAN_POINT('',(-0.249025866239,0.75,0.100807496253));
#5666 = ADVANCED_FACE('',(#5667),#5697,.T.);
#5667 = FACE_BOUND('',#5668,.T.);
#5668 = EDGE_LOOP('',(#5669,#5689,#5690,#5691));
#5669 = ORIENTED_EDGE('',*,*,#5670,.F.);
#5670 = EDGE_CURVE('',#5597,#5671,#5673,.T.);
#5671 = VERTEX_POINT('',#5672);
#5672 = CARTESIAN_POINT('',(-0.149186122649,0.75,0.182057496253));
#5673 = B_SPLINE_CURVE_WITH_KNOTS('',3,(#5674,#5675,#5676,#5677,#5678,
    #5679,#5680,#5681,#5682,#5683,#5684,#5685,#5686,#5687,#5688),
  .UNSPECIFIED.,.F.,.F.,(4,1,1,1,1,1,1,1,1,1,1,1,4),(0.,
    7.48982079276E-02,0.148596294344,0.224471234786,0.30232274236,
    0.38191861799,0.461148695522,0.542417122724,0.626716083067,
    0.714596831186,0.804902920355,0.900127254072,1.),.UNSPECIFIED.);
#5674 = CARTESIAN_POINT('',(-0.249025866239,0.75,0.100807496253));
#5675 = CARTESIAN_POINT('',(-0.248870065235,0.75,0.104399599812));
#5676 = CARTESIAN_POINT('',(-0.248560959685,0.75,0.111526249336));
#5677 = CARTESIAN_POINT('',(-0.246108772395,0.75,0.122059171768));
#5678 = CARTESIAN_POINT('',(-0.242173282623,0.75,0.132255863749));
#5679 = CARTESIAN_POINT('',(-0.236684686513,0.75,0.142033229777));
#5680 = CARTESIAN_POINT('',(-0.229888392508,0.75,0.151170384784));
#5681 = CARTESIAN_POINT('',(-0.221531081882,0.75,0.159134816281));
#5682 = CARTESIAN_POINT('',(-0.212132128996,0.75,0.166211556689));
#5683 = CARTESIAN_POINT('',(-0.201373517107,0.75,0.171935046223));
#5684 = CARTESIAN_POINT('',(-0.189621692415,0.75,0.176505886804));
#5685 = CARTESIAN_POINT('',(-0.176879780539,0.75,0.179655139682));
#5686 = CARTESIAN_POINT('',(-0.163330646973,0.75,0.181739876812));
#5687 = CARTESIAN_POINT('',(-0.153975265001,0.75,0.181949954657));
#5688 = CARTESIAN_POINT('',(-0.149186122649,0.75,0.182057496253));
#5689 = ORIENTED_EDGE('',*,*,#5622,.F.);
#5690 = ORIENTED_EDGE('',*,*,#4826,.T.);
#5691 = ORIENTED_EDGE('',*,*,#5692,.T.);
#5692 = EDGE_CURVE('',#4803,#5671,#5693,.T.);
#5693 = LINE('',#5694,#5695);
#5694 = CARTESIAN_POINT('',(-0.149186122649,0.76,0.182057496253));
#5695 = VECTOR('',#5696,1.);
#5696 = DIRECTION('',(-3.761581922631E-31,-1.,-9.429630734102E-47));
#5697 = B_SPLINE_SURFACE_WITH_KNOTS('',3,1,(
    (#5698,#5699)
    ,(#5700,#5701)
    ,(#5702,#5703)
    ,(#5704,#5705)
    ,(#5706,#5707)
    ,(#5708,#5709)
    ,(#5710,#5711)
    ,(#5712,#5713)
    ,(#5714,#5715)
    ,(#5716,#5717)
    ,(#5718,#5719)
    ,(#5720,#5721)
    ,(#5722,#5723)
    ,(#5724,#5725)
    ,(#5726,#5727
    )),.UNSPECIFIED.,.F.,.F.,.F.,(4,1,1,1,1,1,1,1,1,1,1,1,4),(2,2),(0.,
    7.48982079276E-02,0.148596294344,0.224471234786,0.30232274236,
    0.38191861799,0.461148695522,0.542417122724,0.626716083067,
    0.714596831186,0.804902920355,0.900127254072,1.),(0.,1.),
  .UNSPECIFIED.);
#5698 = CARTESIAN_POINT('',(-0.249025866239,0.76,0.100807496253));
#5699 = CARTESIAN_POINT('',(-0.249025866239,0.75,0.100807496253));
#5700 = CARTESIAN_POINT('',(-0.248870065235,0.76,0.104399599812));
#5701 = CARTESIAN_POINT('',(-0.248870065235,0.75,0.104399599812));
#5702 = CARTESIAN_POINT('',(-0.248560959685,0.76,0.111526249336));
#5703 = CARTESIAN_POINT('',(-0.248560959685,0.75,0.111526249336));
#5704 = CARTESIAN_POINT('',(-0.246108772395,0.76,0.122059171768));
#5705 = CARTESIAN_POINT('',(-0.246108772395,0.75,0.122059171768));
#5706 = CARTESIAN_POINT('',(-0.242173282623,0.76,0.132255863749));
#5707 = CARTESIAN_POINT('',(-0.242173282623,0.75,0.132255863749));
#5708 = CARTESIAN_POINT('',(-0.236684686513,0.76,0.142033229777));
#5709 = CARTESIAN_POINT('',(-0.236684686513,0.75,0.142033229777));
#5710 = CARTESIAN_POINT('',(-0.229888392508,0.76,0.151170384784));
#5711 = CARTESIAN_POINT('',(-0.229888392508,0.75,0.151170384784));
#5712 = CARTESIAN_POINT('',(-0.221531081882,0.76,0.159134816281));
#5713 = CARTESIAN_POINT('',(-0.221531081882,0.75,0.159134816281));
#5714 = CARTESIAN_POINT('',(-0.212132128996,0.76,0.166211556689));
#5715 = CARTESIAN_POINT('',(-0.212132128996,0.75,0.166211556689));
#5716 = CARTESIAN_POINT('',(-0.201373517107,0.76,0.171935046223));
#5717 = CARTESIAN_POINT('',(-0.201373517107,0.75,0.171935046223));
#5718 = CARTESIAN_POINT('',(-0.189621692415,0.76,0.176505886804));
#5719 = CARTESIAN_POINT('',(-0.189621692415,0.75,0.176505886804));
#5720 = CARTESIAN_POINT('',(-0.176879780539,0.76,0.179655139682));
#5721 = CARTESIAN_POINT('',(-0.176879780539,0.75,0.179655139682));
#5722 = CARTESIAN_POINT('',(-0.163330646973,0.76,0.181739876812));
#5723 = CARTESIAN_POINT('',(-0.163330646973,0.75,0.181739876812));
#5724 = CARTESIAN_POINT('',(-0.153975265001,0.76,0.181949954657));
#5725 = CARTESIAN_POINT('',(-0.153975265001,0.75,0.181949954657));
#5726 = CARTESIAN_POINT('',(-0.149186122649,0.76,0.182057496253));
#5727 = CARTESIAN_POINT('',(-0.149186122649,0.75,0.182057496253));
#5728 = ADVANCED_FACE('',(#5729),#5756,.T.);
#5729 = FACE_BOUND('',#5730,.T.);
#5730 = EDGE_LOOP('',(#5731,#5753,#5754,#5755));
#5731 = ORIENTED_EDGE('',*,*,#5732,.F.);
#5732 = EDGE_CURVE('',#5671,#5516,#5733,.T.);
#5733 = B_SPLINE_CURVE_WITH_KNOTS('',3,(#5734,#5735,#5736,#5737,#5738,
    #5739,#5740,#5741,#5742,#5743,#5744,#5745,#5746,#5747,#5748,#5749,
    #5750,#5751,#5752),.UNSPECIFIED.,.F.,.F.,(4,1,1,1,1,1,1,1,1,1,1,1,1,
    1,1,1,4),(0.,7.655893299405E-02,0.149161351979,0.218826846127,
    0.285567139089,0.350313105719,0.414125153858,0.477179161316,
    0.540368018508,0.602202389991,0.662033653732,0.71993440705,
    0.775907432682,0.831114864383,0.886667447012,0.942552361833,1.),
  .UNSPECIFIED.);
#5734 = CARTESIAN_POINT('',(-0.149186122649,0.75,0.182057496253));
#5735 = CARTESIAN_POINT('',(-0.145443223458,0.75,0.181985632434));
#5736 = CARTESIAN_POINT('',(-0.138150855581,0.75,0.181845618669));
#5737 = CARTESIAN_POINT('',(-0.127512461416,0.75,0.18060969932));
#5738 = CARTESIAN_POINT('',(-0.117473084431,0.75,0.178649742215));
#5739 = CARTESIAN_POINT('',(-0.108052193185,0.75,0.175799051262));
#5740 = CARTESIAN_POINT('',(-9.91443257811E-02,0.75,0.172319053942));
#5741 = CARTESIAN_POINT('',(-9.090051389065E-02,0.75,0.167842244626));
#5742 = CARTESIAN_POINT('',(-8.310868222138E-02,0.75,0.162750550563));
#5743 = CARTESIAN_POINT('',(-7.61527824793E-02,0.75,0.156709618387));
#5744 = CARTESIAN_POINT('',(-6.981755862301E-02,0.75,0.150254818991));
#5745 = CARTESIAN_POINT('',(-6.429375376596E-02,0.75,0.143421671203));
#5746 = CARTESIAN_POINT('',(-5.949860505947E-02,0.75,0.136395884657));
#5747 = CARTESIAN_POINT('',(-5.573506725891E-02,0.75,0.129018686407));
#5748 = CARTESIAN_POINT('',(-5.272635254216E-02,0.75,0.121431610453));
#5749 = CARTESIAN_POINT('',(-5.056366057758E-02,0.75,0.113564694879));
#5750 = CARTESIAN_POINT('',(-4.922923597682E-02,0.75,0.105393811113));
#5751 = CARTESIAN_POINT('',(-4.909427646288E-02,0.75,9.985106013001E-02)
  );
#5752 = CARTESIAN_POINT('',(-4.902586623899E-02,0.75,9.704147061202E-02)
  );
#5753 = ORIENTED_EDGE('',*,*,#5692,.F.);
#5754 = ORIENTED_EDGE('',*,*,#4802,.T.);
#5755 = ORIENTED_EDGE('',*,*,#5541,.T.);
#5756 = B_SPLINE_SURFACE_WITH_KNOTS('',3,1,(
    (#5757,#5758)
    ,(#5759,#5760)
    ,(#5761,#5762)
    ,(#5763,#5764)
    ,(#5765,#5766)
    ,(#5767,#5768)
    ,(#5769,#5770)
    ,(#5771,#5772)
    ,(#5773,#5774)
    ,(#5775,#5776)
    ,(#5777,#5778)
    ,(#5779,#5780)
    ,(#5781,#5782)
    ,(#5783,#5784)
    ,(#5785,#5786)
    ,(#5787,#5788)
    ,(#5789,#5790)
    ,(#5791,#5792)
    ,(#5793,#5794
    )),.UNSPECIFIED.,.F.,.F.,.F.,(4,1,1,1,1,1,1,1,1,1,1,1,1,1,1,1,4),(2,
    2),(0.,7.655893299405E-02,0.149161351979,0.218826846127,
    0.285567139089,0.350313105719,0.414125153858,0.477179161316,
    0.540368018508,0.602202389991,0.662033653732,0.71993440705,
    0.775907432682,0.831114864383,0.886667447012,0.942552361833,1.),(0.,
    1.),.UNSPECIFIED.);
#5757 = CARTESIAN_POINT('',(-0.149186122649,0.76,0.182057496253));
#5758 = CARTESIAN_POINT('',(-0.149186122649,0.75,0.182057496253));
#5759 = CARTESIAN_POINT('',(-0.145443223458,0.76,0.181985632434));
#5760 = CARTESIAN_POINT('',(-0.145443223458,0.75,0.181985632434));
#5761 = CARTESIAN_POINT('',(-0.138150855581,0.76,0.181845618669));
#5762 = CARTESIAN_POINT('',(-0.138150855581,0.75,0.181845618669));
#5763 = CARTESIAN_POINT('',(-0.127512461416,0.76,0.18060969932));
#5764 = CARTESIAN_POINT('',(-0.127512461416,0.75,0.18060969932));
#5765 = CARTESIAN_POINT('',(-0.117473084431,0.76,0.178649742215));
#5766 = CARTESIAN_POINT('',(-0.117473084431,0.75,0.178649742215));
#5767 = CARTESIAN_POINT('',(-0.108052193185,0.76,0.175799051262));
#5768 = CARTESIAN_POINT('',(-0.108052193185,0.75,0.175799051262));
#5769 = CARTESIAN_POINT('',(-9.91443257811E-02,0.76,0.172319053942));
#5770 = CARTESIAN_POINT('',(-9.91443257811E-02,0.75,0.172319053942));
#5771 = CARTESIAN_POINT('',(-9.090051389065E-02,0.76,0.167842244626));
#5772 = CARTESIAN_POINT('',(-9.090051389065E-02,0.75,0.167842244626));
#5773 = CARTESIAN_POINT('',(-8.310868222138E-02,0.76,0.162750550563));
#5774 = CARTESIAN_POINT('',(-8.310868222138E-02,0.75,0.162750550563));
#5775 = CARTESIAN_POINT('',(-7.61527824793E-02,0.76,0.156709618387));
#5776 = CARTESIAN_POINT('',(-7.61527824793E-02,0.75,0.156709618387));
#5777 = CARTESIAN_POINT('',(-6.981755862301E-02,0.76,0.150254818991));
#5778 = CARTESIAN_POINT('',(-6.981755862301E-02,0.75,0.150254818991));
#5779 = CARTESIAN_POINT('',(-6.429375376596E-02,0.76,0.143421671203));
#5780 = CARTESIAN_POINT('',(-6.429375376596E-02,0.75,0.143421671203));
#5781 = CARTESIAN_POINT('',(-5.949860505947E-02,0.76,0.136395884657));
#5782 = CARTESIAN_POINT('',(-5.949860505947E-02,0.75,0.136395884657));
#5783 = CARTESIAN_POINT('',(-5.573506725891E-02,0.76,0.129018686407));
#5784 = CARTESIAN_POINT('',(-5.573506725891E-02,0.75,0.129018686407));
#5785 = CARTESIAN_POINT('',(-5.272635254216E-02,0.76,0.121431610453));
#5786 = CARTESIAN_POINT('',(-5.272635254216E-02,0.75,0.121431610453));
#5787 = CARTESIAN_POINT('',(-5.056366057758E-02,0.76,0.113564694879));
#5788 = CARTESIAN_POINT('',(-5.056366057758E-02,0.75,0.113564694879));
#5789 = CARTESIAN_POINT('',(-4.922923597682E-02,0.76,0.105393811113));
#5790 = CARTESIAN_POINT('',(-4.922923597682E-02,0.75,0.105393811113));
#5791 = CARTESIAN_POINT('',(-4.909427646288E-02,0.76,9.985106013001E-02)
  );
#5792 = CARTESIAN_POINT('',(-4.909427646288E-02,0.75,9.985106013001E-02)
  );
#5793 = CARTESIAN_POINT('',(-4.902586623899E-02,0.76,9.704147061202E-02)
  );
#5794 = CARTESIAN_POINT('',(-4.902586623899E-02,0.75,9.704147061202E-02)
  );
#5795 = ADVANCED_FACE('',(#5796),#5802,.F.);
#5796 = FACE_BOUND('',#5797,.T.);
#5797 = EDGE_LOOP('',(#5798,#5799,#5800,#5801));
#5798 = ORIENTED_EDGE('',*,*,#5460,.T.);
#5799 = ORIENTED_EDGE('',*,*,#5231,.T.);
#5800 = ORIENTED_EDGE('',*,*,#5312,.T.);
#5801 = ORIENTED_EDGE('',*,*,#5386,.T.);
#5802 = PLANE('',#5803);
#5803 = AXIS2_PLACEMENT_3D('',#5804,#5805,#5806);
#5804 = CARTESIAN_POINT('',(2.100925608611,0.75,0.675));
#5805 = DIRECTION('',(-3.761581922631E-31,-1.,-6.04194858148E-47));
#5806 = DIRECTION('',(1.,-3.761581922631E-31,0.));
#5807 = ADVANCED_FACE('',(#5808),#5814,.F.);
#5808 = FACE_BOUND('',#5809,.T.);
#5809 = EDGE_LOOP('',(#5810,#5811,#5812,#5813));
#5810 = ORIENTED_EDGE('',*,*,#5732,.T.);
#5811 = ORIENTED_EDGE('',*,*,#5515,.T.);
#5812 = ORIENTED_EDGE('',*,*,#5596,.T.);
#5813 = ORIENTED_EDGE('',*,*,#5670,.T.);
#5814 = PLANE('',#5815);
#5815 = AXIS2_PLACEMENT_3D('',#5816,#5817,#5818);
#5816 = CARTESIAN_POINT('',(2.100925608611,0.75,0.675));
#5817 = DIRECTION('',(-3.761581922631E-31,-1.,-6.04194858148E-47));
#5818 = DIRECTION('',(1.,-3.761581922631E-31,0.));
#5819 = ADVANCED_FACE('',(#5820,#5950),#6072,.T.);
#5820 = FACE_BOUND('',#5821,.T.);
#5821 = EDGE_LOOP('',(#5822,#5856,#5888,#5920));
#5822 = ORIENTED_EDGE('',*,*,#5823,.F.);
#5823 = EDGE_CURVE('',#5824,#5826,#5828,.T.);
#5824 = VERTEX_POINT('',#5825);
#5825 = CARTESIAN_POINT('',(0.156502979915,0.76,0.223083137279));
#5826 = VERTEX_POINT('',#5827);
#5827 = CARTESIAN_POINT('',(2.276900555589E-02,0.76,1.298698343253E-02)
  );
#5828 = B_SPLINE_CURVE_WITH_KNOTS('',3,(#5829,#5830,#5831,#5832,#5833,
    #5834,#5835,#5836,#5837,#5838,#5839,#5840,#5841,#5842,#5843,#5844,
    #5845,#5846,#5847,#5848,#5849,#5850,#5851,#5852,#5853,#5854,#5855),
  .UNSPECIFIED.,.F.,.F.,(4,1,1,1,1,1,1,1,1,1,1,1,1,1,1,1,1,1,1,1,1,1,1,1
    ,4),(0.,3.378714634699E-02,6.662165772429E-02,9.928487809597E-02,
    0.131361165043,0.163585187595,0.196103926987,0.228902254324,
    0.262158055905,0.295991222258,0.330217845725,0.365059825892,
    0.40095073734,0.437620382077,0.475707529437,0.515380691625,
    0.556413541493,0.599764829873,0.646424155584,0.696431444518,
    0.749781517802,0.806573306976,0.867435531565,0.931886753251,1.),
  .UNSPECIFIED.);
#5829 = CARTESIAN_POINT('',(0.156502979915,0.76,0.223083137279));
#5830 = CARTESIAN_POINT('',(0.153348224031,0.76,0.223029839512));
#5831 = CARTESIAN_POINT('',(0.1471276612,0.76,0.222924746719));
#5832 = CARTESIAN_POINT('',(0.13791024115,0.76,0.22183746312));
#5833 = CARTESIAN_POINT('',(0.128963676186,0.76,0.22008940561));
#5834 = CARTESIAN_POINT('',(0.120243818581,0.76,0.217641793714));
#5835 = CARTESIAN_POINT('',(0.111705931143,0.76,0.214645812421));
#5836 = CARTESIAN_POINT('',(0.103466355525,0.76,0.210742534295));
#5837 = CARTESIAN_POINT('',(9.543347738938E-02,0.76,0.206247212129));
#5838 = CARTESIAN_POINT('',(8.762872813017E-02,0.76,0.201127735393));
#5839 = CARTESIAN_POINT('',(8.019876686848E-02,0.76,0.195262400178));
#5840 = CARTESIAN_POINT('',(7.310178340404E-02,0.76,0.1887750529));
#5841 = CARTESIAN_POINT('',(6.651606693581E-02,0.76,0.181503805894));
#5842 = CARTESIAN_POINT('',(6.038645600812E-02,0.76,0.173563471825));
#5843 = CARTESIAN_POINT('',(5.456084592861E-02,0.76,0.165027101273));
#5844 = CARTESIAN_POINT('',(4.920206040641E-02,0.76,0.155778144353));
#5845 = CARTESIAN_POINT('',(4.424539137006E-02,0.76,0.145853274583));
#5846 = CARTESIAN_POINT('',(3.971470672223E-02,0.76,0.135188370506));
#5847 = CARTESIAN_POINT('',(3.569771660624E-02,0.76,0.123627807322));
#5848 = CARTESIAN_POINT('',(3.214940710756E-02,0.76,0.111039329779));
#5849 = CARTESIAN_POINT('',(2.934778911098E-02,0.76,9.731182850843E-02)
  );
#5850 = CARTESIAN_POINT('',(2.694973707294E-02,0.76,8.25555579821E-02));
#5851 = CARTESIAN_POINT('',(2.501552186797E-02,0.76,6.670710879515E-02)
  );
#5852 = CARTESIAN_POINT('',(2.369502754587E-02,0.76,4.975787700236E-02)
  );
#5853 = CARTESIAN_POINT('',(2.287887725606E-02,0.76,3.171842455366E-02)
  );
#5854 = CARTESIAN_POINT('',(2.280629777948E-02,0.76,1.934473606033E-02)
  );
#5855 = CARTESIAN_POINT('',(2.276900555589E-02,0.76,1.298698343253E-02)
  );
#5856 = ORIENTED_EDGE('',*,*,#5857,.F.);
#5857 = EDGE_CURVE('',#5858,#5824,#5860,.T.);
#5858 = VERTEX_POINT('',#5859);
#5859 = CARTESIAN_POINT('',(0.294563877351,0.76,1.298698343253E-02));
#5860 = B_SPLINE_CURVE_WITH_KNOTS('',3,(#5861,#5862,#5863,#5864,#5865,
    #5866,#5867,#5868,#5869,#5870,#5871,#5872,#5873,#5874,#5875,#5876,
    #5877,#5878,#5879,#5880,#5881,#5882,#5883,#5884,#5885,#5886,#5887),
  .UNSPECIFIED.,.F.,.F.,(4,1,1,1,1,1,1,1,1,1,1,1,1,1,1,1,1,1,1,1,1,1,1,1
    ,4),(0.,6.506328961728E-02,0.126773166467,0.185515763226,
    0.240764679168,0.292979796024,0.34225037278,0.388919286186,
    0.432775664058,0.474628432631,0.514774690638,0.553605893498,
    0.591426406431,0.628028119946,0.66380363411,0.698984336132,
    0.733591489307,0.767628469151,0.801208347787,0.834263839727,
    0.866980694729,0.899719741518,0.932701912499,0.966175883433,1.),
  .UNSPECIFIED.);
#5861 = CARTESIAN_POINT('',(0.294563877351,0.76,1.298698343253E-02));
#5862 = CARTESIAN_POINT('',(0.294489410546,0.76,1.910400148292E-02));
#5863 = CARTESIAN_POINT('',(0.294344315013,0.76,3.102276169536E-02));
#5864 = CARTESIAN_POINT('',(0.293592462811,0.76,4.845487316048E-02));
#5865 = CARTESIAN_POINT('',(0.292111476391,0.76,6.49117923946E-02));
#5866 = CARTESIAN_POINT('',(0.290258906298,0.76,8.043298810417E-02));
#5867 = CARTESIAN_POINT('',(0.287693081958,0.76,9.495385882793E-02));
#5868 = CARTESIAN_POINT('',(0.284538205815,0.76,0.108524652939));
#5869 = CARTESIAN_POINT('',(0.281035311779,0.76,0.121203975415));
#5870 = CARTESIAN_POINT('',(0.276711335309,0.76,0.132887953884));
#5871 = CARTESIAN_POINT('',(0.271978682698,0.76,0.143739579355));
#5872 = CARTESIAN_POINT('',(0.266829517421,0.76,0.153872967735));
#5873 = CARTESIAN_POINT('',(0.261312965868,0.76,0.163377686898));
#5874 = CARTESIAN_POINT('',(0.255302823582,0.76,0.172177657976));
#5875 = CARTESIAN_POINT('',(0.248896719217,0.76,0.180335218785));
#5876 = CARTESIAN_POINT('',(0.241957543354,0.76,0.187706375659));
#5877 = CARTESIAN_POINT('',(0.234680905057,0.76,0.194468738169));
#5878 = CARTESIAN_POINT('',(0.226976628962,0.76,0.200486067022));
#5879 = CARTESIAN_POINT('',(0.218929594535,0.76,0.205752901838));
#5880 = CARTESIAN_POINT('',(0.21070570003,0.76,0.210463056168));
#5881 = CARTESIAN_POINT('',(0.202159027647,0.76,0.214261078459));
#5882 = CARTESIAN_POINT('',(0.193483261621,0.76,0.217522225999));
#5883 = CARTESIAN_POINT('',(0.184554305493,0.76,0.220013706215));
#5884 = CARTESIAN_POINT('',(0.175383289415,0.76,0.22173643256));
#5885 = CARTESIAN_POINT('',(0.166016862451,0.76,0.222944643812));
#5886 = CARTESIAN_POINT('',(0.159685255013,0.76,0.223036812941));
#5887 = CARTESIAN_POINT('',(0.156502979915,0.76,0.223083137279));
#5888 = ORIENTED_EDGE('',*,*,#5889,.F.);
#5889 = EDGE_CURVE('',#5890,#5858,#5892,.T.);
#5890 = VERTEX_POINT('',#5891);
#5891 = CARTESIAN_POINT('',(0.156502979915,0.76,-0.197429683234));
#5892 = B_SPLINE_CURVE_WITH_KNOTS('',3,(#5893,#5894,#5895,#5896,#5897,
    #5898,#5899,#5900,#5901,#5902,#5903,#5904,#5905,#5906,#5907,#5908,
    #5909,#5910,#5911,#5912,#5913,#5914,#5915,#5916,#5917,#5918,#5919),
  .UNSPECIFIED.,.F.,.F.,(4,1,1,1,1,1,1,1,1,1,1,1,1,1,1,1,1,1,1,1,1,1,1,1
    ,4),(0.,3.378811616271E-02,6.719393237388E-02,9.986241085683E-02,
    0.132566612126,0.165151173255,0.197913187356,0.231319003567,
    0.265083278267,0.299255308758,0.334398566505,0.369942823509,
    0.4062835607,0.444063819699,0.482997706873,0.523354446613,
    0.565536589604,0.609612924066,0.656390811376,0.705885494936,
    0.758324500262,0.813831782941,0.872794559039,0.93472222954,1.),
  .UNSPECIFIED.);
#5893 = CARTESIAN_POINT('',(0.156502979915,0.76,-0.197429683234));
#5894 = CARTESIAN_POINT('',(0.159684177456,0.76,-0.197373932928));
#5895 = CARTESIAN_POINT('',(0.166010578473,0.76,-0.197263063111));
#5896 = CARTESIAN_POINT('',(0.175363764215,0.76,-0.196197469678));
#5897 = CARTESIAN_POINT('',(0.184500870697,0.76,-0.194429341324));
#5898 = CARTESIAN_POINT('',(0.193382943691,0.76,-0.191924087086));
#5899 = CARTESIAN_POINT('',(0.202082942145,0.76,-0.188816009754));
#5900 = CARTESIAN_POINT('',(0.210532817304,0.76,-0.184920339227));
#5901 = CARTESIAN_POINT('',(0.218785055206,0.76,-0.18038561153));
#5902 = CARTESIAN_POINT('',(0.226708516637,0.76,-0.17505716841));
#5903 = CARTESIAN_POINT('',(0.234390186962,0.76,-0.169116336844));
#5904 = CARTESIAN_POINT('',(0.241641382731,0.76,-0.162400603267));
#5905 = CARTESIAN_POINT('',(0.248462763976,0.76,-0.154977778208));
#5906 = CARTESIAN_POINT('',(0.254939941734,0.76,-0.146927279478));
#5907 = CARTESIAN_POINT('',(0.260889152843,0.76,-0.138094698354));
#5908 = CARTESIAN_POINT('',(0.266554687956,0.76,-0.128633657232));
#5909 = CARTESIAN_POINT('',(0.271625777773,0.76,-0.118378701256));
#5910 = CARTESIAN_POINT('',(0.27650974065,0.76,-0.107500933503));
#5911 = CARTESIAN_POINT('',(0.280725396278,0.76,-9.569937249603E-02));
#5912 = CARTESIAN_POINT('',(0.28452725288,0.76,-8.304054272253E-02));
#5913 = CARTESIAN_POINT('',(0.287599135003,0.76,-6.937492136786E-02));
#5914 = CARTESIAN_POINT('',(0.290157908985,0.76,-5.477420761985E-02));
#5915 = CARTESIAN_POINT('',(0.292140182807,0.76,-3.918478096383E-02));
#5916 = CARTESIAN_POINT('',(0.29358391333,0.76,-2.264005919106E-02));
#5917 = CARTESIAN_POINT('',(0.294346551621,0.76,-5.129157403544E-03));
#5918 = CARTESIAN_POINT('',(0.294490174616,0.76,6.843168216703E-03));
#5919 = CARTESIAN_POINT('',(0.294563877351,0.76,1.298698343253E-02));
#5920 = ORIENTED_EDGE('',*,*,#5921,.F.);
#5921 = EDGE_CURVE('',#5826,#5890,#5922,.T.);
#5922 = B_SPLINE_CURVE_WITH_KNOTS('',3,(#5923,#5924,#5925,#5926,#5927,
    #5928,#5929,#5930,#5931,#5932,#5933,#5934,#5935,#5936,#5937,#5938,
    #5939,#5940,#5941,#5942,#5943,#5944,#5945,#5946,#5947,#5948,#5949),
  .UNSPECIFIED.,.F.,.F.,(4,1,1,1,1,1,1,1,1,1,1,1,1,1,1,1,1,1,1,1,1,1,1,1
    ,4),(0.,6.859462225874E-02,0.133246042443,0.194312586468,
    0.251279223117,0.304513439256,0.354234906653,0.400480588774,
    0.443410754938,0.484014868616,0.523252300773,0.561042372728,
    0.597900239364,0.633518488856,0.66831435117,0.702495671286,
    0.736685353513,0.770293169361,0.803437255019,0.835912951666,
    0.868460245789,0.900846538243,0.933466524631,0.966257575298,1.),
  .UNSPECIFIED.);
#5923 = CARTESIAN_POINT('',(2.276900555589E-02,0.76,1.298698343253E-02)
  );
#5924 = CARTESIAN_POINT('',(2.280649334531E-02,0.76,6.57585340576E-03));
#5925 = CARTESIAN_POINT('',(2.287931391661E-02,0.76,-5.877859079665E-03)
  );
#5926 = CARTESIAN_POINT('',(2.368941916715E-02,0.76,-2.402467531587E-02)
  );
#5927 = CARTESIAN_POINT('',(2.503517257437E-02,0.76,-4.104870834389E-02)
  );
#5928 = CARTESIAN_POINT('',(2.687944375726E-02,0.76,-5.6950773034E-02));
#5929 = CARTESIAN_POINT('',(2.912378435424E-02,0.76,-7.173497469316E-02)
  );
#5930 = CARTESIAN_POINT('',(3.211983996582E-02,0.76,-8.536180408017E-02)
  );
#5931 = CARTESIAN_POINT('',(3.552701740753E-02,0.76,-9.789433055023E-02)
  );
#5932 = CARTESIAN_POINT('',(3.94758683573E-02,0.76,-0.109373421805));
#5933 = CARTESIAN_POINT('',(4.393161567368E-02,0.76,-0.119953730721));
#5934 = CARTESIAN_POINT('',(4.878124547049E-02,0.76,-0.129830896584));
#5935 = CARTESIAN_POINT('',(5.421722197604E-02,0.76,-0.138989974565));
#5936 = CARTESIAN_POINT('',(5.992886916771E-02,0.76,-0.147577150613));
#5937 = CARTESIAN_POINT('',(6.614739163946E-02,0.76,-0.15545185859));
#5938 = CARTESIAN_POINT('',(7.269582483572E-02,0.76,-0.162725305735));
#5939 = CARTESIAN_POINT('',(7.982975355196E-02,0.76,-0.169229391502));
#5940 = CARTESIAN_POINT('',(8.730666878321E-02,0.76,-0.175154683203));
#5941 = CARTESIAN_POINT('',(9.519426471369E-02,0.76,-0.180348908537));
#5942 = CARTESIAN_POINT('',(0.103267712273,0.76,-0.184924078664));
#5943 = CARTESIAN_POINT('',(0.111582581514,0.76,-0.188832634922));
#5944 = CARTESIAN_POINT('',(0.120161573845,0.76,-0.191905827592));
#5945 = CARTESIAN_POINT('',(0.128927580461,0.76,-0.19444421008));
#5946 = CARTESIAN_POINT('',(0.137911245225,0.76,-0.196180089811));
#5947 = CARTESIAN_POINT('',(0.147127401104,0.76,-0.197272307925));
#5948 = CARTESIAN_POINT('',(0.153348136509,0.76,-0.197376727095));
#5949 = CARTESIAN_POINT('',(0.156502979915,0.76,-0.197429683234));
#5950 = FACE_BOUND('',#5951,.T.);
#5951 = EDGE_LOOP('',(#5952,#5982,#6010,#6038,#6054));
#5952 = ORIENTED_EDGE('',*,*,#5953,.F.);
#5953 = EDGE_CURVE('',#5954,#5956,#5958,.T.);
#5954 = VERTEX_POINT('',#5955);
#5955 = CARTESIAN_POINT('',(5.866644145332E-02,0.76,1.282672702227E-02)
  );
#5956 = VERTEX_POINT('',#5957);
#5957 = CARTESIAN_POINT('',(0.157704902992,0.76,0.182057496253));
#5958 = B_SPLINE_CURVE_WITH_KNOTS('',3,(#5959,#5960,#5961,#5962,#5963,
    #5964,#5965,#5966,#5967,#5968,#5969,#5970,#5971,#5972,#5973,#5974,
    #5975,#5976,#5977,#5978,#5979,#5980,#5981),.UNSPECIFIED.,.F.,.F.,(4,
    1,1,1,1,1,1,1,1,1,1,1,1,1,1,1,1,1,1,1,4),(0.,7.295106587587E-02,
    0.141583694187,0.205926460171,0.265301357185,0.320597232714,
    0.371816503099,0.418789769709,0.461698728616,0.502133582104,
    0.540804315293,0.578180525328,0.614296865208,0.649678243265,
    0.68429946009,0.718358952772,0.752080864648,0.817652438602,
    0.879722076405,0.939965559731,1.),.UNSPECIFIED.);
#5959 = CARTESIAN_POINT('',(5.866644145332E-02,0.76,1.282672702227E-02)
  );
#5960 = CARTESIAN_POINT('',(5.868009254675E-02,0.76,1.8169435457E-02));
#5961 = CARTESIAN_POINT('',(5.870658663857E-02,0.76,2.853858343405E-02)
  );
#5962 = CARTESIAN_POINT('',(5.939872384739E-02,0.76,4.360638468844E-02)
  );
#5963 = CARTESIAN_POINT('',(6.034160750448E-02,0.76,5.766013655326E-02)
  );
#5964 = CARTESIAN_POINT('',(6.155775575421E-02,0.76,7.071768357785E-02)
  );
#5965 = CARTESIAN_POINT('',(6.336380701433E-02,0.76,8.273482786468E-02)
  );
#5966 = CARTESIAN_POINT('',(6.538743990778E-02,0.76,9.379422021498E-02)
  );
#5967 = CARTESIAN_POINT('',(6.78500787214E-02,0.76,0.103837333028));
#5968 = CARTESIAN_POINT('',(7.076379504906E-02,0.76,0.112933082823));
#5969 = CARTESIAN_POINT('',(7.408254897974E-02,0.76,0.121235833508));
#5970 = CARTESIAN_POINT('',(7.770607625632E-02,0.76,0.128961686665));
#5971 = CARTESIAN_POINT('',(8.159873030259E-02,0.76,0.136201907972));
#5972 = CARTESIAN_POINT('',(8.595520465151E-02,0.76,0.142891463215));
#5973 = CARTESIAN_POINT('',(9.069978330625E-02,0.76,0.149052167681));
#5974 = CARTESIAN_POINT('',(9.572529863625E-02,0.76,0.154793062803));
#5975 = CARTESIAN_POINT('',(0.101219308264,0.76,0.159912717813));
#5976 = CARTESIAN_POINT('',(0.108819735983,0.76,0.166052929816));
#5977 = CARTESIAN_POINT('',(0.118853618775,0.76,0.172397973671));
#5978 = CARTESIAN_POINT('',(0.131495956516,0.76,0.17792324108));
#5979 = CARTESIAN_POINT('',(0.144486636628,0.76,0.181395521816));
#5980 = CARTESIAN_POINT('',(0.153303922352,0.76,0.181837093925));
#5981 = CARTESIAN_POINT('',(0.157704902992,0.76,0.182057496253));
#5982 = ORIENTED_EDGE('',*,*,#5983,.F.);
#5983 = EDGE_CURVE('',#5984,#5954,#5986,.T.);
#5984 = VERTEX_POINT('',#5985);
#5985 = CARTESIAN_POINT('',(0.157704902992,0.76,-0.156404042208));
#5986 = B_SPLINE_CURVE_WITH_KNOTS('',3,(#5987,#5988,#5989,#5990,#5991,
    #5992,#5993,#5994,#5995,#5996,#5997,#5998,#5999,#6000,#6001,#6002,
    #6003,#6004,#6005,#6006,#6007,#6008,#6009),.UNSPECIFIED.,.F.,.F.,(4,
    1,1,1,1,1,1,1,1,1,1,1,1,1,1,1,1,1,1,1,4),(0.,6.038661931106E-02,
    0.120883248586,0.182754618625,0.247811029758,0.281299100043,
    0.315087624151,0.34970239555,0.384856581119,0.420966197226,
    0.458511188261,0.497174722127,0.537602047866,0.58050301842,
    0.627467540027,0.678388209559,0.733983220593,0.793746704551,
    0.857713672161,0.926697864361,1.),.UNSPECIFIED.);
#5987 = CARTESIAN_POINT('',(0.157704902992,0.76,-0.156404042208));
#5988 = CARTESIAN_POINT('',(0.153280835325,0.76,-0.156171876877));
#5989 = CARTESIAN_POINT('',(0.144424640398,0.76,-0.155707123265));
#5990 = CARTESIAN_POINT('',(0.131344874144,0.76,-0.152427894284));
#5991 = CARTESIAN_POINT('',(0.118807233956,0.76,-0.146712126748));
#5992 = CARTESIAN_POINT('',(0.108836608279,0.76,-0.140431855609));
#5993 = CARTESIAN_POINT('',(0.101195032678,0.76,-0.134450334301));
#5994 = CARTESIAN_POINT('',(9.581415343473E-02,0.76,-0.12926331098));
#5995 = CARTESIAN_POINT('',(9.076887660985E-02,0.76,-0.123589453339));
#5996 = CARTESIAN_POINT('',(8.612113945127E-02,0.76,-0.117372091642));
#5997 = CARTESIAN_POINT('',(8.176807851501E-02,0.76,-0.110690335376));
#5998 = CARTESIAN_POINT('',(7.777024850636E-02,0.76,-0.103491619408));
#5999 = CARTESIAN_POINT('',(7.416826797195E-02,0.76,-9.573946349641E-02)
  );
#6000 = CARTESIAN_POINT('',(7.084432097993E-02,0.76,-8.744044230566E-02)
  );
#6001 = CARTESIAN_POINT('',(6.792171663408E-02,0.76,-7.834547722731E-02)
  );
#6002 = CARTESIAN_POINT('',(6.551097797922E-02,0.76,-6.831473510234E-02)
  );
#6003 = CARTESIAN_POINT('',(6.328388619409E-02,0.76,-5.729051889787E-02)
  );
#6004 = CARTESIAN_POINT('',(6.170728403403E-02,0.76,-4.520828941842E-02)
  );
#6005 = CARTESIAN_POINT('',(6.030571194697E-02,0.76,-3.21474718905E-02)
  );
#6006 = CARTESIAN_POINT('',(5.940498646672E-02,0.76,-1.805863552144E-02)
  );
#6007 = CARTESIAN_POINT('',(5.870427132738E-02,0.76,-2.965563475453E-03)
  );
#6008 = CARTESIAN_POINT('',(5.867930397163E-02,0.76,7.457197496278E-03)
  );
#6009 = CARTESIAN_POINT('',(5.866644145332E-02,0.76,1.282672702227E-02)
  );
#6010 = ORIENTED_EDGE('',*,*,#6011,.F.);
#6011 = EDGE_CURVE('',#6012,#5984,#6014,.T.);
#6012 = VERTEX_POINT('',#6013);
#6013 = CARTESIAN_POINT('',(0.258666441453,0.76,1.282672702227E-02));
#6014 = B_SPLINE_CURVE_WITH_KNOTS('',3,(#6015,#6016,#6017,#6018,#6019,
    #6020,#6021,#6022,#6023,#6024,#6025,#6026,#6027,#6028,#6029,#6030,
    #6031,#6032,#6033,#6034,#6035,#6036,#6037),.UNSPECIFIED.,.F.,.F.,(4,
    1,1,1,1,1,1,1,1,1,1,1,1,1,1,1,1,1,1,1,4),(0.,6.568119799064E-02,
    0.128486464174,0.188175130328,0.24510613067,0.299448424529,
    0.350822936009,0.399941680534,0.446671743632,0.491254533373,
    0.53337634427,0.573852754968,0.612526311719,0.649597136445,
    0.685532041554,0.720105786068,0.753837662974,0.818925416047,
    0.88049346165,0.940311333846,1.),.UNSPECIFIED.);
#6015 = CARTESIAN_POINT('',(0.258666441453,0.76,1.282672702227E-02));
#6016 = CARTESIAN_POINT('',(0.258603562684,0.76,8.019004448784E-03));
#6017 = CARTESIAN_POINT('',(0.258480558369,0.76,-1.385928668996E-03));
#6018 = CARTESIAN_POINT('',(0.258010388346,0.76,-1.515943503038E-02));
#6019 = CARTESIAN_POINT('',(0.256796265547,0.76,-2.824146484857E-02));
#6020 = CARTESIAN_POINT('',(0.255447794819,0.76,-4.068837601021E-02));
#6021 = CARTESIAN_POINT('',(0.25345954098,0.76,-5.243126774786E-02));
#6022 = CARTESIAN_POINT('',(0.251315791623,0.76,-6.356844549144E-02));
#6023 = CARTESIAN_POINT('',(0.248435653075,0.76,-7.396193404222E-02));
#6024 = CARTESIAN_POINT('',(0.245359107364,0.76,-8.377445766641E-02));
#6025 = CARTESIAN_POINT('',(0.241837919303,0.76,-9.28945324665E-02));
#6026 = CARTESIAN_POINT('',(0.237961835388,0.76,-0.101364679479));
#6027 = CARTESIAN_POINT('',(0.233822205814,0.76,-0.10922579088));
#6028 = CARTESIAN_POINT('',(0.229325949762,0.76,-0.116456298489));
#6029 = CARTESIAN_POINT('',(0.224526443126,0.76,-0.123088589107));
#6030 = CARTESIAN_POINT('',(0.219297008932,0.76,-0.128989685628));
#6031 = CARTESIAN_POINT('',(0.213845080611,0.76,-0.134342481983));
#6032 = CARTESIAN_POINT('',(0.206208830802,0.76,-0.140452489883));
#6033 = CARTESIAN_POINT('',(0.196211769111,0.76,-0.146682397938));
#6034 = CARTESIAN_POINT('',(0.183772266557,0.76,-0.152415627636));
#6035 = CARTESIAN_POINT('',(0.170827050071,0.76,-0.155708003936));
#6036 = CARTESIAN_POINT('',(0.162075798175,0.76,-0.15617219674));
#6037 = CARTESIAN_POINT('',(0.157704902992,0.76,-0.156404042208));
#6038 = ORIENTED_EDGE('',*,*,#6039,.F.);
#6039 = EDGE_CURVE('',#6040,#6012,#6042,.T.);
#6040 = VERTEX_POINT('',#6041);
#6041 = CARTESIAN_POINT('',(0.243522210684,0.76,0.113387624458));
#6042 = B_SPLINE_CURVE_WITH_KNOTS('',3,(#6043,#6044,#6045,#6046,#6047,
    #6048,#6049,#6050,#6051,#6052,#6053),.UNSPECIFIED.,.F.,.F.,(4,1,1,1,
    1,1,1,1,4),(0.,0.110588338595,0.224541754054,0.34250349405,
    0.464324098417,0.590756032702,0.722227475356,0.858842836209,1.),
  .UNSPECIFIED.);
#6043 = CARTESIAN_POINT('',(0.243522210684,0.76,0.113387624458));
#6044 = CARTESIAN_POINT('',(0.244728127003,0.76,0.109818511376));
#6045 = CARTESIAN_POINT('',(0.247176654299,0.76,0.102571681177));
#6046 = CARTESIAN_POINT('',(0.250332285644,0.76,9.133012093928E-02));
#6047 = CARTESIAN_POINT('',(0.252817474124,0.76,7.953551934638E-02));
#6048 = CARTESIAN_POINT('',(0.255053287353,0.76,6.725836314998E-02));
#6049 = CARTESIAN_POINT('',(0.256579350884,0.76,5.440811160587E-02));
#6050 = CARTESIAN_POINT('',(0.257807672402,0.76,4.102452487264E-02));
#6051 = CARTESIAN_POINT('',(0.258531179481,0.76,2.709751204573E-02));
#6052 = CARTESIAN_POINT('',(0.258620865317,0.76,1.763522733771E-02));
#6053 = CARTESIAN_POINT('',(0.258666441453,0.76,1.282672702227E-02));
#6054 = ORIENTED_EDGE('',*,*,#6055,.F.);
#6055 = EDGE_CURVE('',#5956,#6040,#6056,.T.);
#6056 = B_SPLINE_CURVE_WITH_KNOTS('',3,(#6057,#6058,#6059,#6060,#6061,
    #6062,#6063,#6064,#6065,#6066,#6067,#6068,#6069,#6070,#6071),
  .UNSPECIFIED.,.F.,.F.,(4,1,1,1,1,1,1,1,1,1,1,1,4),(0.,0.112813400744,
    0.225393883921,0.339594814563,0.459675410225,0.521735190088,
    0.583925838739,0.648174144765,0.713881038113,0.781004454907,
    0.851450927557,0.924050692664,1.),.UNSPECIFIED.);
#6057 = CARTESIAN_POINT('',(0.157704902992,0.76,0.182057496253));
#6058 = CARTESIAN_POINT('',(0.162134351181,0.76,0.181874892732));
#6059 = CARTESIAN_POINT('',(0.170984102402,0.76,0.181510062697));
#6060 = CARTESIAN_POINT('',(0.18391367899,0.76,0.177990206997));
#6061 = CARTESIAN_POINT('',(0.196465709857,0.76,0.172679402487));
#6062 = CARTESIAN_POINT('',(0.206302503031,0.76,0.166399687582));
#6063 = CARTESIAN_POINT('',(0.213786222289,0.76,0.160419307073));
#6064 = CARTESIAN_POINT('',(0.219148164015,0.76,0.155320490123));
#6065 = CARTESIAN_POINT('',(0.224069540979,0.76,0.149611248145));
#6066 = CARTESIAN_POINT('',(0.228737206676,0.76,0.143451328612));
#6067 = CARTESIAN_POINT('',(0.233018243896,0.76,0.136723044707));
#6068 = CARTESIAN_POINT('',(0.236911173919,0.76,0.129458750391));
#6069 = CARTESIAN_POINT('',(0.240463556495,0.76,0.121638272915));
#6070 = CARTESIAN_POINT('',(0.242487447461,0.76,0.116178874159));
#6071 = CARTESIAN_POINT('',(0.243522210684,0.76,0.113387624458));
#6072 = PLANE('',#6073);
#6073 = AXIS2_PLACEMENT_3D('',#6074,#6075,#6076);
#6074 = CARTESIAN_POINT('',(4.625673428505E-02,0.76,0.149807882697));
#6075 = DIRECTION('',(-3.93253311502E-15,1.,2.327711412127E-13));
#6076 = DIRECTION('',(0.,-2.327711412127E-13,1.));
#6077 = ADVANCED_FACE('',(#6078),#6094,.T.);
#6078 = FACE_BOUND('',#6079,.T.);
#6079 = EDGE_LOOP('',(#6080,#6081,#6087,#6088));
#6080 = ORIENTED_EDGE('',*,*,#3019,.F.);
#6081 = ORIENTED_EDGE('',*,*,#6082,.F.);
#6082 = EDGE_CURVE('',#5824,#2988,#6083,.T.);
#6083 = LINE('',#6084,#6085);
#6084 = CARTESIAN_POINT('',(0.156502979915,0.76,0.223083137279));
#6085 = VECTOR('',#6086,1.);
#6086 = DIRECTION('',(-3.761581922631E-31,-1.,-9.429630734102E-47));
#6087 = ORIENTED_EDGE('',*,*,#5823,.T.);
#6088 = ORIENTED_EDGE('',*,*,#6089,.T.);
#6089 = EDGE_CURVE('',#5826,#3020,#6090,.T.);
#6090 = LINE('',#6091,#6092);
#6091 = CARTESIAN_POINT('',(2.276900555589E-02,0.76,1.298698343253E-02)
  );
#6092 = VECTOR('',#6093,1.);
#6093 = DIRECTION('',(-3.761581922631E-31,-1.,-9.429630734102E-47));
#6094 = B_SPLINE_SURFACE_WITH_KNOTS('',3,1,(
    (#6095,#6096)
    ,(#6097,#6098)
    ,(#6099,#6100)
    ,(#6101,#6102)
    ,(#6103,#6104)
    ,(#6105,#6106)
    ,(#6107,#6108)
    ,(#6109,#6110)
    ,(#6111,#6112)
    ,(#6113,#6114)
    ,(#6115,#6116)
    ,(#6117,#6118)
    ,(#6119,#6120)
    ,(#6121,#6122)
    ,(#6123,#6124)
    ,(#6125,#6126)
    ,(#6127,#6128)
    ,(#6129,#6130)
    ,(#6131,#6132)
    ,(#6133,#6134)
    ,(#6135,#6136)
    ,(#6137,#6138)
    ,(#6139,#6140)
    ,(#6141,#6142)
    ,(#6143,#6144)
    ,(#6145,#6146)
    ,(#6147,#6148
    )),.UNSPECIFIED.,.F.,.F.,.F.,(4,1,1,1,1,1,1,1,1,1,1,1,1,1,1,1,1,1,1,
    1,1,1,1,1,4),(2,2),(0.,3.378714634699E-02,6.662165772429E-02,
    9.928487809597E-02,0.131361165043,0.163585187595,0.196103926987,
    0.228902254324,0.262158055905,0.295991222258,0.330217845725,
    0.365059825892,0.40095073734,0.437620382077,0.475707529437,
    0.515380691625,0.556413541493,0.599764829873,0.646424155584,
    0.696431444518,0.749781517802,0.806573306976,0.867435531565,
    0.931886753251,1.),(0.,1.),.UNSPECIFIED.);
#6095 = CARTESIAN_POINT('',(0.156502979915,0.76,0.223083137279));
#6096 = CARTESIAN_POINT('',(0.156502979915,0.75,0.223083137279));
#6097 = CARTESIAN_POINT('',(0.153348224031,0.76,0.223029839512));
#6098 = CARTESIAN_POINT('',(0.153348224031,0.75,0.223029839512));
#6099 = CARTESIAN_POINT('',(0.1471276612,0.76,0.222924746719));
#6100 = CARTESIAN_POINT('',(0.1471276612,0.75,0.222924746719));
#6101 = CARTESIAN_POINT('',(0.13791024115,0.76,0.22183746312));
#6102 = CARTESIAN_POINT('',(0.13791024115,0.75,0.22183746312));
#6103 = CARTESIAN_POINT('',(0.128963676186,0.76,0.22008940561));
#6104 = CARTESIAN_POINT('',(0.128963676186,0.75,0.22008940561));
#6105 = CARTESIAN_POINT('',(0.120243818581,0.76,0.217641793714));
#6106 = CARTESIAN_POINT('',(0.120243818581,0.75,0.217641793714));
#6107 = CARTESIAN_POINT('',(0.111705931143,0.76,0.214645812421));
#6108 = CARTESIAN_POINT('',(0.111705931143,0.75,0.214645812421));
#6109 = CARTESIAN_POINT('',(0.103466355525,0.76,0.210742534295));
#6110 = CARTESIAN_POINT('',(0.103466355525,0.75,0.210742534295));
#6111 = CARTESIAN_POINT('',(9.543347738938E-02,0.76,0.206247212129));
#6112 = CARTESIAN_POINT('',(9.543347738938E-02,0.75,0.206247212129));
#6113 = CARTESIAN_POINT('',(8.762872813017E-02,0.76,0.201127735393));
#6114 = CARTESIAN_POINT('',(8.762872813017E-02,0.75,0.201127735393));
#6115 = CARTESIAN_POINT('',(8.019876686848E-02,0.76,0.195262400178));
#6116 = CARTESIAN_POINT('',(8.019876686848E-02,0.75,0.195262400178));
#6117 = CARTESIAN_POINT('',(7.310178340404E-02,0.76,0.1887750529));
#6118 = CARTESIAN_POINT('',(7.310178340404E-02,0.75,0.1887750529));
#6119 = CARTESIAN_POINT('',(6.651606693581E-02,0.76,0.181503805894));
#6120 = CARTESIAN_POINT('',(6.651606693581E-02,0.75,0.181503805894));
#6121 = CARTESIAN_POINT('',(6.038645600812E-02,0.76,0.173563471825));
#6122 = CARTESIAN_POINT('',(6.038645600812E-02,0.75,0.173563471825));
#6123 = CARTESIAN_POINT('',(5.456084592861E-02,0.76,0.165027101273));
#6124 = CARTESIAN_POINT('',(5.456084592861E-02,0.75,0.165027101273));
#6125 = CARTESIAN_POINT('',(4.920206040641E-02,0.76,0.155778144353));
#6126 = CARTESIAN_POINT('',(4.920206040641E-02,0.75,0.155778144353));
#6127 = CARTESIAN_POINT('',(4.424539137006E-02,0.76,0.145853274583));
#6128 = CARTESIAN_POINT('',(4.424539137006E-02,0.75,0.145853274583));
#6129 = CARTESIAN_POINT('',(3.971470672223E-02,0.76,0.135188370506));
#6130 = CARTESIAN_POINT('',(3.971470672223E-02,0.75,0.135188370506));
#6131 = CARTESIAN_POINT('',(3.569771660624E-02,0.76,0.123627807322));
#6132 = CARTESIAN_POINT('',(3.569771660624E-02,0.75,0.123627807322));
#6133 = CARTESIAN_POINT('',(3.214940710756E-02,0.76,0.111039329779));
#6134 = CARTESIAN_POINT('',(3.214940710756E-02,0.75,0.111039329779));
#6135 = CARTESIAN_POINT('',(2.934778911098E-02,0.76,9.731182850843E-02)
  );
#6136 = CARTESIAN_POINT('',(2.934778911098E-02,0.75,9.731182850843E-02)
  );
#6137 = CARTESIAN_POINT('',(2.694973707294E-02,0.76,8.25555579821E-02));
#6138 = CARTESIAN_POINT('',(2.694973707294E-02,0.75,8.25555579821E-02));
#6139 = CARTESIAN_POINT('',(2.501552186797E-02,0.76,6.670710879515E-02)
  );
#6140 = CARTESIAN_POINT('',(2.501552186797E-02,0.75,6.670710879515E-02)
  );
#6141 = CARTESIAN_POINT('',(2.369502754587E-02,0.76,4.975787700236E-02)
  );
#6142 = CARTESIAN_POINT('',(2.369502754587E-02,0.75,4.975787700236E-02)
  );
#6143 = CARTESIAN_POINT('',(2.287887725606E-02,0.76,3.171842455366E-02)
  );
#6144 = CARTESIAN_POINT('',(2.287887725606E-02,0.75,3.171842455366E-02)
  );
#6145 = CARTESIAN_POINT('',(2.280629777948E-02,0.76,1.934473606033E-02)
  );
#6146 = CARTESIAN_POINT('',(2.280629777948E-02,0.75,1.934473606033E-02)
  );
#6147 = CARTESIAN_POINT('',(2.276900555589E-02,0.76,1.298698343253E-02)
  );
#6148 = CARTESIAN_POINT('',(2.276900555589E-02,0.75,1.298698343253E-02)
  );
#6149 = ADVANCED_FACE('',(#6150),#6161,.T.);
#6150 = FACE_BOUND('',#6151,.T.);
#6151 = EDGE_LOOP('',(#6152,#6153,#6159,#6160));
#6152 = ORIENTED_EDGE('',*,*,#2985,.F.);
#6153 = ORIENTED_EDGE('',*,*,#6154,.F.);
#6154 = EDGE_CURVE('',#5858,#2986,#6155,.T.);
#6155 = LINE('',#6156,#6157);
#6156 = CARTESIAN_POINT('',(0.294563877351,0.76,1.298698343253E-02));
#6157 = VECTOR('',#6158,1.);
#6158 = DIRECTION('',(-3.761581922631E-31,-1.,-9.429630734102E-47));
#6159 = ORIENTED_EDGE('',*,*,#5857,.T.);
#6160 = ORIENTED_EDGE('',*,*,#6082,.T.);
#6161 = B_SPLINE_SURFACE_WITH_KNOTS('',3,1,(
    (#6162,#6163)
    ,(#6164,#6165)
    ,(#6166,#6167)
    ,(#6168,#6169)
    ,(#6170,#6171)
    ,(#6172,#6173)
    ,(#6174,#6175)
    ,(#6176,#6177)
    ,(#6178,#6179)
    ,(#6180,#6181)
    ,(#6182,#6183)
    ,(#6184,#6185)
    ,(#6186,#6187)
    ,(#6188,#6189)
    ,(#6190,#6191)
    ,(#6192,#6193)
    ,(#6194,#6195)
    ,(#6196,#6197)
    ,(#6198,#6199)
    ,(#6200,#6201)
    ,(#6202,#6203)
    ,(#6204,#6205)
    ,(#6206,#6207)
    ,(#6208,#6209)
    ,(#6210,#6211)
    ,(#6212,#6213)
    ,(#6214,#6215
    )),.UNSPECIFIED.,.F.,.F.,.F.,(4,1,1,1,1,1,1,1,1,1,1,1,1,1,1,1,1,1,1,
    1,1,1,1,1,4),(2,2),(0.,6.506328961728E-02,0.126773166467,
    0.185515763226,0.240764679168,0.292979796024,0.34225037278,
    0.388919286186,0.432775664058,0.474628432631,0.514774690638,
    0.553605893498,0.591426406431,0.628028119946,0.66380363411,
    0.698984336132,0.733591489307,0.767628469151,0.801208347787,
    0.834263839727,0.866980694729,0.899719741518,0.932701912499,
    0.966175883433,1.),(0.,1.),.UNSPECIFIED.);
#6162 = CARTESIAN_POINT('',(0.294563877351,0.76,1.298698343253E-02));
#6163 = CARTESIAN_POINT('',(0.294563877351,0.75,1.298698343253E-02));
#6164 = CARTESIAN_POINT('',(0.294489410546,0.76,1.910400148292E-02));
#6165 = CARTESIAN_POINT('',(0.294489410546,0.75,1.910400148292E-02));
#6166 = CARTESIAN_POINT('',(0.294344315013,0.76,3.102276169536E-02));
#6167 = CARTESIAN_POINT('',(0.294344315013,0.75,3.102276169536E-02));
#6168 = CARTESIAN_POINT('',(0.293592462811,0.76,4.845487316048E-02));
#6169 = CARTESIAN_POINT('',(0.293592462811,0.75,4.845487316048E-02));
#6170 = CARTESIAN_POINT('',(0.292111476391,0.76,6.49117923946E-02));
#6171 = CARTESIAN_POINT('',(0.292111476391,0.75,6.49117923946E-02));
#6172 = CARTESIAN_POINT('',(0.290258906298,0.76,8.043298810417E-02));
#6173 = CARTESIAN_POINT('',(0.290258906298,0.75,8.043298810417E-02));
#6174 = CARTESIAN_POINT('',(0.287693081958,0.76,9.495385882793E-02));
#6175 = CARTESIAN_POINT('',(0.287693081958,0.75,9.495385882793E-02));
#6176 = CARTESIAN_POINT('',(0.284538205815,0.76,0.108524652939));
#6177 = CARTESIAN_POINT('',(0.284538205815,0.75,0.108524652939));
#6178 = CARTESIAN_POINT('',(0.281035311779,0.76,0.121203975415));
#6179 = CARTESIAN_POINT('',(0.281035311779,0.75,0.121203975415));
#6180 = CARTESIAN_POINT('',(0.276711335309,0.76,0.132887953884));
#6181 = CARTESIAN_POINT('',(0.276711335309,0.75,0.132887953884));
#6182 = CARTESIAN_POINT('',(0.271978682698,0.76,0.143739579355));
#6183 = CARTESIAN_POINT('',(0.271978682698,0.75,0.143739579355));
#6184 = CARTESIAN_POINT('',(0.266829517421,0.76,0.153872967735));
#6185 = CARTESIAN_POINT('',(0.266829517421,0.75,0.153872967735));
#6186 = CARTESIAN_POINT('',(0.261312965868,0.76,0.163377686898));
#6187 = CARTESIAN_POINT('',(0.261312965868,0.75,0.163377686898));
#6188 = CARTESIAN_POINT('',(0.255302823582,0.76,0.172177657976));
#6189 = CARTESIAN_POINT('',(0.255302823582,0.75,0.172177657976));
#6190 = CARTESIAN_POINT('',(0.248896719217,0.76,0.180335218785));
#6191 = CARTESIAN_POINT('',(0.248896719217,0.75,0.180335218785));
#6192 = CARTESIAN_POINT('',(0.241957543354,0.76,0.187706375659));
#6193 = CARTESIAN_POINT('',(0.241957543354,0.75,0.187706375659));
#6194 = CARTESIAN_POINT('',(0.234680905057,0.76,0.194468738169));
#6195 = CARTESIAN_POINT('',(0.234680905057,0.75,0.194468738169));
#6196 = CARTESIAN_POINT('',(0.226976628962,0.76,0.200486067022));
#6197 = CARTESIAN_POINT('',(0.226976628962,0.75,0.200486067022));
#6198 = CARTESIAN_POINT('',(0.218929594535,0.76,0.205752901838));
#6199 = CARTESIAN_POINT('',(0.218929594535,0.75,0.205752901838));
#6200 = CARTESIAN_POINT('',(0.21070570003,0.76,0.210463056168));
#6201 = CARTESIAN_POINT('',(0.21070570003,0.75,0.210463056168));
#6202 = CARTESIAN_POINT('',(0.202159027647,0.76,0.214261078459));
#6203 = CARTESIAN_POINT('',(0.202159027647,0.75,0.214261078459));
#6204 = CARTESIAN_POINT('',(0.193483261621,0.76,0.217522225999));
#6205 = CARTESIAN_POINT('',(0.193483261621,0.75,0.217522225999));
#6206 = CARTESIAN_POINT('',(0.184554305493,0.76,0.220013706215));
#6207 = CARTESIAN_POINT('',(0.184554305493,0.75,0.220013706215));
#6208 = CARTESIAN_POINT('',(0.175383289415,0.76,0.22173643256));
#6209 = CARTESIAN_POINT('',(0.175383289415,0.75,0.22173643256));
#6210 = CARTESIAN_POINT('',(0.166016862451,0.76,0.222944643812));
#6211 = CARTESIAN_POINT('',(0.166016862451,0.75,0.222944643812));
#6212 = CARTESIAN_POINT('',(0.159685255013,0.76,0.223036812941));
#6213 = CARTESIAN_POINT('',(0.159685255013,0.75,0.223036812941));
#6214 = CARTESIAN_POINT('',(0.156502979915,0.76,0.223083137279));
#6215 = CARTESIAN_POINT('',(0.156502979915,0.75,0.223083137279));
#6216 = ADVANCED_FACE('',(#6217),#6228,.T.);
#6217 = FACE_BOUND('',#6218,.T.);
#6218 = EDGE_LOOP('',(#6219,#6220,#6226,#6227));
#6219 = ORIENTED_EDGE('',*,*,#3083,.F.);
#6220 = ORIENTED_EDGE('',*,*,#6221,.F.);
#6221 = EDGE_CURVE('',#5890,#3052,#6222,.T.);
#6222 = LINE('',#6223,#6224);
#6223 = CARTESIAN_POINT('',(0.156502979915,0.76,-0.197429683234));
#6224 = VECTOR('',#6225,1.);
#6225 = DIRECTION('',(-3.761581922631E-31,-1.,-9.429630734102E-47));
#6226 = ORIENTED_EDGE('',*,*,#5889,.T.);
#6227 = ORIENTED_EDGE('',*,*,#6154,.T.);
#6228 = B_SPLINE_SURFACE_WITH_KNOTS('',3,1,(
    (#6229,#6230)
    ,(#6231,#6232)
    ,(#6233,#6234)
    ,(#6235,#6236)
    ,(#6237,#6238)
    ,(#6239,#6240)
    ,(#6241,#6242)
    ,(#6243,#6244)
    ,(#6245,#6246)
    ,(#6247,#6248)
    ,(#6249,#6250)
    ,(#6251,#6252)
    ,(#6253,#6254)
    ,(#6255,#6256)
    ,(#6257,#6258)
    ,(#6259,#6260)
    ,(#6261,#6262)
    ,(#6263,#6264)
    ,(#6265,#6266)
    ,(#6267,#6268)
    ,(#6269,#6270)
    ,(#6271,#6272)
    ,(#6273,#6274)
    ,(#6275,#6276)
    ,(#6277,#6278)
    ,(#6279,#6280)
    ,(#6281,#6282
    )),.UNSPECIFIED.,.F.,.F.,.F.,(4,1,1,1,1,1,1,1,1,1,1,1,1,1,1,1,1,1,1,
    1,1,1,1,1,4),(2,2),(0.,3.378811616271E-02,6.719393237388E-02,
    9.986241085683E-02,0.132566612126,0.165151173255,0.197913187356,
    0.231319003567,0.265083278267,0.299255308758,0.334398566505,
    0.369942823509,0.4062835607,0.444063819699,0.482997706873,
    0.523354446613,0.565536589604,0.609612924066,0.656390811376,
    0.705885494936,0.758324500262,0.813831782941,0.872794559039,
    0.93472222954,1.),(0.,1.),.UNSPECIFIED.);
#6229 = CARTESIAN_POINT('',(0.156502979915,0.76,-0.197429683234));
#6230 = CARTESIAN_POINT('',(0.156502979915,0.75,-0.197429683234));
#6231 = CARTESIAN_POINT('',(0.159684177456,0.76,-0.197373932928));
#6232 = CARTESIAN_POINT('',(0.159684177456,0.75,-0.197373932928));
#6233 = CARTESIAN_POINT('',(0.166010578473,0.76,-0.197263063111));
#6234 = CARTESIAN_POINT('',(0.166010578473,0.75,-0.197263063111));
#6235 = CARTESIAN_POINT('',(0.175363764215,0.76,-0.196197469678));
#6236 = CARTESIAN_POINT('',(0.175363764215,0.75,-0.196197469678));
#6237 = CARTESIAN_POINT('',(0.184500870697,0.76,-0.194429341324));
#6238 = CARTESIAN_POINT('',(0.184500870697,0.75,-0.194429341324));
#6239 = CARTESIAN_POINT('',(0.193382943691,0.76,-0.191924087086));
#6240 = CARTESIAN_POINT('',(0.193382943691,0.75,-0.191924087086));
#6241 = CARTESIAN_POINT('',(0.202082942145,0.76,-0.188816009754));
#6242 = CARTESIAN_POINT('',(0.202082942145,0.75,-0.188816009754));
#6243 = CARTESIAN_POINT('',(0.210532817304,0.76,-0.184920339227));
#6244 = CARTESIAN_POINT('',(0.210532817304,0.75,-0.184920339227));
#6245 = CARTESIAN_POINT('',(0.218785055206,0.76,-0.18038561153));
#6246 = CARTESIAN_POINT('',(0.218785055206,0.75,-0.18038561153));
#6247 = CARTESIAN_POINT('',(0.226708516637,0.76,-0.17505716841));
#6248 = CARTESIAN_POINT('',(0.226708516637,0.75,-0.17505716841));
#6249 = CARTESIAN_POINT('',(0.234390186962,0.76,-0.169116336844));
#6250 = CARTESIAN_POINT('',(0.234390186962,0.75,-0.169116336844));
#6251 = CARTESIAN_POINT('',(0.241641382731,0.76,-0.162400603267));
#6252 = CARTESIAN_POINT('',(0.241641382731,0.75,-0.162400603267));
#6253 = CARTESIAN_POINT('',(0.248462763976,0.76,-0.154977778208));
#6254 = CARTESIAN_POINT('',(0.248462763976,0.75,-0.154977778208));
#6255 = CARTESIAN_POINT('',(0.254939941734,0.76,-0.146927279478));
#6256 = CARTESIAN_POINT('',(0.254939941734,0.75,-0.146927279478));
#6257 = CARTESIAN_POINT('',(0.260889152843,0.76,-0.138094698354));
#6258 = CARTESIAN_POINT('',(0.260889152843,0.75,-0.138094698354));
#6259 = CARTESIAN_POINT('',(0.266554687956,0.76,-0.128633657232));
#6260 = CARTESIAN_POINT('',(0.266554687956,0.75,-0.128633657232));
#6261 = CARTESIAN_POINT('',(0.271625777773,0.76,-0.118378701256));
#6262 = CARTESIAN_POINT('',(0.271625777773,0.75,-0.118378701256));
#6263 = CARTESIAN_POINT('',(0.27650974065,0.76,-0.107500933503));
#6264 = CARTESIAN_POINT('',(0.27650974065,0.75,-0.107500933503));
#6265 = CARTESIAN_POINT('',(0.280725396278,0.76,-9.569937249603E-02));
#6266 = CARTESIAN_POINT('',(0.280725396278,0.75,-9.569937249603E-02));
#6267 = CARTESIAN_POINT('',(0.28452725288,0.76,-8.304054272253E-02));
#6268 = CARTESIAN_POINT('',(0.28452725288,0.75,-8.304054272253E-02));
#6269 = CARTESIAN_POINT('',(0.287599135003,0.76,-6.937492136786E-02));
#6270 = CARTESIAN_POINT('',(0.287599135003,0.75,-6.937492136786E-02));
#6271 = CARTESIAN_POINT('',(0.290157908985,0.76,-5.477420761985E-02));
#6272 = CARTESIAN_POINT('',(0.290157908985,0.75,-5.477420761985E-02));
#6273 = CARTESIAN_POINT('',(0.292140182807,0.76,-3.918478096383E-02));
#6274 = CARTESIAN_POINT('',(0.292140182807,0.75,-3.918478096383E-02));
#6275 = CARTESIAN_POINT('',(0.29358391333,0.76,-2.264005919106E-02));
#6276 = CARTESIAN_POINT('',(0.29358391333,0.75,-2.264005919106E-02));
#6277 = CARTESIAN_POINT('',(0.294346551621,0.76,-5.129157403544E-03));
#6278 = CARTESIAN_POINT('',(0.294346551621,0.75,-5.129157403544E-03));
#6279 = CARTESIAN_POINT('',(0.294490174616,0.76,6.843168216703E-03));
#6280 = CARTESIAN_POINT('',(0.294490174616,0.75,6.843168216703E-03));
#6281 = CARTESIAN_POINT('',(0.294563877351,0.76,1.298698343253E-02));
#6282 = CARTESIAN_POINT('',(0.294563877351,0.75,1.298698343253E-02));
#6283 = ADVANCED_FACE('',(#6284),#6290,.T.);
#6284 = FACE_BOUND('',#6285,.T.);
#6285 = EDGE_LOOP('',(#6286,#6287,#6288,#6289));
#6286 = ORIENTED_EDGE('',*,*,#3051,.F.);
#6287 = ORIENTED_EDGE('',*,*,#6089,.F.);
#6288 = ORIENTED_EDGE('',*,*,#5921,.T.);
#6289 = ORIENTED_EDGE('',*,*,#6221,.T.);
#6290 = B_SPLINE_SURFACE_WITH_KNOTS('',3,1,(
    (#6291,#6292)
    ,(#6293,#6294)
    ,(#6295,#6296)
    ,(#6297,#6298)
    ,(#6299,#6300)
    ,(#6301,#6302)
    ,(#6303,#6304)
    ,(#6305,#6306)
    ,(#6307,#6308)
    ,(#6309,#6310)
    ,(#6311,#6312)
    ,(#6313,#6314)
    ,(#6315,#6316)
    ,(#6317,#6318)
    ,(#6319,#6320)
    ,(#6321,#6322)
    ,(#6323,#6324)
    ,(#6325,#6326)
    ,(#6327,#6328)
    ,(#6329,#6330)
    ,(#6331,#6332)
    ,(#6333,#6334)
    ,(#6335,#6336)
    ,(#6337,#6338)
    ,(#6339,#6340)
    ,(#6341,#6342)
    ,(#6343,#6344
    )),.UNSPECIFIED.,.F.,.F.,.F.,(4,1,1,1,1,1,1,1,1,1,1,1,1,1,1,1,1,1,1,
    1,1,1,1,1,4),(2,2),(0.,6.859462225874E-02,0.133246042443,
    0.194312586468,0.251279223117,0.304513439256,0.354234906653,
    0.400480588774,0.443410754938,0.484014868616,0.523252300773,
    0.561042372728,0.597900239364,0.633518488856,0.66831435117,
    0.702495671286,0.736685353513,0.770293169361,0.803437255019,
    0.835912951666,0.868460245789,0.900846538243,0.933466524631,
    0.966257575298,1.),(0.,1.),.UNSPECIFIED.);
#6291 = CARTESIAN_POINT('',(2.276900555589E-02,0.76,1.298698343253E-02)
  );
#6292 = CARTESIAN_POINT('',(2.276900555589E-02,0.75,1.298698343253E-02)
  );
#6293 = CARTESIAN_POINT('',(2.280649334531E-02,0.76,6.57585340576E-03));
#6294 = CARTESIAN_POINT('',(2.280649334531E-02,0.75,6.57585340576E-03));
#6295 = CARTESIAN_POINT('',(2.287931391661E-02,0.76,-5.877859079665E-03)
  );
#6296 = CARTESIAN_POINT('',(2.287931391661E-02,0.75,-5.877859079665E-03)
  );
#6297 = CARTESIAN_POINT('',(2.368941916715E-02,0.76,-2.402467531587E-02)
  );
#6298 = CARTESIAN_POINT('',(2.368941916715E-02,0.75,-2.402467531587E-02)
  );
#6299 = CARTESIAN_POINT('',(2.503517257437E-02,0.76,-4.104870834389E-02)
  );
#6300 = CARTESIAN_POINT('',(2.503517257437E-02,0.75,-4.104870834389E-02)
  );
#6301 = CARTESIAN_POINT('',(2.687944375726E-02,0.76,-5.6950773034E-02));
#6302 = CARTESIAN_POINT('',(2.687944375726E-02,0.75,-5.6950773034E-02));
#6303 = CARTESIAN_POINT('',(2.912378435424E-02,0.76,-7.173497469316E-02)
  );
#6304 = CARTESIAN_POINT('',(2.912378435424E-02,0.75,-7.173497469316E-02)
  );
#6305 = CARTESIAN_POINT('',(3.211983996582E-02,0.76,-8.536180408017E-02)
  );
#6306 = CARTESIAN_POINT('',(3.211983996582E-02,0.75,-8.536180408017E-02)
  );
#6307 = CARTESIAN_POINT('',(3.552701740753E-02,0.76,-9.789433055023E-02)
  );
#6308 = CARTESIAN_POINT('',(3.552701740753E-02,0.75,-9.789433055023E-02)
  );
#6309 = CARTESIAN_POINT('',(3.94758683573E-02,0.76,-0.109373421805));
#6310 = CARTESIAN_POINT('',(3.94758683573E-02,0.75,-0.109373421805));
#6311 = CARTESIAN_POINT('',(4.393161567368E-02,0.76,-0.119953730721));
#6312 = CARTESIAN_POINT('',(4.393161567368E-02,0.75,-0.119953730721));
#6313 = CARTESIAN_POINT('',(4.878124547049E-02,0.76,-0.129830896584));
#6314 = CARTESIAN_POINT('',(4.878124547049E-02,0.75,-0.129830896584));
#6315 = CARTESIAN_POINT('',(5.421722197604E-02,0.76,-0.138989974565));
#6316 = CARTESIAN_POINT('',(5.421722197604E-02,0.75,-0.138989974565));
#6317 = CARTESIAN_POINT('',(5.992886916771E-02,0.76,-0.147577150613));
#6318 = CARTESIAN_POINT('',(5.992886916771E-02,0.75,-0.147577150613));
#6319 = CARTESIAN_POINT('',(6.614739163946E-02,0.76,-0.15545185859));
#6320 = CARTESIAN_POINT('',(6.614739163946E-02,0.75,-0.15545185859));
#6321 = CARTESIAN_POINT('',(7.269582483572E-02,0.76,-0.162725305735));
#6322 = CARTESIAN_POINT('',(7.269582483572E-02,0.75,-0.162725305735));
#6323 = CARTESIAN_POINT('',(7.982975355196E-02,0.76,-0.169229391502));
#6324 = CARTESIAN_POINT('',(7.982975355196E-02,0.75,-0.169229391502));
#6325 = CARTESIAN_POINT('',(8.730666878321E-02,0.76,-0.175154683203));
#6326 = CARTESIAN_POINT('',(8.730666878321E-02,0.75,-0.175154683203));
#6327 = CARTESIAN_POINT('',(9.519426471369E-02,0.76,-0.180348908537));
#6328 = CARTESIAN_POINT('',(9.519426471369E-02,0.75,-0.180348908537));
#6329 = CARTESIAN_POINT('',(0.103267712273,0.76,-0.184924078664));
#6330 = CARTESIAN_POINT('',(0.103267712273,0.75,-0.184924078664));
#6331 = CARTESIAN_POINT('',(0.111582581514,0.76,-0.188832634922));
#6332 = CARTESIAN_POINT('',(0.111582581514,0.75,-0.188832634922));
#6333 = CARTESIAN_POINT('',(0.120161573845,0.76,-0.191905827592));
#6334 = CARTESIAN_POINT('',(0.120161573845,0.75,-0.191905827592));
#6335 = CARTESIAN_POINT('',(0.128927580461,0.76,-0.19444421008));
#6336 = CARTESIAN_POINT('',(0.128927580461,0.75,-0.19444421008));
#6337 = CARTESIAN_POINT('',(0.137911245225,0.76,-0.196180089811));
#6338 = CARTESIAN_POINT('',(0.137911245225,0.75,-0.196180089811));
#6339 = CARTESIAN_POINT('',(0.147127401104,0.76,-0.197272307925));
#6340 = CARTESIAN_POINT('',(0.147127401104,0.75,-0.197272307925));
#6341 = CARTESIAN_POINT('',(0.153348136509,0.76,-0.197376727095));
#6342 = CARTESIAN_POINT('',(0.153348136509,0.75,-0.197376727095));
#6343 = CARTESIAN_POINT('',(0.156502979915,0.76,-0.197429683234));
#6344 = CARTESIAN_POINT('',(0.156502979915,0.75,-0.197429683234));
#6345 = ADVANCED_FACE('',(#6346),#6391,.T.);
#6346 = FACE_BOUND('',#6347,.T.);
#6347 = EDGE_LOOP('',(#6348,#6378,#6384,#6385));
#6348 = ORIENTED_EDGE('',*,*,#6349,.F.);
#6349 = EDGE_CURVE('',#6350,#6352,#6354,.T.);
#6350 = VERTEX_POINT('',#6351);
#6351 = CARTESIAN_POINT('',(0.157704902992,0.75,-0.156404042208));
#6352 = VERTEX_POINT('',#6353);
#6353 = CARTESIAN_POINT('',(5.866644145332E-02,0.75,1.282672702227E-02)
  );
#6354 = B_SPLINE_CURVE_WITH_KNOTS('',3,(#6355,#6356,#6357,#6358,#6359,
    #6360,#6361,#6362,#6363,#6364,#6365,#6366,#6367,#6368,#6369,#6370,
    #6371,#6372,#6373,#6374,#6375,#6376,#6377),.UNSPECIFIED.,.F.,.F.,(4,
    1,1,1,1,1,1,1,1,1,1,1,1,1,1,1,1,1,1,1,4),(0.,6.038661931106E-02,
    0.120883248586,0.182754618625,0.247811029758,0.281299100043,
    0.315087624151,0.34970239555,0.384856581119,0.420966197226,
    0.458511188261,0.497174722127,0.537602047866,0.58050301842,
    0.627467540027,0.678388209559,0.733983220593,0.793746704551,
    0.857713672161,0.926697864361,1.),.UNSPECIFIED.);
#6355 = CARTESIAN_POINT('',(0.157704902992,0.75,-0.156404042208));
#6356 = CARTESIAN_POINT('',(0.153280835325,0.75,-0.156171876877));
#6357 = CARTESIAN_POINT('',(0.144424640398,0.75,-0.155707123265));
#6358 = CARTESIAN_POINT('',(0.131344874144,0.75,-0.152427894284));
#6359 = CARTESIAN_POINT('',(0.118807233956,0.75,-0.146712126748));
#6360 = CARTESIAN_POINT('',(0.108836608279,0.75,-0.140431855609));
#6361 = CARTESIAN_POINT('',(0.101195032678,0.75,-0.134450334301));
#6362 = CARTESIAN_POINT('',(9.581415343473E-02,0.75,-0.12926331098));
#6363 = CARTESIAN_POINT('',(9.076887660985E-02,0.75,-0.123589453339));
#6364 = CARTESIAN_POINT('',(8.612113945127E-02,0.75,-0.117372091642));
#6365 = CARTESIAN_POINT('',(8.176807851501E-02,0.75,-0.110690335376));
#6366 = CARTESIAN_POINT('',(7.777024850636E-02,0.75,-0.103491619408));
#6367 = CARTESIAN_POINT('',(7.416826797195E-02,0.75,-9.573946349641E-02)
  );
#6368 = CARTESIAN_POINT('',(7.084432097993E-02,0.75,-8.744044230566E-02)
  );
#6369 = CARTESIAN_POINT('',(6.792171663408E-02,0.75,-7.834547722731E-02)
  );
#6370 = CARTESIAN_POINT('',(6.551097797922E-02,0.75,-6.831473510234E-02)
  );
#6371 = CARTESIAN_POINT('',(6.328388619409E-02,0.75,-5.729051889787E-02)
  );
#6372 = CARTESIAN_POINT('',(6.170728403403E-02,0.75,-4.520828941842E-02)
  );
#6373 = CARTESIAN_POINT('',(6.030571194697E-02,0.75,-3.21474718905E-02)
  );
#6374 = CARTESIAN_POINT('',(5.940498646672E-02,0.75,-1.805863552144E-02)
  );
#6375 = CARTESIAN_POINT('',(5.870427132738E-02,0.75,-2.965563475453E-03)
  );
#6376 = CARTESIAN_POINT('',(5.867930397163E-02,0.75,7.457197496278E-03)
  );
#6377 = CARTESIAN_POINT('',(5.866644145332E-02,0.75,1.282672702227E-02)
  );
#6378 = ORIENTED_EDGE('',*,*,#6379,.F.);
#6379 = EDGE_CURVE('',#5984,#6350,#6380,.T.);
#6380 = LINE('',#6381,#6382);
#6381 = CARTESIAN_POINT('',(0.157704902992,0.76,-0.156404042208));
#6382 = VECTOR('',#6383,1.);
#6383 = DIRECTION('',(-3.761581922631E-31,-1.,-9.429630734102E-47));
#6384 = ORIENTED_EDGE('',*,*,#5983,.T.);
#6385 = ORIENTED_EDGE('',*,*,#6386,.T.);
#6386 = EDGE_CURVE('',#5954,#6352,#6387,.T.);
#6387 = LINE('',#6388,#6389);
#6388 = CARTESIAN_POINT('',(5.866644145332E-02,0.76,1.282672702227E-02)
  );
#6389 = VECTOR('',#6390,1.);
#6390 = DIRECTION('',(-3.761581922631E-31,-1.,-9.429630734102E-47));
#6391 = B_SPLINE_SURFACE_WITH_KNOTS('',3,1,(
    (#6392,#6393)
    ,(#6394,#6395)
    ,(#6396,#6397)
    ,(#6398,#6399)
    ,(#6400,#6401)
    ,(#6402,#6403)
    ,(#6404,#6405)
    ,(#6406,#6407)
    ,(#6408,#6409)
    ,(#6410,#6411)
    ,(#6412,#6413)
    ,(#6414,#6415)
    ,(#6416,#6417)
    ,(#6418,#6419)
    ,(#6420,#6421)
    ,(#6422,#6423)
    ,(#6424,#6425)
    ,(#6426,#6427)
    ,(#6428,#6429)
    ,(#6430,#6431)
    ,(#6432,#6433)
    ,(#6434,#6435)
    ,(#6436,#6437
    )),.UNSPECIFIED.,.F.,.F.,.F.,(4,1,1,1,1,1,1,1,1,1,1,1,1,1,1,1,1,1,1,
    1,4),(2,2),(0.,6.038661931106E-02,0.120883248586,0.182754618625,
    0.247811029758,0.281299100043,0.315087624151,0.34970239555,
    0.384856581119,0.420966197226,0.458511188261,0.497174722127,
    0.537602047866,0.58050301842,0.627467540027,0.678388209559,
    0.733983220593,0.793746704551,0.857713672161,0.926697864361,1.),(0.,
    1.),.UNSPECIFIED.);
#6392 = CARTESIAN_POINT('',(0.157704902992,0.76,-0.156404042208));
#6393 = CARTESIAN_POINT('',(0.157704902992,0.75,-0.156404042208));
#6394 = CARTESIAN_POINT('',(0.153280835325,0.76,-0.156171876877));
#6395 = CARTESIAN_POINT('',(0.153280835325,0.75,-0.156171876877));
#6396 = CARTESIAN_POINT('',(0.144424640398,0.76,-0.155707123265));
#6397 = CARTESIAN_POINT('',(0.144424640398,0.75,-0.155707123265));
#6398 = CARTESIAN_POINT('',(0.131344874144,0.76,-0.152427894284));
#6399 = CARTESIAN_POINT('',(0.131344874144,0.75,-0.152427894284));
#6400 = CARTESIAN_POINT('',(0.118807233956,0.76,-0.146712126748));
#6401 = CARTESIAN_POINT('',(0.118807233956,0.75,-0.146712126748));
#6402 = CARTESIAN_POINT('',(0.108836608279,0.76,-0.140431855609));
#6403 = CARTESIAN_POINT('',(0.108836608279,0.75,-0.140431855609));
#6404 = CARTESIAN_POINT('',(0.101195032678,0.76,-0.134450334301));
#6405 = CARTESIAN_POINT('',(0.101195032678,0.75,-0.134450334301));
#6406 = CARTESIAN_POINT('',(9.581415343473E-02,0.76,-0.12926331098));
#6407 = CARTESIAN_POINT('',(9.581415343473E-02,0.75,-0.12926331098));
#6408 = CARTESIAN_POINT('',(9.076887660985E-02,0.76,-0.123589453339));
#6409 = CARTESIAN_POINT('',(9.076887660985E-02,0.75,-0.123589453339));
#6410 = CARTESIAN_POINT('',(8.612113945127E-02,0.76,-0.117372091642));
#6411 = CARTESIAN_POINT('',(8.612113945127E-02,0.75,-0.117372091642));
#6412 = CARTESIAN_POINT('',(8.176807851501E-02,0.76,-0.110690335376));
#6413 = CARTESIAN_POINT('',(8.176807851501E-02,0.75,-0.110690335376));
#6414 = CARTESIAN_POINT('',(7.777024850636E-02,0.76,-0.103491619408));
#6415 = CARTESIAN_POINT('',(7.777024850636E-02,0.75,-0.103491619408));
#6416 = CARTESIAN_POINT('',(7.416826797195E-02,0.76,-9.573946349641E-02)
  );
#6417 = CARTESIAN_POINT('',(7.416826797195E-02,0.75,-9.573946349641E-02)
  );
#6418 = CARTESIAN_POINT('',(7.084432097993E-02,0.76,-8.744044230566E-02)
  );
#6419 = CARTESIAN_POINT('',(7.084432097993E-02,0.75,-8.744044230566E-02)
  );
#6420 = CARTESIAN_POINT('',(6.792171663408E-02,0.76,-7.834547722731E-02)
  );
#6421 = CARTESIAN_POINT('',(6.792171663408E-02,0.75,-7.834547722731E-02)
  );
#6422 = CARTESIAN_POINT('',(6.551097797922E-02,0.76,-6.831473510234E-02)
  );
#6423 = CARTESIAN_POINT('',(6.551097797922E-02,0.75,-6.831473510234E-02)
  );
#6424 = CARTESIAN_POINT('',(6.328388619409E-02,0.76,-5.729051889787E-02)
  );
#6425 = CARTESIAN_POINT('',(6.328388619409E-02,0.75,-5.729051889787E-02)
  );
#6426 = CARTESIAN_POINT('',(6.170728403403E-02,0.76,-4.520828941842E-02)
  );
#6427 = CARTESIAN_POINT('',(6.170728403403E-02,0.75,-4.520828941842E-02)
  );
#6428 = CARTESIAN_POINT('',(6.030571194697E-02,0.76,-3.21474718905E-02)
  );
#6429 = CARTESIAN_POINT('',(6.030571194697E-02,0.75,-3.21474718905E-02)
  );
#6430 = CARTESIAN_POINT('',(5.940498646672E-02,0.76,-1.805863552144E-02)
  );
#6431 = CARTESIAN_POINT('',(5.940498646672E-02,0.75,-1.805863552144E-02)
  );
#6432 = CARTESIAN_POINT('',(5.870427132738E-02,0.76,-2.965563475453E-03)
  );
#6433 = CARTESIAN_POINT('',(5.870427132738E-02,0.75,-2.965563475453E-03)
  );
#6434 = CARTESIAN_POINT('',(5.867930397163E-02,0.76,7.457197496278E-03)
  );
#6435 = CARTESIAN_POINT('',(5.867930397163E-02,0.75,7.457197496278E-03)
  );
#6436 = CARTESIAN_POINT('',(5.866644145332E-02,0.76,1.282672702227E-02)
  );
#6437 = CARTESIAN_POINT('',(5.866644145332E-02,0.75,1.282672702227E-02)
  );
#6438 = ADVANCED_FACE('',(#6439),#6477,.T.);
#6439 = FACE_BOUND('',#6440,.T.);
#6440 = EDGE_LOOP('',(#6441,#6469,#6470,#6471));
#6441 = ORIENTED_EDGE('',*,*,#6442,.F.);
#6442 = EDGE_CURVE('',#6352,#6443,#6445,.T.);
#6443 = VERTEX_POINT('',#6444);
#6444 = CARTESIAN_POINT('',(0.157704902992,0.75,0.182057496253));
#6445 = B_SPLINE_CURVE_WITH_KNOTS('',3,(#6446,#6447,#6448,#6449,#6450,
    #6451,#6452,#6453,#6454,#6455,#6456,#6457,#6458,#6459,#6460,#6461,
    #6462,#6463,#6464,#6465,#6466,#6467,#6468),.UNSPECIFIED.,.F.,.F.,(4,
    1,1,1,1,1,1,1,1,1,1,1,1,1,1,1,1,1,1,1,4),(0.,7.295106587587E-02,
    0.141583694187,0.205926460171,0.265301357185,0.320597232714,
    0.371816503099,0.418789769709,0.461698728616,0.502133582104,
    0.540804315293,0.578180525328,0.614296865208,0.649678243265,
    0.68429946009,0.718358952772,0.752080864648,0.817652438602,
    0.879722076405,0.939965559731,1.),.UNSPECIFIED.);
#6446 = CARTESIAN_POINT('',(5.866644145332E-02,0.75,1.282672702227E-02)
  );
#6447 = CARTESIAN_POINT('',(5.868009254675E-02,0.75,1.8169435457E-02));
#6448 = CARTESIAN_POINT('',(5.870658663857E-02,0.75,2.853858343405E-02)
  );
#6449 = CARTESIAN_POINT('',(5.939872384739E-02,0.75,4.360638468844E-02)
  );
#6450 = CARTESIAN_POINT('',(6.034160750448E-02,0.75,5.766013655326E-02)
  );
#6451 = CARTESIAN_POINT('',(6.155775575421E-02,0.75,7.071768357785E-02)
  );
#6452 = CARTESIAN_POINT('',(6.336380701433E-02,0.75,8.273482786468E-02)
  );
#6453 = CARTESIAN_POINT('',(6.538743990778E-02,0.75,9.379422021498E-02)
  );
#6454 = CARTESIAN_POINT('',(6.78500787214E-02,0.75,0.103837333028));
#6455 = CARTESIAN_POINT('',(7.076379504906E-02,0.75,0.112933082823));
#6456 = CARTESIAN_POINT('',(7.408254897974E-02,0.75,0.121235833508));
#6457 = CARTESIAN_POINT('',(7.770607625632E-02,0.75,0.128961686665));
#6458 = CARTESIAN_POINT('',(8.159873030259E-02,0.75,0.136201907972));
#6459 = CARTESIAN_POINT('',(8.595520465151E-02,0.75,0.142891463215));
#6460 = CARTESIAN_POINT('',(9.069978330625E-02,0.75,0.149052167681));
#6461 = CARTESIAN_POINT('',(9.572529863625E-02,0.75,0.154793062803));
#6462 = CARTESIAN_POINT('',(0.101219308264,0.75,0.159912717813));
#6463 = CARTESIAN_POINT('',(0.108819735983,0.75,0.166052929816));
#6464 = CARTESIAN_POINT('',(0.118853618775,0.75,0.172397973671));
#6465 = CARTESIAN_POINT('',(0.131495956516,0.75,0.17792324108));
#6466 = CARTESIAN_POINT('',(0.144486636628,0.75,0.181395521816));
#6467 = CARTESIAN_POINT('',(0.153303922352,0.75,0.181837093925));
#6468 = CARTESIAN_POINT('',(0.157704902992,0.75,0.182057496253));
#6469 = ORIENTED_EDGE('',*,*,#6386,.F.);
#6470 = ORIENTED_EDGE('',*,*,#5953,.T.);
#6471 = ORIENTED_EDGE('',*,*,#6472,.T.);
#6472 = EDGE_CURVE('',#5956,#6443,#6473,.T.);
#6473 = LINE('',#6474,#6475);
#6474 = CARTESIAN_POINT('',(0.157704902992,0.76,0.182057496253));
#6475 = VECTOR('',#6476,1.);
#6476 = DIRECTION('',(-3.761581922631E-31,-1.,-9.429630734102E-47));
#6477 = B_SPLINE_SURFACE_WITH_KNOTS('',3,1,(
    (#6478,#6479)
    ,(#6480,#6481)
    ,(#6482,#6483)
    ,(#6484,#6485)
    ,(#6486,#6487)
    ,(#6488,#6489)
    ,(#6490,#6491)
    ,(#6492,#6493)
    ,(#6494,#6495)
    ,(#6496,#6497)
    ,(#6498,#6499)
    ,(#6500,#6501)
    ,(#6502,#6503)
    ,(#6504,#6505)
    ,(#6506,#6507)
    ,(#6508,#6509)
    ,(#6510,#6511)
    ,(#6512,#6513)
    ,(#6514,#6515)
    ,(#6516,#6517)
    ,(#6518,#6519)
    ,(#6520,#6521)
    ,(#6522,#6523
    )),.UNSPECIFIED.,.F.,.F.,.F.,(4,1,1,1,1,1,1,1,1,1,1,1,1,1,1,1,1,1,1,
    1,4),(2,2),(0.,7.295106587587E-02,0.141583694187,0.205926460171,
    0.265301357185,0.320597232714,0.371816503099,0.418789769709,
    0.461698728616,0.502133582104,0.540804315293,0.578180525328,
    0.614296865208,0.649678243265,0.68429946009,0.718358952772,
    0.752080864648,0.817652438602,0.879722076405,0.939965559731,1.),(0.,
    1.),.UNSPECIFIED.);
#6478 = CARTESIAN_POINT('',(5.866644145332E-02,0.76,1.282672702227E-02)
  );
#6479 = CARTESIAN_POINT('',(5.866644145332E-02,0.75,1.282672702227E-02)
  );
#6480 = CARTESIAN_POINT('',(5.868009254675E-02,0.76,1.8169435457E-02));
#6481 = CARTESIAN_POINT('',(5.868009254675E-02,0.75,1.8169435457E-02));
#6482 = CARTESIAN_POINT('',(5.870658663857E-02,0.76,2.853858343405E-02)
  );
#6483 = CARTESIAN_POINT('',(5.870658663857E-02,0.75,2.853858343405E-02)
  );
#6484 = CARTESIAN_POINT('',(5.939872384739E-02,0.76,4.360638468844E-02)
  );
#6485 = CARTESIAN_POINT('',(5.939872384739E-02,0.75,4.360638468844E-02)
  );
#6486 = CARTESIAN_POINT('',(6.034160750448E-02,0.76,5.766013655326E-02)
  );
#6487 = CARTESIAN_POINT('',(6.034160750448E-02,0.75,5.766013655326E-02)
  );
#6488 = CARTESIAN_POINT('',(6.155775575421E-02,0.76,7.071768357785E-02)
  );
#6489 = CARTESIAN_POINT('',(6.155775575421E-02,0.75,7.071768357785E-02)
  );
#6490 = CARTESIAN_POINT('',(6.336380701433E-02,0.76,8.273482786468E-02)
  );
#6491 = CARTESIAN_POINT('',(6.336380701433E-02,0.75,8.273482786468E-02)
  );
#6492 = CARTESIAN_POINT('',(6.538743990778E-02,0.76,9.379422021498E-02)
  );
#6493 = CARTESIAN_POINT('',(6.538743990778E-02,0.75,9.379422021498E-02)
  );
#6494 = CARTESIAN_POINT('',(6.78500787214E-02,0.76,0.103837333028));
#6495 = CARTESIAN_POINT('',(6.78500787214E-02,0.75,0.103837333028));
#6496 = CARTESIAN_POINT('',(7.076379504906E-02,0.76,0.112933082823));
#6497 = CARTESIAN_POINT('',(7.076379504906E-02,0.75,0.112933082823));
#6498 = CARTESIAN_POINT('',(7.408254897974E-02,0.76,0.121235833508));
#6499 = CARTESIAN_POINT('',(7.408254897974E-02,0.75,0.121235833508));
#6500 = CARTESIAN_POINT('',(7.770607625632E-02,0.76,0.128961686665));
#6501 = CARTESIAN_POINT('',(7.770607625632E-02,0.75,0.128961686665));
#6502 = CARTESIAN_POINT('',(8.159873030259E-02,0.76,0.136201907972));
#6503 = CARTESIAN_POINT('',(8.159873030259E-02,0.75,0.136201907972));
#6504 = CARTESIAN_POINT('',(8.595520465151E-02,0.76,0.142891463215));
#6505 = CARTESIAN_POINT('',(8.595520465151E-02,0.75,0.142891463215));
#6506 = CARTESIAN_POINT('',(9.069978330625E-02,0.76,0.149052167681));
#6507 = CARTESIAN_POINT('',(9.069978330625E-02,0.75,0.149052167681));
#6508 = CARTESIAN_POINT('',(9.572529863625E-02,0.76,0.154793062803));
#6509 = CARTESIAN_POINT('',(9.572529863625E-02,0.75,0.154793062803));
#6510 = CARTESIAN_POINT('',(0.101219308264,0.76,0.159912717813));
#6511 = CARTESIAN_POINT('',(0.101219308264,0.75,0.159912717813));
#6512 = CARTESIAN_POINT('',(0.108819735983,0.76,0.166052929816));
#6513 = CARTESIAN_POINT('',(0.108819735983,0.75,0.166052929816));
#6514 = CARTESIAN_POINT('',(0.118853618775,0.76,0.172397973671));
#6515 = CARTESIAN_POINT('',(0.118853618775,0.75,0.172397973671));
#6516 = CARTESIAN_POINT('',(0.131495956516,0.76,0.17792324108));
#6517 = CARTESIAN_POINT('',(0.131495956516,0.75,0.17792324108));
#6518 = CARTESIAN_POINT('',(0.144486636628,0.76,0.181395521816));
#6519 = CARTESIAN_POINT('',(0.144486636628,0.75,0.181395521816));
#6520 = CARTESIAN_POINT('',(0.153303922352,0.76,0.181837093925));
#6521 = CARTESIAN_POINT('',(0.153303922352,0.75,0.181837093925));
#6522 = CARTESIAN_POINT('',(0.157704902992,0.76,0.182057496253));
#6523 = CARTESIAN_POINT('',(0.157704902992,0.75,0.182057496253));
#6524 = ADVANCED_FACE('',(#6525),#6555,.T.);
#6525 = FACE_BOUND('',#6526,.T.);
#6526 = EDGE_LOOP('',(#6527,#6547,#6548,#6549));
#6527 = ORIENTED_EDGE('',*,*,#6528,.F.);
#6528 = EDGE_CURVE('',#6443,#6529,#6531,.T.);
#6529 = VERTEX_POINT('',#6530);
#6530 = CARTESIAN_POINT('',(0.243522210684,0.75,0.113387624458));
#6531 = B_SPLINE_CURVE_WITH_KNOTS('',3,(#6532,#6533,#6534,#6535,#6536,
    #6537,#6538,#6539,#6540,#6541,#6542,#6543,#6544,#6545,#6546),
  .UNSPECIFIED.,.F.,.F.,(4,1,1,1,1,1,1,1,1,1,1,1,4),(0.,0.112813400744,
    0.225393883921,0.339594814563,0.459675410225,0.521735190088,
    0.583925838739,0.648174144765,0.713881038113,0.781004454907,
    0.851450927557,0.924050692664,1.),.UNSPECIFIED.);
#6532 = CARTESIAN_POINT('',(0.157704902992,0.75,0.182057496253));
#6533 = CARTESIAN_POINT('',(0.162134351181,0.75,0.181874892732));
#6534 = CARTESIAN_POINT('',(0.170984102402,0.75,0.181510062697));
#6535 = CARTESIAN_POINT('',(0.18391367899,0.75,0.177990206997));
#6536 = CARTESIAN_POINT('',(0.196465709857,0.75,0.172679402487));
#6537 = CARTESIAN_POINT('',(0.206302503031,0.75,0.166399687582));
#6538 = CARTESIAN_POINT('',(0.213786222289,0.75,0.160419307073));
#6539 = CARTESIAN_POINT('',(0.219148164015,0.75,0.155320490123));
#6540 = CARTESIAN_POINT('',(0.224069540979,0.75,0.149611248145));
#6541 = CARTESIAN_POINT('',(0.228737206676,0.75,0.143451328612));
#6542 = CARTESIAN_POINT('',(0.233018243896,0.75,0.136723044707));
#6543 = CARTESIAN_POINT('',(0.236911173919,0.75,0.129458750391));
#6544 = CARTESIAN_POINT('',(0.240463556495,0.75,0.121638272915));
#6545 = CARTESIAN_POINT('',(0.242487447461,0.75,0.116178874159));
#6546 = CARTESIAN_POINT('',(0.243522210684,0.75,0.113387624458));
#6547 = ORIENTED_EDGE('',*,*,#6472,.F.);
#6548 = ORIENTED_EDGE('',*,*,#6055,.T.);
#6549 = ORIENTED_EDGE('',*,*,#6550,.T.);
#6550 = EDGE_CURVE('',#6040,#6529,#6551,.T.);
#6551 = LINE('',#6552,#6553);
#6552 = CARTESIAN_POINT('',(0.243522210684,0.76,0.113387624458));
#6553 = VECTOR('',#6554,1.);
#6554 = DIRECTION('',(-3.761581922631E-31,-1.,-9.429630734102E-47));
#6555 = B_SPLINE_SURFACE_WITH_KNOTS('',3,1,(
    (#6556,#6557)
    ,(#6558,#6559)
    ,(#6560,#6561)
    ,(#6562,#6563)
    ,(#6564,#6565)
    ,(#6566,#6567)
    ,(#6568,#6569)
    ,(#6570,#6571)
    ,(#6572,#6573)
    ,(#6574,#6575)
    ,(#6576,#6577)
    ,(#6578,#6579)
    ,(#6580,#6581)
    ,(#6582,#6583)
    ,(#6584,#6585
    )),.UNSPECIFIED.,.F.,.F.,.F.,(4,1,1,1,1,1,1,1,1,1,1,1,4),(2,2),(0.,
    0.112813400744,0.225393883921,0.339594814563,0.459675410225,
    0.521735190088,0.583925838739,0.648174144765,0.713881038113,
    0.781004454907,0.851450927557,0.924050692664,1.),(0.,1.),
  .UNSPECIFIED.);
#6556 = CARTESIAN_POINT('',(0.157704902992,0.76,0.182057496253));
#6557 = CARTESIAN_POINT('',(0.157704902992,0.75,0.182057496253));
#6558 = CARTESIAN_POINT('',(0.162134351181,0.76,0.181874892732));
#6559 = CARTESIAN_POINT('',(0.162134351181,0.75,0.181874892732));
#6560 = CARTESIAN_POINT('',(0.170984102402,0.76,0.181510062697));
#6561 = CARTESIAN_POINT('',(0.170984102402,0.75,0.181510062697));
#6562 = CARTESIAN_POINT('',(0.18391367899,0.76,0.177990206997));
#6563 = CARTESIAN_POINT('',(0.18391367899,0.75,0.177990206997));
#6564 = CARTESIAN_POINT('',(0.196465709857,0.76,0.172679402487));
#6565 = CARTESIAN_POINT('',(0.196465709857,0.75,0.172679402487));
#6566 = CARTESIAN_POINT('',(0.206302503031,0.76,0.166399687582));
#6567 = CARTESIAN_POINT('',(0.206302503031,0.75,0.166399687582));
#6568 = CARTESIAN_POINT('',(0.213786222289,0.76,0.160419307073));
#6569 = CARTESIAN_POINT('',(0.213786222289,0.75,0.160419307073));
#6570 = CARTESIAN_POINT('',(0.219148164015,0.76,0.155320490123));
#6571 = CARTESIAN_POINT('',(0.219148164015,0.75,0.155320490123));
#6572 = CARTESIAN_POINT('',(0.224069540979,0.76,0.149611248145));
#6573 = CARTESIAN_POINT('',(0.224069540979,0.75,0.149611248145));
#6574 = CARTESIAN_POINT('',(0.228737206676,0.76,0.143451328612));
#6575 = CARTESIAN_POINT('',(0.228737206676,0.75,0.143451328612));
#6576 = CARTESIAN_POINT('',(0.233018243896,0.76,0.136723044707));
#6577 = CARTESIAN_POINT('',(0.233018243896,0.75,0.136723044707));
#6578 = CARTESIAN_POINT('',(0.236911173919,0.76,0.129458750391));
#6579 = CARTESIAN_POINT('',(0.236911173919,0.75,0.129458750391));
#6580 = CARTESIAN_POINT('',(0.240463556495,0.76,0.121638272915));
#6581 = CARTESIAN_POINT('',(0.240463556495,0.75,0.121638272915));
#6582 = CARTESIAN_POINT('',(0.242487447461,0.76,0.116178874159));
#6583 = CARTESIAN_POINT('',(0.242487447461,0.75,0.116178874159));
#6584 = CARTESIAN_POINT('',(0.243522210684,0.76,0.113387624458));
#6585 = CARTESIAN_POINT('',(0.243522210684,0.75,0.113387624458));
#6586 = ADVANCED_FACE('',(#6587),#6613,.T.);
#6587 = FACE_BOUND('',#6588,.T.);
#6588 = EDGE_LOOP('',(#6589,#6605,#6606,#6607));
#6589 = ORIENTED_EDGE('',*,*,#6590,.F.);
#6590 = EDGE_CURVE('',#6529,#6591,#6593,.T.);
#6591 = VERTEX_POINT('',#6592);
#6592 = CARTESIAN_POINT('',(0.258666441453,0.75,1.282672702227E-02));
#6593 = B_SPLINE_CURVE_WITH_KNOTS('',3,(#6594,#6595,#6596,#6597,#6598,
    #6599,#6600,#6601,#6602,#6603,#6604),.UNSPECIFIED.,.F.,.F.,(4,1,1,1,
    1,1,1,1,4),(0.,0.110588338595,0.224541754054,0.34250349405,
    0.464324098417,0.590756032702,0.722227475356,0.858842836209,1.),
  .UNSPECIFIED.);
#6594 = CARTESIAN_POINT('',(0.243522210684,0.75,0.113387624458));
#6595 = CARTESIAN_POINT('',(0.244728127003,0.75,0.109818511376));
#6596 = CARTESIAN_POINT('',(0.247176654299,0.75,0.102571681177));
#6597 = CARTESIAN_POINT('',(0.250332285644,0.75,9.133012093928E-02));
#6598 = CARTESIAN_POINT('',(0.252817474124,0.75,7.953551934638E-02));
#6599 = CARTESIAN_POINT('',(0.255053287353,0.75,6.725836314998E-02));
#6600 = CARTESIAN_POINT('',(0.256579350884,0.75,5.440811160587E-02));
#6601 = CARTESIAN_POINT('',(0.257807672402,0.75,4.102452487264E-02));
#6602 = CARTESIAN_POINT('',(0.258531179481,0.75,2.709751204573E-02));
#6603 = CARTESIAN_POINT('',(0.258620865317,0.75,1.763522733771E-02));
#6604 = CARTESIAN_POINT('',(0.258666441453,0.75,1.282672702227E-02));
#6605 = ORIENTED_EDGE('',*,*,#6550,.F.);
#6606 = ORIENTED_EDGE('',*,*,#6039,.T.);
#6607 = ORIENTED_EDGE('',*,*,#6608,.T.);
#6608 = EDGE_CURVE('',#6012,#6591,#6609,.T.);
#6609 = LINE('',#6610,#6611);
#6610 = CARTESIAN_POINT('',(0.258666441453,0.76,1.282672702227E-02));
#6611 = VECTOR('',#6612,1.);
#6612 = DIRECTION('',(-3.761581922631E-31,-1.,-9.429630734102E-47));
#6613 = B_SPLINE_SURFACE_WITH_KNOTS('',3,1,(
    (#6614,#6615)
    ,(#6616,#6617)
    ,(#6618,#6619)
    ,(#6620,#6621)
    ,(#6622,#6623)
    ,(#6624,#6625)
    ,(#6626,#6627)
    ,(#6628,#6629)
    ,(#6630,#6631)
    ,(#6632,#6633)
    ,(#6634,#6635
  )),.UNSPECIFIED.,.F.,.F.,.F.,(4,1,1,1,1,1,1,1,4),(2,2),(0.,
    0.110588338595,0.224541754054,0.34250349405,0.464324098417,
    0.590756032702,0.722227475356,0.858842836209,1.),(0.,1.),
  .UNSPECIFIED.);
#6614 = CARTESIAN_POINT('',(0.243522210684,0.76,0.113387624458));
#6615 = CARTESIAN_POINT('',(0.243522210684,0.75,0.113387624458));
#6616 = CARTESIAN_POINT('',(0.244728127003,0.76,0.109818511376));
#6617 = CARTESIAN_POINT('',(0.244728127003,0.75,0.109818511376));
#6618 = CARTESIAN_POINT('',(0.247176654299,0.76,0.102571681177));
#6619 = CARTESIAN_POINT('',(0.247176654299,0.75,0.102571681177));
#6620 = CARTESIAN_POINT('',(0.250332285644,0.76,9.133012093928E-02));
#6621 = CARTESIAN_POINT('',(0.250332285644,0.75,9.133012093928E-02));
#6622 = CARTESIAN_POINT('',(0.252817474124,0.76,7.953551934638E-02));
#6623 = CARTESIAN_POINT('',(0.252817474124,0.75,7.953551934638E-02));
#6624 = CARTESIAN_POINT('',(0.255053287353,0.76,6.725836314998E-02));
#6625 = CARTESIAN_POINT('',(0.255053287353,0.75,6.725836314998E-02));
#6626 = CARTESIAN_POINT('',(0.256579350884,0.76,5.440811160587E-02));
#6627 = CARTESIAN_POINT('',(0.256579350884,0.75,5.440811160587E-02));
#6628 = CARTESIAN_POINT('',(0.257807672402,0.76,4.102452487264E-02));
#6629 = CARTESIAN_POINT('',(0.257807672402,0.75,4.102452487264E-02));
#6630 = CARTESIAN_POINT('',(0.258531179481,0.76,2.709751204573E-02));
#6631 = CARTESIAN_POINT('',(0.258531179481,0.75,2.709751204573E-02));
#6632 = CARTESIAN_POINT('',(0.258620865317,0.76,1.763522733771E-02));
#6633 = CARTESIAN_POINT('',(0.258620865317,0.75,1.763522733771E-02));
#6634 = CARTESIAN_POINT('',(0.258666441453,0.76,1.282672702227E-02));
#6635 = CARTESIAN_POINT('',(0.258666441453,0.75,1.282672702227E-02));
#6636 = ADVANCED_FACE('',(#6637),#6668,.T.);
#6637 = FACE_BOUND('',#6638,.T.);
#6638 = EDGE_LOOP('',(#6639,#6665,#6666,#6667));
#6639 = ORIENTED_EDGE('',*,*,#6640,.F.);
#6640 = EDGE_CURVE('',#6591,#6350,#6641,.T.);
#6641 = B_SPLINE_CURVE_WITH_KNOTS('',3,(#6642,#6643,#6644,#6645,#6646,
    #6647,#6648,#6649,#6650,#6651,#6652,#6653,#6654,#6655,#6656,#6657,
    #6658,#6659,#6660,#6661,#6662,#6663,#6664),.UNSPECIFIED.,.F.,.F.,(4,
    1,1,1,1,1,1,1,1,1,1,1,1,1,1,1,1,1,1,1,4),(0.,6.568119799064E-02,
    0.128486464174,0.188175130328,0.24510613067,0.299448424529,
    0.350822936009,0.399941680534,0.446671743632,0.491254533373,
    0.53337634427,0.573852754968,0.612526311719,0.649597136445,
    0.685532041554,0.720105786068,0.753837662974,0.818925416047,
    0.88049346165,0.940311333846,1.),.UNSPECIFIED.);
#6642 = CARTESIAN_POINT('',(0.258666441453,0.75,1.282672702227E-02));
#6643 = CARTESIAN_POINT('',(0.258603562684,0.75,8.019004448784E-03));
#6644 = CARTESIAN_POINT('',(0.258480558369,0.75,-1.385928668996E-03));
#6645 = CARTESIAN_POINT('',(0.258010388346,0.75,-1.515943503038E-02));
#6646 = CARTESIAN_POINT('',(0.256796265547,0.75,-2.824146484857E-02));
#6647 = CARTESIAN_POINT('',(0.255447794819,0.75,-4.068837601021E-02));
#6648 = CARTESIAN_POINT('',(0.25345954098,0.75,-5.243126774786E-02));
#6649 = CARTESIAN_POINT('',(0.251315791623,0.75,-6.356844549144E-02));
#6650 = CARTESIAN_POINT('',(0.248435653075,0.75,-7.396193404222E-02));
#6651 = CARTESIAN_POINT('',(0.245359107364,0.75,-8.377445766641E-02));
#6652 = CARTESIAN_POINT('',(0.241837919303,0.75,-9.28945324665E-02));
#6653 = CARTESIAN_POINT('',(0.237961835388,0.75,-0.101364679479));
#6654 = CARTESIAN_POINT('',(0.233822205814,0.75,-0.10922579088));
#6655 = CARTESIAN_POINT('',(0.229325949762,0.75,-0.116456298489));
#6656 = CARTESIAN_POINT('',(0.224526443126,0.75,-0.123088589107));
#6657 = CARTESIAN_POINT('',(0.219297008932,0.75,-0.128989685628));
#6658 = CARTESIAN_POINT('',(0.213845080611,0.75,-0.134342481983));
#6659 = CARTESIAN_POINT('',(0.206208830802,0.75,-0.140452489883));
#6660 = CARTESIAN_POINT('',(0.196211769111,0.75,-0.146682397938));
#6661 = CARTESIAN_POINT('',(0.183772266557,0.75,-0.152415627636));
#6662 = CARTESIAN_POINT('',(0.170827050071,0.75,-0.155708003936));
#6663 = CARTESIAN_POINT('',(0.162075798175,0.75,-0.15617219674));
#6664 = CARTESIAN_POINT('',(0.157704902992,0.75,-0.156404042208));
#6665 = ORIENTED_EDGE('',*,*,#6608,.F.);
#6666 = ORIENTED_EDGE('',*,*,#6011,.T.);
#6667 = ORIENTED_EDGE('',*,*,#6379,.T.);
#6668 = B_SPLINE_SURFACE_WITH_KNOTS('',3,1,(
    (#6669,#6670)
    ,(#6671,#6672)
    ,(#6673,#6674)
    ,(#6675,#6676)
    ,(#6677,#6678)
    ,(#6679,#6680)
    ,(#6681,#6682)
    ,(#6683,#6684)
    ,(#6685,#6686)
    ,(#6687,#6688)
    ,(#6689,#6690)
    ,(#6691,#6692)
    ,(#6693,#6694)
    ,(#6695,#6696)
    ,(#6697,#6698)
    ,(#6699,#6700)
    ,(#6701,#6702)
    ,(#6703,#6704)
    ,(#6705,#6706)
    ,(#6707,#6708)
    ,(#6709,#6710)
    ,(#6711,#6712)
    ,(#6713,#6714
    )),.UNSPECIFIED.,.F.,.F.,.F.,(4,1,1,1,1,1,1,1,1,1,1,1,1,1,1,1,1,1,1,
    1,4),(2,2),(0.,6.568119799064E-02,0.128486464174,0.188175130328,
    0.24510613067,0.299448424529,0.350822936009,0.399941680534,
    0.446671743632,0.491254533373,0.53337634427,0.573852754968,
    0.612526311719,0.649597136445,0.685532041554,0.720105786068,
    0.753837662974,0.818925416047,0.88049346165,0.940311333846,1.),(0.,
    1.),.UNSPECIFIED.);
#6669 = CARTESIAN_POINT('',(0.258666441453,0.76,1.282672702227E-02));
#6670 = CARTESIAN_POINT('',(0.258666441453,0.75,1.282672702227E-02));
#6671 = CARTESIAN_POINT('',(0.258603562684,0.76,8.019004448784E-03));
#6672 = CARTESIAN_POINT('',(0.258603562684,0.75,8.019004448784E-03));
#6673 = CARTESIAN_POINT('',(0.258480558369,0.76,-1.385928668996E-03));
#6674 = CARTESIAN_POINT('',(0.258480558369,0.75,-1.385928668996E-03));
#6675 = CARTESIAN_POINT('',(0.258010388346,0.76,-1.515943503038E-02));
#6676 = CARTESIAN_POINT('',(0.258010388346,0.75,-1.515943503038E-02));
#6677 = CARTESIAN_POINT('',(0.256796265547,0.76,-2.824146484857E-02));
#6678 = CARTESIAN_POINT('',(0.256796265547,0.75,-2.824146484857E-02));
#6679 = CARTESIAN_POINT('',(0.255447794819,0.76,-4.068837601021E-02));
#6680 = CARTESIAN_POINT('',(0.255447794819,0.75,-4.068837601021E-02));
#6681 = CARTESIAN_POINT('',(0.25345954098,0.76,-5.243126774786E-02));
#6682 = CARTESIAN_POINT('',(0.25345954098,0.75,-5.243126774786E-02));
#6683 = CARTESIAN_POINT('',(0.251315791623,0.76,-6.356844549144E-02));
#6684 = CARTESIAN_POINT('',(0.251315791623,0.75,-6.356844549144E-02));
#6685 = CARTESIAN_POINT('',(0.248435653075,0.76,-7.396193404222E-02));
#6686 = CARTESIAN_POINT('',(0.248435653075,0.75,-7.396193404222E-02));
#6687 = CARTESIAN_POINT('',(0.245359107364,0.76,-8.377445766641E-02));
#6688 = CARTESIAN_POINT('',(0.245359107364,0.75,-8.377445766641E-02));
#6689 = CARTESIAN_POINT('',(0.241837919303,0.76,-9.28945324665E-02));
#6690 = CARTESIAN_POINT('',(0.241837919303,0.75,-9.28945324665E-02));
#6691 = CARTESIAN_POINT('',(0.237961835388,0.76,-0.101364679479));
#6692 = CARTESIAN_POINT('',(0.237961835388,0.75,-0.101364679479));
#6693 = CARTESIAN_POINT('',(0.233822205814,0.76,-0.10922579088));
#6694 = CARTESIAN_POINT('',(0.233822205814,0.75,-0.10922579088));
#6695 = CARTESIAN_POINT('',(0.229325949762,0.76,-0.116456298489));
#6696 = CARTESIAN_POINT('',(0.229325949762,0.75,-0.116456298489));
#6697 = CARTESIAN_POINT('',(0.224526443126,0.76,-0.123088589107));
#6698 = CARTESIAN_POINT('',(0.224526443126,0.75,-0.123088589107));
#6699 = CARTESIAN_POINT('',(0.219297008932,0.76,-0.128989685628));
#6700 = CARTESIAN_POINT('',(0.219297008932,0.75,-0.128989685628));
#6701 = CARTESIAN_POINT('',(0.213845080611,0.76,-0.134342481983));
#6702 = CARTESIAN_POINT('',(0.213845080611,0.75,-0.134342481983));
#6703 = CARTESIAN_POINT('',(0.206208830802,0.76,-0.140452489883));
#6704 = CARTESIAN_POINT('',(0.206208830802,0.75,-0.140452489883));
#6705 = CARTESIAN_POINT('',(0.196211769111,0.76,-0.146682397938));
#6706 = CARTESIAN_POINT('',(0.196211769111,0.75,-0.146682397938));
#6707 = CARTESIAN_POINT('',(0.183772266557,0.76,-0.152415627636));
#6708 = CARTESIAN_POINT('',(0.183772266557,0.75,-0.152415627636));
#6709 = CARTESIAN_POINT('',(0.170827050071,0.76,-0.155708003936));
#6710 = CARTESIAN_POINT('',(0.170827050071,0.75,-0.155708003936));
#6711 = CARTESIAN_POINT('',(0.162075798175,0.76,-0.15617219674));
#6712 = CARTESIAN_POINT('',(0.162075798175,0.75,-0.15617219674));
#6713 = CARTESIAN_POINT('',(0.157704902992,0.76,-0.156404042208));
#6714 = CARTESIAN_POINT('',(0.157704902992,0.75,-0.156404042208));
#6715 = ADVANCED_FACE('',(#6716),#6723,.F.);
#6716 = FACE_BOUND('',#6717,.T.);
#6717 = EDGE_LOOP('',(#6718,#6719,#6720,#6721,#6722));
#6718 = ORIENTED_EDGE('',*,*,#6640,.T.);
#6719 = ORIENTED_EDGE('',*,*,#6349,.T.);
#6720 = ORIENTED_EDGE('',*,*,#6442,.T.);
#6721 = ORIENTED_EDGE('',*,*,#6528,.T.);
#6722 = ORIENTED_EDGE('',*,*,#6590,.T.);
#6723 = PLANE('',#6724);
#6724 = AXIS2_PLACEMENT_3D('',#6725,#6726,#6727);
#6725 = CARTESIAN_POINT('',(2.100925608611,0.75,0.675));
#6726 = DIRECTION('',(-3.761581922631E-31,-1.,-6.04194858148E-47));
#6727 = DIRECTION('',(1.,-3.761581922631E-31,0.));
#6728 = ADVANCED_FACE('',(#6729),#6754,.T.);
#6729 = FACE_BOUND('',#6730,.T.);
#6730 = EDGE_LOOP('',(#6731,#6732,#6740,#6748));
#6731 = ORIENTED_EDGE('',*,*,#2769,.F.);
#6732 = ORIENTED_EDGE('',*,*,#6733,.F.);
#6733 = EDGE_CURVE('',#6734,#2762,#6736,.T.);
#6734 = VERTEX_POINT('',#6735);
#6735 = CARTESIAN_POINT('',(0.417640800428,0.76,-0.187173272978));
#6736 = LINE('',#6737,#6738);
#6737 = CARTESIAN_POINT('',(0.417640800428,0.76,-0.187173272978));
#6738 = VECTOR('',#6739,1.);
#6739 = DIRECTION('',(-3.761581922631E-31,-1.,-9.429630734102E-47));
#6740 = ORIENTED_EDGE('',*,*,#6741,.T.);
#6741 = EDGE_CURVE('',#6734,#6742,#6744,.T.);
#6742 = VERTEX_POINT('',#6743);
#6743 = CARTESIAN_POINT('',(0.58174336453,0.76,-0.187173272978));
#6744 = LINE('',#6745,#6746);
#6745 = CARTESIAN_POINT('',(0.417640800428,0.76,-0.187173272978));
#6746 = VECTOR('',#6747,1.);
#6747 = DIRECTION('',(1.,0.,0.));
#6748 = ORIENTED_EDGE('',*,*,#6749,.T.);
#6749 = EDGE_CURVE('',#6742,#2770,#6750,.T.);
#6750 = LINE('',#6751,#6752);
#6751 = CARTESIAN_POINT('',(0.58174336453,0.76,-0.187173272978));
#6752 = VECTOR('',#6753,1.);
#6753 = DIRECTION('',(-3.761581922631E-31,-1.,-9.429630734102E-47));
#6754 = PLANE('',#6755);
#6755 = AXIS2_PLACEMENT_3D('',#6756,#6757,#6758);
#6756 = CARTESIAN_POINT('',(0.417640800428,0.76,-0.187173272978));
#6757 = DIRECTION('',(0.,9.429630734102E-47,-1.));
#6758 = DIRECTION('',(0.,1.,9.429630734102E-47));
#6759 = ADVANCED_FACE('',(#6760),#6778,.T.);
#6760 = FACE_BOUND('',#6761,.T.);
#6761 = EDGE_LOOP('',(#6762,#6763,#6771,#6777));
#6762 = ORIENTED_EDGE('',*,*,#2759,.F.);
#6763 = ORIENTED_EDGE('',*,*,#6764,.F.);
#6764 = EDGE_CURVE('',#6765,#2760,#6767,.T.);
#6765 = VERTEX_POINT('',#6766);
#6766 = CARTESIAN_POINT('',(0.376615159402,0.76,1.282672702227E-02));
#6767 = LINE('',#6768,#6769);
#6768 = CARTESIAN_POINT('',(0.376615159402,0.76,1.282672702227E-02));
#6769 = VECTOR('',#6770,1.);
#6770 = DIRECTION('',(-3.761581922631E-31,-1.,-9.429630734102E-47));
#6771 = ORIENTED_EDGE('',*,*,#6772,.T.);
#6772 = EDGE_CURVE('',#6765,#6734,#6773,.T.);
#6773 = LINE('',#6774,#6775);
#6774 = CARTESIAN_POINT('',(0.376615159402,0.76,1.282672702227E-02));
#6775 = VECTOR('',#6776,1.);
#6776 = DIRECTION('',(0.200944143721,0.,-0.979602700641));
#6777 = ORIENTED_EDGE('',*,*,#6733,.T.);
#6778 = PLANE('',#6779);
#6779 = AXIS2_PLACEMENT_3D('',#6780,#6781,#6782);
#6780 = CARTESIAN_POINT('',(0.376615159402,0.76,1.282672702227E-02));
#6781 = DIRECTION('',(-0.979602700641,3.684855810094E-31,-0.200944143721
    ));
#6782 = DIRECTION('',(-0.200944143721,0.,0.979602700641));
#6783 = ADVANCED_FACE('',(#6784),#6810,.T.);
#6784 = FACE_BOUND('',#6785,.T.);
#6785 = EDGE_LOOP('',(#6786,#6787,#6795,#6809));
#6786 = ORIENTED_EDGE('',*,*,#2969,.F.);
#6787 = ORIENTED_EDGE('',*,*,#6788,.F.);
#6788 = EDGE_CURVE('',#6789,#2946,#6791,.T.);
#6789 = VERTEX_POINT('',#6790);
#6790 = CARTESIAN_POINT('',(0.464756185043,0.76,-7.686093490546E-03));
#6791 = LINE('',#6792,#6793);
#6792 = CARTESIAN_POINT('',(0.464756185043,0.76,-7.686093490546E-03));
#6793 = VECTOR('',#6794,1.);
#6794 = DIRECTION('',(-3.761581922631E-31,-1.,-9.429630734102E-47));
#6795 = ORIENTED_EDGE('',*,*,#6796,.T.);
#6796 = EDGE_CURVE('',#6789,#6765,#6797,.T.);
#6797 = B_SPLINE_CURVE_WITH_KNOTS('',3,(#6798,#6799,#6800,#6801,#6802,
    #6803,#6804,#6805,#6806,#6807,#6808),.UNSPECIFIED.,.F.,.F.,(4,1,1,1,
    1,1,1,1,4),(0.,0.102203037035,0.211023342374,0.325099661565,
    0.446502097135,0.573787717649,0.708900709766,0.850357871293,1.),
  .UNSPECIFIED.);
#6798 = CARTESIAN_POINT('',(0.464756185043,0.76,-7.686093490546E-03));
#6799 = CARTESIAN_POINT('',(0.461655736037,0.76,-7.619740215393E-03));
#6800 = CARTESIAN_POINT('',(0.455254095428,0.76,-7.482737536155E-03));
#6801 = CARTESIAN_POINT('',(0.445434343802,0.76,-6.473995041718E-03));
#6802 = CARTESIAN_POINT('',(0.435115289747,0.76,-4.846647107073E-03));
#6803 = CARTESIAN_POINT('',(0.424336490255,0.76,-2.608218824881E-03));
#6804 = CARTESIAN_POINT('',(0.413065575043,0.76,3.210470903911E-04));
#6805 = CARTESIAN_POINT('',(0.401326329246,0.76,3.831275733312E-03));
#6806 = CARTESIAN_POINT('',(0.389094070206,0.76,8.028075586295E-03));
#6807 = CARTESIAN_POINT('',(0.380852044561,0.76,1.119747144306E-02));
#6808 = CARTESIAN_POINT('',(0.376615159402,0.76,1.282672702227E-02));
#6809 = ORIENTED_EDGE('',*,*,#6764,.T.);
#6810 = B_SPLINE_SURFACE_WITH_KNOTS('',3,1,(
    (#6811,#6812)
    ,(#6813,#6814)
    ,(#6815,#6816)
    ,(#6817,#6818)
    ,(#6819,#6820)
    ,(#6821,#6822)
    ,(#6823,#6824)
    ,(#6825,#6826)
    ,(#6827,#6828)
    ,(#6829,#6830)
    ,(#6831,#6832
  )),.UNSPECIFIED.,.F.,.F.,.F.,(4,1,1,1,1,1,1,1,4),(2,2),(0.,
    0.102203037035,0.211023342374,0.325099661565,0.446502097135,
    0.573787717649,0.708900709766,0.850357871293,1.),(0.,1.),
  .UNSPECIFIED.);
#6811 = CARTESIAN_POINT('',(0.464756185043,0.76,-7.686093490546E-03));
#6812 = CARTESIAN_POINT('',(0.464756185043,0.75,-7.686093490546E-03));
#6813 = CARTESIAN_POINT('',(0.461655736037,0.76,-7.619740215393E-03));
#6814 = CARTESIAN_POINT('',(0.461655736037,0.75,-7.619740215393E-03));
#6815 = CARTESIAN_POINT('',(0.455254095428,0.76,-7.482737536155E-03));
#6816 = CARTESIAN_POINT('',(0.455254095428,0.75,-7.482737536155E-03));
#6817 = CARTESIAN_POINT('',(0.445434343802,0.76,-6.473995041718E-03));
#6818 = CARTESIAN_POINT('',(0.445434343802,0.75,-6.473995041718E-03));
#6819 = CARTESIAN_POINT('',(0.435115289747,0.76,-4.846647107073E-03));
#6820 = CARTESIAN_POINT('',(0.435115289747,0.75,-4.846647107073E-03));
#6821 = CARTESIAN_POINT('',(0.424336490255,0.76,-2.608218824881E-03));
#6822 = CARTESIAN_POINT('',(0.424336490255,0.75,-2.608218824881E-03));
#6823 = CARTESIAN_POINT('',(0.413065575043,0.76,3.210470903911E-04));
#6824 = CARTESIAN_POINT('',(0.413065575043,0.75,3.210470903911E-04));
#6825 = CARTESIAN_POINT('',(0.401326329246,0.76,3.831275733312E-03));
#6826 = CARTESIAN_POINT('',(0.401326329246,0.75,3.831275733312E-03));
#6827 = CARTESIAN_POINT('',(0.389094070206,0.76,8.028075586295E-03));
#6828 = CARTESIAN_POINT('',(0.389094070206,0.75,8.028075586295E-03));
#6829 = CARTESIAN_POINT('',(0.380852044561,0.76,1.119747144306E-02));
#6830 = CARTESIAN_POINT('',(0.380852044561,0.75,1.119747144306E-02));
#6831 = CARTESIAN_POINT('',(0.376615159402,0.76,1.282672702227E-02));
#6832 = CARTESIAN_POINT('',(0.376615159402,0.75,1.282672702227E-02));
#6833 = ADVANCED_FACE('',(#6834),#6868,.T.);
#6834 = FACE_BOUND('',#6835,.T.);
#6835 = EDGE_LOOP('',(#6836,#6837,#6845,#6867));
#6836 = ORIENTED_EDGE('',*,*,#2945,.F.);
#6837 = ORIENTED_EDGE('',*,*,#6838,.F.);
#6838 = EDGE_CURVE('',#6839,#2922,#6841,.T.);
#6839 = VERTEX_POINT('',#6840);
#6840 = CARTESIAN_POINT('',(0.561230544017,0.76,8.061518856074E-02));
#6841 = LINE('',#6842,#6843);
#6842 = CARTESIAN_POINT('',(0.561230544017,0.76,8.061518856074E-02));
#6843 = VECTOR('',#6844,1.);
#6844 = DIRECTION('',(-3.761581922631E-31,-1.,-9.429630734102E-47));
#6845 = ORIENTED_EDGE('',*,*,#6846,.T.);
#6846 = EDGE_CURVE('',#6839,#6789,#6847,.T.);
#6847 = B_SPLINE_CURVE_WITH_KNOTS('',3,(#6848,#6849,#6850,#6851,#6852,
    #6853,#6854,#6855,#6856,#6857,#6858,#6859,#6860,#6861,#6862,#6863,
    #6864,#6865,#6866),.UNSPECIFIED.,.F.,.F.,(4,1,1,1,1,1,1,1,1,1,1,1,1,
    1,1,1,4),(0.,6.535138202659E-02,0.127916031831,0.188360205572,
    0.247216077265,0.305630129197,0.363769839832,0.422660913913,
    0.48268729409,0.54330022124,0.604117955323,0.664964891265,
    0.727413494113,0.791467625149,0.858055442729,0.927036814615,1.),
  .UNSPECIFIED.);
#6848 = CARTESIAN_POINT('',(0.561230544017,0.76,8.061518856074E-02));
#6849 = CARTESIAN_POINT('',(0.561155289222,0.76,7.74065312326E-02));
#6850 = CARTESIAN_POINT('',(0.561007988667,0.76,7.112604105486E-02));
#6851 = CARTESIAN_POINT('',(0.559804494918,0.76,6.193756031872E-02));
#6852 = CARTESIAN_POINT('',(0.557711126649,0.76,5.32434983414E-02));
#6853 = CARTESIAN_POINT('',(0.554805540369,0.76,4.500187160174E-02));
#6854 = CARTESIAN_POINT('',(0.551116453771,0.76,3.720490676197E-02));
#6855 = CARTESIAN_POINT('',(0.546608303792,0.76,2.98445570248E-02));
#6856 = CARTESIAN_POINT('',(0.541196486884,0.76,2.301783322783E-02));
#6857 = CARTESIAN_POINT('',(0.53501455676,0.76,1.672154138675E-02));
#6858 = CARTESIAN_POINT('',(0.528242209223,0.76,1.091069854411E-02));
#6859 = CARTESIAN_POINT('',(0.520762924355,0.76,5.957088663884E-03));
#6860 = CARTESIAN_POINT('',(0.512733218436,0.76,1.789783789389E-03));
#6861 = CARTESIAN_POINT('',(0.504249835639,0.76,-1.806558878355E-03));
#6862 = CARTESIAN_POINT('',(0.495110990086,0.76,-4.389501209708E-03));
#6863 = CARTESIAN_POINT('',(0.485497660672,0.76,-6.328688117377E-03));
#6864 = CARTESIAN_POINT('',(0.475306036906,0.76,-7.450443852036E-03));
#6865 = CARTESIAN_POINT('',(0.468337958262,0.76,-7.606088237836E-03));
#6866 = CARTESIAN_POINT('',(0.464756185043,0.76,-7.686093490546E-03));
#6867 = ORIENTED_EDGE('',*,*,#6788,.T.);
#6868 = B_SPLINE_SURFACE_WITH_KNOTS('',3,1,(
    (#6869,#6870)
    ,(#6871,#6872)
    ,(#6873,#6874)
    ,(#6875,#6876)
    ,(#6877,#6878)
    ,(#6879,#6880)
    ,(#6881,#6882)
    ,(#6883,#6884)
    ,(#6885,#6886)
    ,(#6887,#6888)
    ,(#6889,#6890)
    ,(#6891,#6892)
    ,(#6893,#6894)
    ,(#6895,#6896)
    ,(#6897,#6898)
    ,(#6899,#6900)
    ,(#6901,#6902)
    ,(#6903,#6904)
    ,(#6905,#6906
    )),.UNSPECIFIED.,.F.,.F.,.F.,(4,1,1,1,1,1,1,1,1,1,1,1,1,1,1,1,4),(2,
    2),(0.,6.535138202659E-02,0.127916031831,0.188360205572,
    0.247216077265,0.305630129197,0.363769839832,0.422660913913,
    0.48268729409,0.54330022124,0.604117955323,0.664964891265,
    0.727413494113,0.791467625149,0.858055442729,0.927036814615,1.),(0.,
    1.),.UNSPECIFIED.);
#6869 = CARTESIAN_POINT('',(0.561230544017,0.76,8.061518856074E-02));
#6870 = CARTESIAN_POINT('',(0.561230544017,0.75,8.061518856074E-02));
#6871 = CARTESIAN_POINT('',(0.561155289222,0.76,7.74065312326E-02));
#6872 = CARTESIAN_POINT('',(0.561155289222,0.75,7.74065312326E-02));
#6873 = CARTESIAN_POINT('',(0.561007988667,0.76,7.112604105486E-02));
#6874 = CARTESIAN_POINT('',(0.561007988667,0.75,7.112604105486E-02));
#6875 = CARTESIAN_POINT('',(0.559804494918,0.76,6.193756031872E-02));
#6876 = CARTESIAN_POINT('',(0.559804494918,0.75,6.193756031872E-02));
#6877 = CARTESIAN_POINT('',(0.557711126649,0.76,5.32434983414E-02));
#6878 = CARTESIAN_POINT('',(0.557711126649,0.75,5.32434983414E-02));
#6879 = CARTESIAN_POINT('',(0.554805540369,0.76,4.500187160174E-02));
#6880 = CARTESIAN_POINT('',(0.554805540369,0.75,4.500187160174E-02));
#6881 = CARTESIAN_POINT('',(0.551116453771,0.76,3.720490676197E-02));
#6882 = CARTESIAN_POINT('',(0.551116453771,0.75,3.720490676197E-02));
#6883 = CARTESIAN_POINT('',(0.546608303792,0.76,2.98445570248E-02));
#6884 = CARTESIAN_POINT('',(0.546608303792,0.75,2.98445570248E-02));
#6885 = CARTESIAN_POINT('',(0.541196486884,0.76,2.301783322783E-02));
#6886 = CARTESIAN_POINT('',(0.541196486884,0.75,2.301783322783E-02));
#6887 = CARTESIAN_POINT('',(0.53501455676,0.76,1.672154138675E-02));
#6888 = CARTESIAN_POINT('',(0.53501455676,0.75,1.672154138675E-02));
#6889 = CARTESIAN_POINT('',(0.528242209223,0.76,1.091069854411E-02));
#6890 = CARTESIAN_POINT('',(0.528242209223,0.75,1.091069854411E-02));
#6891 = CARTESIAN_POINT('',(0.520762924355,0.76,5.957088663884E-03));
#6892 = CARTESIAN_POINT('',(0.520762924355,0.75,5.957088663884E-03));
#6893 = CARTESIAN_POINT('',(0.512733218436,0.76,1.789783789389E-03));
#6894 = CARTESIAN_POINT('',(0.512733218436,0.75,1.789783789389E-03));
#6895 = CARTESIAN_POINT('',(0.504249835639,0.76,-1.806558878355E-03));
#6896 = CARTESIAN_POINT('',(0.504249835639,0.75,-1.806558878355E-03));
#6897 = CARTESIAN_POINT('',(0.495110990086,0.76,-4.389501209708E-03));
#6898 = CARTESIAN_POINT('',(0.495110990086,0.75,-4.389501209708E-03));
#6899 = CARTESIAN_POINT('',(0.485497660672,0.76,-6.328688117377E-03));
#6900 = CARTESIAN_POINT('',(0.485497660672,0.75,-6.328688117377E-03));
#6901 = CARTESIAN_POINT('',(0.475306036906,0.76,-7.450443852036E-03));
#6902 = CARTESIAN_POINT('',(0.475306036906,0.75,-7.450443852036E-03));
#6903 = CARTESIAN_POINT('',(0.468337958262,0.76,-7.606088237836E-03));
#6904 = CARTESIAN_POINT('',(0.468337958262,0.75,-7.606088237836E-03));
#6905 = CARTESIAN_POINT('',(0.464756185043,0.76,-7.686093490546E-03));
#6906 = CARTESIAN_POINT('',(0.464756185043,0.75,-7.686093490546E-03));
#6907 = ADVANCED_FACE('',(#6908),#6942,.T.);
#6908 = FACE_BOUND('',#6909,.T.);
#6909 = EDGE_LOOP('',(#6910,#6911,#6919,#6941));
#6910 = ORIENTED_EDGE('',*,*,#2921,.F.);
#6911 = ORIENTED_EDGE('',*,*,#6912,.F.);
#6912 = EDGE_CURVE('',#6913,#2902,#6915,.T.);
#6913 = VERTEX_POINT('',#6914);
#6914 = CARTESIAN_POINT('',(0.45970810812,0.76,0.182057496253));
#6915 = LINE('',#6916,#6917);
#6916 = CARTESIAN_POINT('',(0.45970810812,0.76,0.182057496253));
#6917 = VECTOR('',#6918,1.);
#6918 = DIRECTION('',(-3.761581922631E-31,-1.,-9.429630734102E-47));
#6919 = ORIENTED_EDGE('',*,*,#6920,.T.);
#6920 = EDGE_CURVE('',#6913,#6839,#6921,.T.);
#6921 = B_SPLINE_CURVE_WITH_KNOTS('',3,(#6922,#6923,#6924,#6925,#6926,
    #6927,#6928,#6929,#6930,#6931,#6932,#6933,#6934,#6935,#6936,#6937,
    #6938,#6939,#6940),.UNSPECIFIED.,.F.,.F.,(4,1,1,1,1,1,1,1,1,1,1,1,1,
    1,1,1,4),(0.,6.420729528299E-02,0.12642468978,0.187680284265,
    0.248216424455,0.308305060009,0.369660991325,0.431698551787,
    0.495946892209,0.559758023972,0.622295407826,0.683910635284,
    0.745092408057,0.806740225389,0.869086618121,0.933290002975,1.),
  .UNSPECIFIED.);
#6922 = CARTESIAN_POINT('',(0.45970810812,0.76,0.182057496253));
#6923 = CARTESIAN_POINT('',(0.463131930339,0.76,0.181963693064));
#6924 = CARTESIAN_POINT('',(0.469873464304,0.76,0.181778993817));
#6925 = CARTESIAN_POINT('',(0.47979476564,0.76,0.180357392435));
#6926 = CARTESIAN_POINT('',(0.489373379834,0.76,0.178167955714));
#6927 = CARTESIAN_POINT('',(0.498514792035,0.76,0.174891400859));
#6928 = CARTESIAN_POINT('',(0.507378967988,0.76,0.170909147325));
#6929 = CARTESIAN_POINT('',(0.515741684608,0.76,0.165798852946));
#6930 = CARTESIAN_POINT('',(0.523844870567,0.76,0.159917707981));
#6931 = CARTESIAN_POINT('',(0.531436657255,0.76,0.153179807404));
#6932 = CARTESIAN_POINT('',(0.538389737171,0.76,0.145754699448));
#6933 = CARTESIAN_POINT('',(0.544533293872,0.76,0.137814425913));
#6934 = CARTESIAN_POINT('',(0.549650655406,0.76,0.129343929166));
#6935 = CARTESIAN_POINT('',(0.553963124991,0.76,0.120489854554));
#6936 = CARTESIAN_POINT('',(0.557237787714,0.76,0.111155162305));
#6937 = CARTESIAN_POINT('',(0.559573899854,0.76,0.101383599428));
#6938 = CARTESIAN_POINT('',(0.560945678004,0.76,9.115103026187E-02));
#6939 = CARTESIAN_POINT('',(0.561134384287,0.76,8.417168057316E-02));
#6940 = CARTESIAN_POINT('',(0.561230544017,0.76,8.061518856074E-02));
#6941 = ORIENTED_EDGE('',*,*,#6838,.T.);
#6942 = B_SPLINE_SURFACE_WITH_KNOTS('',3,1,(
    (#6943,#6944)
    ,(#6945,#6946)
    ,(#6947,#6948)
    ,(#6949,#6950)
    ,(#6951,#6952)
    ,(#6953,#6954)
    ,(#6955,#6956)
    ,(#6957,#6958)
    ,(#6959,#6960)
    ,(#6961,#6962)
    ,(#6963,#6964)
    ,(#6965,#6966)
    ,(#6967,#6968)
    ,(#6969,#6970)
    ,(#6971,#6972)
    ,(#6973,#6974)
    ,(#6975,#6976)
    ,(#6977,#6978)
    ,(#6979,#6980
    )),.UNSPECIFIED.,.F.,.F.,.F.,(4,1,1,1,1,1,1,1,1,1,1,1,1,1,1,1,4),(2,
    2),(0.,6.420729528299E-02,0.12642468978,0.187680284265,
    0.248216424455,0.308305060009,0.369660991325,0.431698551787,
    0.495946892209,0.559758023972,0.622295407826,0.683910635284,
    0.745092408057,0.806740225389,0.869086618121,0.933290002975,1.),(0.,
    1.),.UNSPECIFIED.);
#6943 = CARTESIAN_POINT('',(0.45970810812,0.76,0.182057496253));
#6944 = CARTESIAN_POINT('',(0.45970810812,0.75,0.182057496253));
#6945 = CARTESIAN_POINT('',(0.463131930339,0.76,0.181963693064));
#6946 = CARTESIAN_POINT('',(0.463131930339,0.75,0.181963693064));
#6947 = CARTESIAN_POINT('',(0.469873464304,0.76,0.181778993817));
#6948 = CARTESIAN_POINT('',(0.469873464304,0.75,0.181778993817));
#6949 = CARTESIAN_POINT('',(0.47979476564,0.76,0.180357392435));
#6950 = CARTESIAN_POINT('',(0.47979476564,0.75,0.180357392435));
#6951 = CARTESIAN_POINT('',(0.489373379834,0.76,0.178167955714));
#6952 = CARTESIAN_POINT('',(0.489373379834,0.75,0.178167955714));
#6953 = CARTESIAN_POINT('',(0.498514792035,0.76,0.174891400859));
#6954 = CARTESIAN_POINT('',(0.498514792035,0.75,0.174891400859));
#6955 = CARTESIAN_POINT('',(0.507378967988,0.76,0.170909147325));
#6956 = CARTESIAN_POINT('',(0.507378967988,0.75,0.170909147325));
#6957 = CARTESIAN_POINT('',(0.515741684608,0.76,0.165798852946));
#6958 = CARTESIAN_POINT('',(0.515741684608,0.75,0.165798852946));
#6959 = CARTESIAN_POINT('',(0.523844870567,0.76,0.159917707981));
#6960 = CARTESIAN_POINT('',(0.523844870567,0.75,0.159917707981));
#6961 = CARTESIAN_POINT('',(0.531436657255,0.76,0.153179807404));
#6962 = CARTESIAN_POINT('',(0.531436657255,0.75,0.153179807404));
#6963 = CARTESIAN_POINT('',(0.538389737171,0.76,0.145754699448));
#6964 = CARTESIAN_POINT('',(0.538389737171,0.75,0.145754699448));
#6965 = CARTESIAN_POINT('',(0.544533293872,0.76,0.137814425913));
#6966 = CARTESIAN_POINT('',(0.544533293872,0.75,0.137814425913));
#6967 = CARTESIAN_POINT('',(0.549650655406,0.76,0.129343929166));
#6968 = CARTESIAN_POINT('',(0.549650655406,0.75,0.129343929166));
#6969 = CARTESIAN_POINT('',(0.553963124991,0.76,0.120489854554));
#6970 = CARTESIAN_POINT('',(0.553963124991,0.75,0.120489854554));
#6971 = CARTESIAN_POINT('',(0.557237787714,0.76,0.111155162305));
#6972 = CARTESIAN_POINT('',(0.557237787714,0.75,0.111155162305));
#6973 = CARTESIAN_POINT('',(0.559573899854,0.76,0.101383599428));
#6974 = CARTESIAN_POINT('',(0.559573899854,0.75,0.101383599428));
#6975 = CARTESIAN_POINT('',(0.560945678004,0.76,9.115103026187E-02));
#6976 = CARTESIAN_POINT('',(0.560945678004,0.75,9.115103026187E-02));
#6977 = CARTESIAN_POINT('',(0.561134384287,0.76,8.417168057316E-02));
#6978 = CARTESIAN_POINT('',(0.561134384287,0.75,8.417168057316E-02));
#6979 = CARTESIAN_POINT('',(0.561230544017,0.76,8.061518856074E-02));
#6980 = CARTESIAN_POINT('',(0.561230544017,0.75,8.061518856074E-02));
#6981 = ADVANCED_FACE('',(#6982),#7012,.T.);
#6982 = FACE_BOUND('',#6983,.T.);
#6983 = EDGE_LOOP('',(#6984,#6985,#6993,#7011));
#6984 = ORIENTED_EDGE('',*,*,#2901,.F.);
#6985 = ORIENTED_EDGE('',*,*,#6986,.F.);
#6986 = EDGE_CURVE('',#6987,#2894,#6989,.T.);
#6987 = VERTEX_POINT('',#6988);
#6988 = CARTESIAN_POINT('',(0.371486954274,0.76,0.110262624458));
#6989 = LINE('',#6990,#6991);
#6990 = CARTESIAN_POINT('',(0.371486954274,0.76,0.110262624458));
#6991 = VECTOR('',#6992,1.);
#6992 = DIRECTION('',(-3.761581922631E-31,-1.,-9.429630734102E-47));
#6993 = ORIENTED_EDGE('',*,*,#6994,.T.);
#6994 = EDGE_CURVE('',#6987,#6913,#6995,.T.);
#6995 = B_SPLINE_CURVE_WITH_KNOTS('',3,(#6996,#6997,#6998,#6999,#7000,
    #7001,#7002,#7003,#7004,#7005,#7006,#7007,#7008,#7009,#7010),
  .UNSPECIFIED.,.F.,.F.,(4,1,1,1,1,1,1,1,1,1,1,1,4),(0.,
    9.468725186755E-02,0.181994155707,0.264376948611,0.342179861948,
    0.418617610862,0.496509075372,0.577369091612,0.661510592454,
    0.746732550829,0.831257984328,0.915205616214,1.),.UNSPECIFIED.);
#6996 = CARTESIAN_POINT('',(0.371486954274,0.76,0.110262624458));
#6997 = CARTESIAN_POINT('',(0.372370217976,0.76,0.114077076167));
#6998 = CARTESIAN_POINT('',(0.374067899855,0.76,0.121408664152));
#6999 = CARTESIAN_POINT('',(0.37779427114,0.76,0.131709388876));
#7000 = CARTESIAN_POINT('',(0.382350371194,0.76,0.140888728724));
#7001 = CARTESIAN_POINT('',(0.387768011014,0.76,0.14906810967));
#7002 = CARTESIAN_POINT('',(0.394230871641,0.76,0.156200566501));
#7003 = CARTESIAN_POINT('',(0.40160566352,0.76,0.162556802151));
#7004 = CARTESIAN_POINT('',(0.409873974742,0.76,0.168291102646));
#7005 = CARTESIAN_POINT('',(0.419061772402,0.76,0.173070847468));
#7006 = CARTESIAN_POINT('',(0.428754695753,0.76,0.177147276428));
#7007 = CARTESIAN_POINT('',(0.438899519754,0.76,0.179861755851));
#7008 = CARTESIAN_POINT('',(0.449220016493,0.76,0.181770429319));
#7009 = CARTESIAN_POINT('',(0.456200401659,0.76,0.181961487696));
#7010 = CARTESIAN_POINT('',(0.45970810812,0.76,0.182057496253));
#7011 = ORIENTED_EDGE('',*,*,#6912,.T.);
#7012 = B_SPLINE_SURFACE_WITH_KNOTS('',3,1,(
    (#7013,#7014)
    ,(#7015,#7016)
    ,(#7017,#7018)
    ,(#7019,#7020)
    ,(#7021,#7022)
    ,(#7023,#7024)
    ,(#7025,#7026)
    ,(#7027,#7028)
    ,(#7029,#7030)
    ,(#7031,#7032)
    ,(#7033,#7034)
    ,(#7035,#7036)
    ,(#7037,#7038)
    ,(#7039,#7040)
    ,(#7041,#7042
    )),.UNSPECIFIED.,.F.,.F.,.F.,(4,1,1,1,1,1,1,1,1,1,1,1,4),(2,2),(0.,
    9.468725186755E-02,0.181994155707,0.264376948611,0.342179861948,
    0.418617610862,0.496509075372,0.577369091612,0.661510592454,
    0.746732550829,0.831257984328,0.915205616214,1.),(0.,1.),
  .UNSPECIFIED.);
#7013 = CARTESIAN_POINT('',(0.371486954274,0.76,0.110262624458));
#7014 = CARTESIAN_POINT('',(0.371486954274,0.75,0.110262624458));
#7015 = CARTESIAN_POINT('',(0.372370217976,0.76,0.114077076167));
#7016 = CARTESIAN_POINT('',(0.372370217976,0.75,0.114077076167));
#7017 = CARTESIAN_POINT('',(0.374067899855,0.76,0.121408664152));
#7018 = CARTESIAN_POINT('',(0.374067899855,0.75,0.121408664152));
#7019 = CARTESIAN_POINT('',(0.37779427114,0.76,0.131709388876));
#7020 = CARTESIAN_POINT('',(0.37779427114,0.75,0.131709388876));
#7021 = CARTESIAN_POINT('',(0.382350371194,0.76,0.140888728724));
#7022 = CARTESIAN_POINT('',(0.382350371194,0.75,0.140888728724));
#7023 = CARTESIAN_POINT('',(0.387768011014,0.76,0.14906810967));
#7024 = CARTESIAN_POINT('',(0.387768011014,0.75,0.14906810967));
#7025 = CARTESIAN_POINT('',(0.394230871641,0.76,0.156200566501));
#7026 = CARTESIAN_POINT('',(0.394230871641,0.75,0.156200566501));
#7027 = CARTESIAN_POINT('',(0.40160566352,0.76,0.162556802151));
#7028 = CARTESIAN_POINT('',(0.40160566352,0.75,0.162556802151));
#7029 = CARTESIAN_POINT('',(0.409873974742,0.76,0.168291102646));
#7030 = CARTESIAN_POINT('',(0.409873974742,0.75,0.168291102646));
#7031 = CARTESIAN_POINT('',(0.419061772402,0.76,0.173070847468));
#7032 = CARTESIAN_POINT('',(0.419061772402,0.75,0.173070847468));
#7033 = CARTESIAN_POINT('',(0.428754695753,0.76,0.177147276428));
#7034 = CARTESIAN_POINT('',(0.428754695753,0.75,0.177147276428));
#7035 = CARTESIAN_POINT('',(0.438899519754,0.76,0.179861755851));
#7036 = CARTESIAN_POINT('',(0.438899519754,0.75,0.179861755851));
#7037 = CARTESIAN_POINT('',(0.449220016493,0.76,0.181770429319));
#7038 = CARTESIAN_POINT('',(0.449220016493,0.75,0.181770429319));
#7039 = CARTESIAN_POINT('',(0.456200401659,0.76,0.181961487696));
#7040 = CARTESIAN_POINT('',(0.456200401659,0.75,0.181961487696));
#7041 = CARTESIAN_POINT('',(0.45970810812,0.76,0.182057496253));
#7042 = CARTESIAN_POINT('',(0.45970810812,0.75,0.182057496253));
#7043 = ADVANCED_FACE('',(#7044),#7062,.T.);
#7044 = FACE_BOUND('',#7045,.T.);
#7045 = EDGE_LOOP('',(#7046,#7047,#7055,#7061));
#7046 = ORIENTED_EDGE('',*,*,#2893,.F.);
#7047 = ORIENTED_EDGE('',*,*,#7048,.F.);
#7048 = EDGE_CURVE('',#7049,#2870,#7051,.T.);
#7049 = VERTEX_POINT('',#7050);
#7050 = CARTESIAN_POINT('',(0.335589518376,0.76,0.110262624458));
#7051 = LINE('',#7052,#7053);
#7052 = CARTESIAN_POINT('',(0.335589518376,0.76,0.110262624458));
#7053 = VECTOR('',#7054,1.);
#7054 = DIRECTION('',(-3.761581922631E-31,-1.,-9.429630734102E-47));
#7055 = ORIENTED_EDGE('',*,*,#7056,.T.);
#7056 = EDGE_CURVE('',#7049,#6987,#7057,.T.);
#7057 = LINE('',#7058,#7059);
#7058 = CARTESIAN_POINT('',(0.335589518376,0.76,0.110262624458));
#7059 = VECTOR('',#7060,1.);
#7060 = DIRECTION('',(1.,0.,0.));
#7061 = ORIENTED_EDGE('',*,*,#6986,.T.);
#7062 = PLANE('',#7063);
#7063 = AXIS2_PLACEMENT_3D('',#7064,#7065,#7066);
#7064 = CARTESIAN_POINT('',(0.335589518376,0.76,0.110262624458));
#7065 = DIRECTION('',(0.,9.429630734102E-47,-1.));
#7066 = DIRECTION('',(0.,1.,9.429630734102E-47));
#7067 = ADVANCED_FACE('',(#7068),#7102,.T.);
#7068 = FACE_BOUND('',#7069,.T.);
#7069 = EDGE_LOOP('',(#7070,#7071,#7079,#7101));
#7070 = ORIENTED_EDGE('',*,*,#2869,.F.);
#7071 = ORIENTED_EDGE('',*,*,#7072,.F.);
#7072 = EDGE_CURVE('',#7073,#2838,#7075,.T.);
#7073 = VERTEX_POINT('',#7074);
#7074 = CARTESIAN_POINT('',(0.457624774787,0.76,0.223083137279));
#7075 = LINE('',#7076,#7077);
#7076 = CARTESIAN_POINT('',(0.457624774787,0.76,0.223083137279));
#7077 = VECTOR('',#7078,1.);
#7078 = DIRECTION('',(-3.761581922631E-31,-1.,-9.429630734102E-47));
#7079 = ORIENTED_EDGE('',*,*,#7080,.T.);
#7080 = EDGE_CURVE('',#7073,#7049,#7081,.T.);
#7081 = B_SPLINE_CURVE_WITH_KNOTS('',3,(#7082,#7083,#7084,#7085,#7086,
    #7087,#7088,#7089,#7090,#7091,#7092,#7093,#7094,#7095,#7096,#7097,
    #7098,#7099,#7100),.UNSPECIFIED.,.F.,.F.,(4,1,1,1,1,1,1,1,1,1,1,1,1,
    1,1,1,4),(0.,6.542114375889E-02,0.128708371882,0.190236141864,
    0.250724402034,0.310637179413,0.37076640829,0.431614744412,
    0.493522973566,0.555883455378,0.617342367319,0.678668039097,
    0.740711359545,0.802985362513,0.866802580266,0.932347171346,1.),
  .UNSPECIFIED.);
#7082 = CARTESIAN_POINT('',(0.457624774787,0.76,0.223083137279));
#7083 = CARTESIAN_POINT('',(0.453639154135,0.76,0.223004184366));
#7084 = CARTESIAN_POINT('',(0.44579791634,0.76,0.222848853838));
#7085 = CARTESIAN_POINT('',(0.434309851532,0.76,0.221223884095));
#7086 = CARTESIAN_POINT('',(0.423256753739,0.76,0.218896579364));
#7087 = CARTESIAN_POINT('',(0.412727599321,0.76,0.215395291381));
#7088 = CARTESIAN_POINT('',(0.402628026326,0.76,0.211008171988));
#7089 = CARTESIAN_POINT('',(0.393094001435,0.76,0.205463466674));
#7090 = CARTESIAN_POINT('',(0.383881912744,0.76,0.199180140532));
#7091 = CARTESIAN_POINT('',(0.375366251402,0.76,0.19176524305));
#7092 = CARTESIAN_POINT('',(0.367462695576,0.76,0.183660593675));
#7093 = CARTESIAN_POINT('',(0.360387665991,0.76,0.174865434685));
#7094 = CARTESIAN_POINT('',(0.354086685793,0.76,0.165524927018));
#7095 = CARTESIAN_POINT('',(0.348660657565,0.76,0.155593709409));
#7096 = CARTESIAN_POINT('',(0.344032312272,0.76,0.145097877302));
#7097 = CARTESIAN_POINT('',(0.340396313612,0.76,0.133998105771));
#7098 = CARTESIAN_POINT('',(0.337461644476,0.76,0.122352391035));
#7099 = CARTESIAN_POINT('',(0.336220110707,0.76,0.114334846989));
#7100 = CARTESIAN_POINT('',(0.335589518376,0.76,0.110262624458));
#7101 = ORIENTED_EDGE('',*,*,#7048,.T.);
#7102 = B_SPLINE_SURFACE_WITH_KNOTS('',3,1,(
    (#7103,#7104)
    ,(#7105,#7106)
    ,(#7107,#7108)
    ,(#7109,#7110)
    ,(#7111,#7112)
    ,(#7113,#7114)
    ,(#7115,#7116)
    ,(#7117,#7118)
    ,(#7119,#7120)
    ,(#7121,#7122)
    ,(#7123,#7124)
    ,(#7125,#7126)
    ,(#7127,#7128)
    ,(#7129,#7130)
    ,(#7131,#7132)
    ,(#7133,#7134)
    ,(#7135,#7136)
    ,(#7137,#7138)
    ,(#7139,#7140
    )),.UNSPECIFIED.,.F.,.F.,.F.,(4,1,1,1,1,1,1,1,1,1,1,1,1,1,1,1,4),(2,
    2),(0.,6.542114375889E-02,0.128708371882,0.190236141864,
    0.250724402034,0.310637179413,0.37076640829,0.431614744412,
    0.493522973566,0.555883455378,0.617342367319,0.678668039097,
    0.740711359545,0.802985362513,0.866802580266,0.932347171346,1.),(0.,
    1.),.UNSPECIFIED.);
#7103 = CARTESIAN_POINT('',(0.457624774787,0.76,0.223083137279));
#7104 = CARTESIAN_POINT('',(0.457624774787,0.75,0.223083137279));
#7105 = CARTESIAN_POINT('',(0.453639154135,0.76,0.223004184366));
#7106 = CARTESIAN_POINT('',(0.453639154135,0.75,0.223004184366));
#7107 = CARTESIAN_POINT('',(0.44579791634,0.76,0.222848853838));
#7108 = CARTESIAN_POINT('',(0.44579791634,0.75,0.222848853838));
#7109 = CARTESIAN_POINT('',(0.434309851532,0.76,0.221223884095));
#7110 = CARTESIAN_POINT('',(0.434309851532,0.75,0.221223884095));
#7111 = CARTESIAN_POINT('',(0.423256753739,0.76,0.218896579364));
#7112 = CARTESIAN_POINT('',(0.423256753739,0.75,0.218896579364));
#7113 = CARTESIAN_POINT('',(0.412727599321,0.76,0.215395291381));
#7114 = CARTESIAN_POINT('',(0.412727599321,0.75,0.215395291381));
#7115 = CARTESIAN_POINT('',(0.402628026326,0.76,0.211008171988));
#7116 = CARTESIAN_POINT('',(0.402628026326,0.75,0.211008171988));
#7117 = CARTESIAN_POINT('',(0.393094001435,0.76,0.205463466674));
#7118 = CARTESIAN_POINT('',(0.393094001435,0.75,0.205463466674));
#7119 = CARTESIAN_POINT('',(0.383881912744,0.76,0.199180140532));
#7120 = CARTESIAN_POINT('',(0.383881912744,0.75,0.199180140532));
#7121 = CARTESIAN_POINT('',(0.375366251402,0.76,0.19176524305));
#7122 = CARTESIAN_POINT('',(0.375366251402,0.75,0.19176524305));
#7123 = CARTESIAN_POINT('',(0.367462695576,0.76,0.183660593675));
#7124 = CARTESIAN_POINT('',(0.367462695576,0.75,0.183660593675));
#7125 = CARTESIAN_POINT('',(0.360387665991,0.76,0.174865434685));
#7126 = CARTESIAN_POINT('',(0.360387665991,0.75,0.174865434685));
#7127 = CARTESIAN_POINT('',(0.354086685793,0.76,0.165524927018));
#7128 = CARTESIAN_POINT('',(0.354086685793,0.75,0.165524927018));
#7129 = CARTESIAN_POINT('',(0.348660657565,0.76,0.155593709409));
#7130 = CARTESIAN_POINT('',(0.348660657565,0.75,0.155593709409));
#7131 = CARTESIAN_POINT('',(0.344032312272,0.76,0.145097877302));
#7132 = CARTESIAN_POINT('',(0.344032312272,0.75,0.145097877302));
#7133 = CARTESIAN_POINT('',(0.340396313612,0.76,0.133998105771));
#7134 = CARTESIAN_POINT('',(0.340396313612,0.75,0.133998105771));
#7135 = CARTESIAN_POINT('',(0.337461644476,0.76,0.122352391035));
#7136 = CARTESIAN_POINT('',(0.337461644476,0.75,0.122352391035));
#7137 = CARTESIAN_POINT('',(0.336220110707,0.76,0.114334846989));
#7138 = CARTESIAN_POINT('',(0.336220110707,0.75,0.114334846989));
#7139 = CARTESIAN_POINT('',(0.335589518376,0.76,0.110262624458));
#7140 = CARTESIAN_POINT('',(0.335589518376,0.75,0.110262624458));
#7141 = ADVANCED_FACE('',(#7142),#7184,.T.);
#7142 = FACE_BOUND('',#7143,.T.);
#7143 = EDGE_LOOP('',(#7144,#7145,#7153,#7183));
#7144 = ORIENTED_EDGE('',*,*,#2837,.F.);
#7145 = ORIENTED_EDGE('',*,*,#7146,.F.);
#7146 = EDGE_CURVE('',#7147,#2814,#7149,.T.);
#7147 = VERTEX_POINT('',#7148);
#7148 = CARTESIAN_POINT('',(0.597127979915,0.76,8.213762445817E-02));
#7149 = LINE('',#7150,#7151);
#7150 = CARTESIAN_POINT('',(0.597127979915,0.76,8.213762445817E-02));
#7151 = VECTOR('',#7152,1.);
#7152 = DIRECTION('',(-3.761581922631E-31,-1.,-9.429630734102E-47));
#7153 = ORIENTED_EDGE('',*,*,#7154,.T.);
#7154 = EDGE_CURVE('',#7147,#7073,#7155,.T.);
#7155 = B_SPLINE_CURVE_WITH_KNOTS('',3,(#7156,#7157,#7158,#7159,#7160,
    #7161,#7162,#7163,#7164,#7165,#7166,#7167,#7168,#7169,#7170,#7171,
    #7172,#7173,#7174,#7175,#7176,#7177,#7178,#7179,#7180,#7181,#7182),
  .UNSPECIFIED.,.F.,.F.,(4,1,1,1,1,1,1,1,1,1,1,1,1,1,1,1,1,1,1,1,1,1,1,1
    ,4),(0.,4.401447057614E-02,8.743412366771E-02,0.130118398658,
    0.172553694558,0.214554755968,0.256298092097,0.298438225133,
    0.340849002588,0.382715188967,0.423924045408,0.46424624325,
    0.504073671462,0.543861905868,0.58356672498,0.623094318852,
    0.663229060769,0.703551258611,0.743937894686,0.7845412548,
    0.825750111241,0.867757363389,0.910745164032,0.954914446891,1.),
  .UNSPECIFIED.);
#7156 = CARTESIAN_POINT('',(0.597127979915,0.76,8.213762445817E-02));
#7157 = CARTESIAN_POINT('',(0.597051971312,0.76,8.539730678411E-02));
#7158 = CARTESIAN_POINT('',(0.596900981297,0.76,9.187261964992E-02));
#7159 = CARTESIAN_POINT('',(0.596133142709,0.76,0.101489099728));
#7160 = CARTESIAN_POINT('',(0.594654775159,0.76,0.110901994938));
#7161 = CARTESIAN_POINT('',(0.592669892404,0.76,0.120112554005));
#7162 = CARTESIAN_POINT('',(0.590093616065,0.76,0.129103339397));
#7163 = CARTESIAN_POINT('',(0.586974867048,0.76,0.137900085446));
#7164 = CARTESIAN_POINT('',(0.583158178189,0.76,0.146448040502));
#7165 = CARTESIAN_POINT('',(0.578971735303,0.76,0.154828085648));
#7166 = CARTESIAN_POINT('',(0.574257852099,0.76,0.162850772184));
#7167 = CARTESIAN_POINT('',(0.569026022689,0.76,0.170353513503));
#7168 = CARTESIAN_POINT('',(0.563498537977,0.76,0.177448859958));
#7169 = CARTESIAN_POINT('',(0.557550951068,0.76,0.184060715159));
#7170 = CARTESIAN_POINT('',(0.551127980198,0.76,0.19014563149));
#7171 = CARTESIAN_POINT('',(0.544307412557,0.76,0.195739720805));
#7172 = CARTESIAN_POINT('',(0.537143673239,0.76,0.200937587125));
#7173 = CARTESIAN_POINT('',(0.529525931259,0.76,0.205528238002));
#7174 = CARTESIAN_POINT('',(0.521623933206,0.76,0.209752575848));
#7175 = CARTESIAN_POINT('',(0.513323565533,0.76,0.213218122972));
#7176 = CARTESIAN_POINT('',(0.504813771195,0.76,0.216316469039));
#7177 = CARTESIAN_POINT('',(0.495972071127,0.76,0.218786129338));
#7178 = CARTESIAN_POINT('',(0.486818492543,0.76,0.220721278426));
#7179 = CARTESIAN_POINT('',(0.477337946773,0.76,0.22203563278));
#7180 = CARTESIAN_POINT('',(0.467580155913,0.76,0.22299293992));
#7181 = CARTESIAN_POINT('',(0.460965868761,0.76,0.223052866428));
#7182 = CARTESIAN_POINT('',(0.457624774787,0.76,0.223083137279));
#7183 = ORIENTED_EDGE('',*,*,#7072,.T.);
#7184 = B_SPLINE_SURFACE_WITH_KNOTS('',3,1,(
    (#7185,#7186)
    ,(#7187,#7188)
    ,(#7189,#7190)
    ,(#7191,#7192)
    ,(#7193,#7194)
    ,(#7195,#7196)
    ,(#7197,#7198)
    ,(#7199,#7200)
    ,(#7201,#7202)
    ,(#7203,#7204)
    ,(#7205,#7206)
    ,(#7207,#7208)
    ,(#7209,#7210)
    ,(#7211,#7212)
    ,(#7213,#7214)
    ,(#7215,#7216)
    ,(#7217,#7218)
    ,(#7219,#7220)
    ,(#7221,#7222)
    ,(#7223,#7224)
    ,(#7225,#7226)
    ,(#7227,#7228)
    ,(#7229,#7230)
    ,(#7231,#7232)
    ,(#7233,#7234)
    ,(#7235,#7236)
    ,(#7237,#7238
    )),.UNSPECIFIED.,.F.,.F.,.F.,(4,1,1,1,1,1,1,1,1,1,1,1,1,1,1,1,1,1,1,
    1,1,1,1,1,4),(2,2),(0.,4.401447057614E-02,8.743412366771E-02,
    0.130118398658,0.172553694558,0.214554755968,0.256298092097,
    0.298438225133,0.340849002588,0.382715188967,0.423924045408,
    0.46424624325,0.504073671462,0.543861905868,0.58356672498,
    0.623094318852,0.663229060769,0.703551258611,0.743937894686,
    0.7845412548,0.825750111241,0.867757363389,0.910745164032,
    0.954914446891,1.),(0.,1.),.UNSPECIFIED.);
#7185 = CARTESIAN_POINT('',(0.597127979915,0.76,8.213762445817E-02));
#7186 = CARTESIAN_POINT('',(0.597127979915,0.75,8.213762445817E-02));
#7187 = CARTESIAN_POINT('',(0.597051971312,0.76,8.539730678411E-02));
#7188 = CARTESIAN_POINT('',(0.597051971312,0.75,8.539730678411E-02));
#7189 = CARTESIAN_POINT('',(0.596900981297,0.76,9.187261964992E-02));
#7190 = CARTESIAN_POINT('',(0.596900981297,0.75,9.187261964992E-02));
#7191 = CARTESIAN_POINT('',(0.596133142709,0.76,0.101489099728));
#7192 = CARTESIAN_POINT('',(0.596133142709,0.75,0.101489099728));
#7193 = CARTESIAN_POINT('',(0.594654775159,0.76,0.110901994938));
#7194 = CARTESIAN_POINT('',(0.594654775159,0.75,0.110901994938));
#7195 = CARTESIAN_POINT('',(0.592669892404,0.76,0.120112554005));
#7196 = CARTESIAN_POINT('',(0.592669892404,0.75,0.120112554005));
#7197 = CARTESIAN_POINT('',(0.590093616065,0.76,0.129103339397));
#7198 = CARTESIAN_POINT('',(0.590093616065,0.75,0.129103339397));
#7199 = CARTESIAN_POINT('',(0.586974867048,0.76,0.137900085446));
#7200 = CARTESIAN_POINT('',(0.586974867048,0.75,0.137900085446));
#7201 = CARTESIAN_POINT('',(0.583158178189,0.76,0.146448040502));
#7202 = CARTESIAN_POINT('',(0.583158178189,0.75,0.146448040502));
#7203 = CARTESIAN_POINT('',(0.578971735303,0.76,0.154828085648));
#7204 = CARTESIAN_POINT('',(0.578971735303,0.75,0.154828085648));
#7205 = CARTESIAN_POINT('',(0.574257852099,0.76,0.162850772184));
#7206 = CARTESIAN_POINT('',(0.574257852099,0.75,0.162850772184));
#7207 = CARTESIAN_POINT('',(0.569026022689,0.76,0.170353513503));
#7208 = CARTESIAN_POINT('',(0.569026022689,0.75,0.170353513503));
#7209 = CARTESIAN_POINT('',(0.563498537977,0.76,0.177448859958));
#7210 = CARTESIAN_POINT('',(0.563498537977,0.75,0.177448859958));
#7211 = CARTESIAN_POINT('',(0.557550951068,0.76,0.184060715159));
#7212 = CARTESIAN_POINT('',(0.557550951068,0.75,0.184060715159));
#7213 = CARTESIAN_POINT('',(0.551127980198,0.76,0.19014563149));
#7214 = CARTESIAN_POINT('',(0.551127980198,0.75,0.19014563149));
#7215 = CARTESIAN_POINT('',(0.544307412557,0.76,0.195739720805));
#7216 = CARTESIAN_POINT('',(0.544307412557,0.75,0.195739720805));
#7217 = CARTESIAN_POINT('',(0.537143673239,0.76,0.200937587125));
#7218 = CARTESIAN_POINT('',(0.537143673239,0.75,0.200937587125));
#7219 = CARTESIAN_POINT('',(0.529525931259,0.76,0.205528238002));
#7220 = CARTESIAN_POINT('',(0.529525931259,0.75,0.205528238002));
#7221 = CARTESIAN_POINT('',(0.521623933206,0.76,0.209752575848));
#7222 = CARTESIAN_POINT('',(0.521623933206,0.75,0.209752575848));
#7223 = CARTESIAN_POINT('',(0.513323565533,0.76,0.213218122972));
#7224 = CARTESIAN_POINT('',(0.513323565533,0.75,0.213218122972));
#7225 = CARTESIAN_POINT('',(0.504813771195,0.76,0.216316469039));
#7226 = CARTESIAN_POINT('',(0.504813771195,0.75,0.216316469039));
#7227 = CARTESIAN_POINT('',(0.495972071127,0.76,0.218786129338));
#7228 = CARTESIAN_POINT('',(0.495972071127,0.75,0.218786129338));
#7229 = CARTESIAN_POINT('',(0.486818492543,0.76,0.220721278426));
#7230 = CARTESIAN_POINT('',(0.486818492543,0.75,0.220721278426));
#7231 = CARTESIAN_POINT('',(0.477337946773,0.76,0.22203563278));
#7232 = CARTESIAN_POINT('',(0.477337946773,0.75,0.22203563278));
#7233 = CARTESIAN_POINT('',(0.467580155913,0.76,0.22299293992));
#7234 = CARTESIAN_POINT('',(0.467580155913,0.75,0.22299293992));
#7235 = CARTESIAN_POINT('',(0.460965868761,0.76,0.223052866428));
#7236 = CARTESIAN_POINT('',(0.460965868761,0.75,0.223052866428));
#7237 = CARTESIAN_POINT('',(0.457624774787,0.76,0.223083137279));
#7238 = CARTESIAN_POINT('',(0.457624774787,0.75,0.223083137279));
#7239 = ADVANCED_FACE('',(#7240),#7274,.T.);
#7240 = FACE_BOUND('',#7241,.T.);
#7241 = EDGE_LOOP('',(#7242,#7243,#7251,#7273));
#7242 = ORIENTED_EDGE('',*,*,#2813,.F.);
#7243 = ORIENTED_EDGE('',*,*,#7244,.F.);
#7244 = EDGE_CURVE('',#7245,#2802,#7247,.T.);
#7245 = VERTEX_POINT('',#7246);
#7246 = CARTESIAN_POINT('',(0.471246569658,0.76,-4.871173451619E-02));
#7247 = LINE('',#7248,#7249);
#7248 = CARTESIAN_POINT('',(0.471246569658,0.76,-4.871173451619E-02));
#7249 = VECTOR('',#7250,1.);
#7250 = DIRECTION('',(-3.761581922631E-31,-1.,-9.429630734102E-47));
#7251 = ORIENTED_EDGE('',*,*,#7252,.T.);
#7252 = EDGE_CURVE('',#7245,#7147,#7253,.T.);
#7253 = B_SPLINE_CURVE_WITH_KNOTS('',3,(#7254,#7255,#7256,#7257,#7258,
    #7259,#7260,#7261,#7262,#7263,#7264,#7265,#7266,#7267,#7268,#7269,
    #7270,#7271,#7272),.UNSPECIFIED.,.F.,.F.,(4,1,1,1,1,1,1,1,1,1,1,1,1,
    1,1,1,4),(0.,6.580764581069E-02,0.129394273668,0.190894060632,
    0.25128106893,0.310814964465,0.370370987448,0.43076826259,
    0.492881250618,0.555103948155,0.616067050994,0.677256033175,
    0.738259805199,0.800762134376,0.864777581574,0.931045294999,1.),
  .UNSPECIFIED.);
#7254 = CARTESIAN_POINT('',(0.471246569658,0.76,-4.871173451619E-02));
#7255 = CARTESIAN_POINT('',(0.475713282768,0.76,-4.861505615108E-02));
#7256 = CARTESIAN_POINT('',(0.484495956748,0.76,-4.842496233026E-02));
#7257 = CARTESIAN_POINT('',(0.497346122119,0.76,-4.659960810805E-02));
#7258 = CARTESIAN_POINT('',(0.509612738487,0.76,-4.372647500745E-02));
#7259 = CARTESIAN_POINT('',(0.521270152221,0.76,-3.971270109469E-02));
#7260 = CARTESIAN_POINT('',(0.532339929437,0.76,-3.458016015819E-02));
#7261 = CARTESIAN_POINT('',(0.542720222178,0.76,-2.816873840301E-02));
#7262 = CARTESIAN_POINT('',(0.552566840805,0.76,-2.067921484305E-02));
#7263 = CARTESIAN_POINT('',(0.561703137257,0.76,-1.206835633338E-02));
#7264 = CARTESIAN_POINT('',(0.569991629618,0.76,-2.591600133135E-03));
#7265 = CARTESIAN_POINT('',(0.577279171295,0.76,7.597870843263E-03));
#7266 = CARTESIAN_POINT('',(0.583469181615,0.76,1.840103223007E-02));
#7267 = CARTESIAN_POINT('',(0.588447553601,0.76,2.992110180015E-02));
#7268 = CARTESIAN_POINT('',(0.59242290609,0.76,4.203071933277E-02));
#7269 = CARTESIAN_POINT('',(0.595068848358,0.76,5.485730019588E-02));
#7270 = CARTESIAN_POINT('',(0.596830757953,0.76,6.827994248313E-02));
#7271 = CARTESIAN_POINT('',(0.597027602104,0.76,7.74576076348E-02));
#7272 = CARTESIAN_POINT('',(0.597127979915,0.76,8.213762445817E-02));
#7273 = ORIENTED_EDGE('',*,*,#7146,.T.);
#7274 = B_SPLINE_SURFACE_WITH_KNOTS('',3,1,(
    (#7275,#7276)
    ,(#7277,#7278)
    ,(#7279,#7280)
    ,(#7281,#7282)
    ,(#7283,#7284)
    ,(#7285,#7286)
    ,(#7287,#7288)
    ,(#7289,#7290)
    ,(#7291,#7292)
    ,(#7293,#7294)
    ,(#7295,#7296)
    ,(#7297,#7298)
    ,(#7299,#7300)
    ,(#7301,#7302)
    ,(#7303,#7304)
    ,(#7305,#7306)
    ,(#7307,#7308)
    ,(#7309,#7310)
    ,(#7311,#7312
    )),.UNSPECIFIED.,.F.,.F.,.F.,(4,1,1,1,1,1,1,1,1,1,1,1,1,1,1,1,4),(2,
    2),(0.,6.580764581069E-02,0.129394273668,0.190894060632,
    0.25128106893,0.310814964465,0.370370987448,0.43076826259,
    0.492881250618,0.555103948155,0.616067050994,0.677256033175,
    0.738259805199,0.800762134376,0.864777581574,0.931045294999,1.),(0.,
    1.),.UNSPECIFIED.);
#7275 = CARTESIAN_POINT('',(0.471246569658,0.76,-4.871173451619E-02));
#7276 = CARTESIAN_POINT('',(0.471246569658,0.75,-4.871173451619E-02));
#7277 = CARTESIAN_POINT('',(0.475713282768,0.76,-4.861505615108E-02));
#7278 = CARTESIAN_POINT('',(0.475713282768,0.75,-4.861505615108E-02));
#7279 = CARTESIAN_POINT('',(0.484495956748,0.76,-4.842496233026E-02));
#7280 = CARTESIAN_POINT('',(0.484495956748,0.75,-4.842496233026E-02));
#7281 = CARTESIAN_POINT('',(0.497346122119,0.76,-4.659960810805E-02));
#7282 = CARTESIAN_POINT('',(0.497346122119,0.75,-4.659960810805E-02));
#7283 = CARTESIAN_POINT('',(0.509612738487,0.76,-4.372647500745E-02));
#7284 = CARTESIAN_POINT('',(0.509612738487,0.75,-4.372647500745E-02));
#7285 = CARTESIAN_POINT('',(0.521270152221,0.76,-3.971270109469E-02));
#7286 = CARTESIAN_POINT('',(0.521270152221,0.75,-3.971270109469E-02));
#7287 = CARTESIAN_POINT('',(0.532339929437,0.76,-3.458016015819E-02));
#7288 = CARTESIAN_POINT('',(0.532339929437,0.75,-3.458016015819E-02));
#7289 = CARTESIAN_POINT('',(0.542720222178,0.76,-2.816873840301E-02));
#7290 = CARTESIAN_POINT('',(0.542720222178,0.75,-2.816873840301E-02));
#7291 = CARTESIAN_POINT('',(0.552566840805,0.76,-2.067921484305E-02));
#7292 = CARTESIAN_POINT('',(0.552566840805,0.75,-2.067921484305E-02));
#7293 = CARTESIAN_POINT('',(0.561703137257,0.76,-1.206835633338E-02));
#7294 = CARTESIAN_POINT('',(0.561703137257,0.75,-1.206835633338E-02));
#7295 = CARTESIAN_POINT('',(0.569991629618,0.76,-2.591600133135E-03));
#7296 = CARTESIAN_POINT('',(0.569991629618,0.75,-2.591600133135E-03));
#7297 = CARTESIAN_POINT('',(0.577279171295,0.76,7.597870843263E-03));
#7298 = CARTESIAN_POINT('',(0.577279171295,0.75,7.597870843263E-03));
#7299 = CARTESIAN_POINT('',(0.583469181615,0.76,1.840103223007E-02));
#7300 = CARTESIAN_POINT('',(0.583469181615,0.75,1.840103223007E-02));
#7301 = CARTESIAN_POINT('',(0.588447553601,0.76,2.992110180015E-02));
#7302 = CARTESIAN_POINT('',(0.588447553601,0.75,2.992110180015E-02));
#7303 = CARTESIAN_POINT('',(0.59242290609,0.76,4.203071933277E-02));
#7304 = CARTESIAN_POINT('',(0.59242290609,0.75,4.203071933277E-02));
#7305 = CARTESIAN_POINT('',(0.595068848358,0.76,5.485730019588E-02));
#7306 = CARTESIAN_POINT('',(0.595068848358,0.75,5.485730019588E-02));
#7307 = CARTESIAN_POINT('',(0.596830757953,0.76,6.827994248313E-02));
#7308 = CARTESIAN_POINT('',(0.596830757953,0.75,6.827994248313E-02));
#7309 = CARTESIAN_POINT('',(0.597027602104,0.76,7.74576076348E-02));
#7310 = CARTESIAN_POINT('',(0.597027602104,0.75,7.74576076348E-02));
#7311 = CARTESIAN_POINT('',(0.597127979915,0.76,8.213762445817E-02));
#7312 = CARTESIAN_POINT('',(0.597127979915,0.75,8.213762445817E-02));
#7313 = ADVANCED_FACE('',(#7314),#7336,.T.);
#7314 = FACE_BOUND('',#7315,.T.);
#7315 = EDGE_LOOP('',(#7316,#7317,#7325,#7335));
#7316 = ORIENTED_EDGE('',*,*,#2801,.F.);
#7317 = ORIENTED_EDGE('',*,*,#7318,.F.);
#7318 = EDGE_CURVE('',#7319,#2794,#7321,.T.);
#7319 = VERTEX_POINT('',#7320);
#7320 = CARTESIAN_POINT('',(0.424131185043,0.76,-4.093929861875E-02));
#7321 = LINE('',#7322,#7323);
#7322 = CARTESIAN_POINT('',(0.424131185043,0.76,-4.093929861875E-02));
#7323 = VECTOR('',#7324,1.);
#7324 = DIRECTION('',(-3.761581922631E-31,-1.,-9.429630734102E-47));
#7325 = ORIENTED_EDGE('',*,*,#7326,.T.);
#7326 = EDGE_CURVE('',#7319,#7245,#7327,.T.);
#7327 = B_SPLINE_CURVE_WITH_KNOTS('',3,(#7328,#7329,#7330,#7331,#7332,
    #7333,#7334),.UNSPECIFIED.,.F.,.F.,(4,1,1,1,4),(0.,0.275068369019,
    0.53290146009,0.773973459592,1.),.UNSPECIFIED.);
#7328 = CARTESIAN_POINT('',(0.424131185043,0.76,-4.093929861875E-02));
#7329 = CARTESIAN_POINT('',(0.428366142114,0.76,-4.210847253992E-02));
#7330 = CARTESIAN_POINT('',(0.436570701638,0.76,-4.437356209535E-02));
#7331 = CARTESIAN_POINT('',(0.448680400034,0.76,-4.688850728729E-02));
#7332 = CARTESIAN_POINT('',(0.460176651859,0.76,-4.840455803672E-02));
#7333 = CARTESIAN_POINT('',(0.467636694192,0.76,-4.861156495239E-02));
#7334 = CARTESIAN_POINT('',(0.471246569658,0.76,-4.871173451619E-02));
#7335 = ORIENTED_EDGE('',*,*,#7244,.T.);
#7336 = B_SPLINE_SURFACE_WITH_KNOTS('',3,1,(
    (#7337,#7338)
    ,(#7339,#7340)
    ,(#7341,#7342)
    ,(#7343,#7344)
    ,(#7345,#7346)
    ,(#7347,#7348)
    ,(#7349,#7350
    )),.UNSPECIFIED.,.F.,.F.,.F.,(4,1,1,1,4),(2,2),(0.,0.275068369019,
    0.53290146009,0.773973459592,1.),(0.,1.),.UNSPECIFIED.);
#7337 = CARTESIAN_POINT('',(0.424131185043,0.76,-4.093929861875E-02));
#7338 = CARTESIAN_POINT('',(0.424131185043,0.75,-4.093929861875E-02));
#7339 = CARTESIAN_POINT('',(0.428366142114,0.76,-4.210847253992E-02));
#7340 = CARTESIAN_POINT('',(0.428366142114,0.75,-4.210847253992E-02));
#7341 = CARTESIAN_POINT('',(0.436570701638,0.76,-4.437356209535E-02));
#7342 = CARTESIAN_POINT('',(0.436570701638,0.75,-4.437356209535E-02));
#7343 = CARTESIAN_POINT('',(0.448680400034,0.76,-4.688850728729E-02));
#7344 = CARTESIAN_POINT('',(0.448680400034,0.75,-4.688850728729E-02));
#7345 = CARTESIAN_POINT('',(0.460176651859,0.76,-4.840455803672E-02));
#7346 = CARTESIAN_POINT('',(0.460176651859,0.75,-4.840455803672E-02));
#7347 = CARTESIAN_POINT('',(0.467636694192,0.76,-4.861156495239E-02));
#7348 = CARTESIAN_POINT('',(0.467636694192,0.75,-4.861156495239E-02));
#7349 = CARTESIAN_POINT('',(0.471246569658,0.76,-4.871173451619E-02));
#7350 = CARTESIAN_POINT('',(0.471246569658,0.75,-4.871173451619E-02));
#7351 = ADVANCED_FACE('',(#7352),#7370,.T.);
#7352 = FACE_BOUND('',#7353,.T.);
#7353 = EDGE_LOOP('',(#7354,#7355,#7363,#7369));
#7354 = ORIENTED_EDGE('',*,*,#2793,.F.);
#7355 = ORIENTED_EDGE('',*,*,#7356,.F.);
#7356 = EDGE_CURVE('',#7357,#2786,#7359,.T.);
#7357 = VERTEX_POINT('',#7358);
#7358 = CARTESIAN_POINT('',(0.445685672223,0.76,-0.146147631952));
#7359 = LINE('',#7360,#7361);
#7360 = CARTESIAN_POINT('',(0.445685672223,0.76,-0.146147631952));
#7361 = VECTOR('',#7362,1.);
#7362 = DIRECTION('',(-3.761581922631E-31,-1.,-9.429630734102E-47));
#7363 = ORIENTED_EDGE('',*,*,#7364,.T.);
#7364 = EDGE_CURVE('',#7357,#7319,#7365,.T.);
#7365 = LINE('',#7366,#7367);
#7366 = CARTESIAN_POINT('',(0.445685672223,0.76,-0.146147631952));
#7367 = VECTOR('',#7368,1.);
#7368 = DIRECTION('',(-0.200705474463,0.,0.979651628142));
#7369 = ORIENTED_EDGE('',*,*,#7318,.T.);
#7370 = PLANE('',#7371);
#7371 = AXIS2_PLACEMENT_3D('',#7372,#7373,#7374);
#7372 = CARTESIAN_POINT('',(0.445685672223,0.76,-0.146147631952));
#7373 = DIRECTION('',(0.979651628142,-3.685039854894E-31,0.200705474463)
  );
#7374 = DIRECTION('',(0.200705474463,0.,-0.979651628142));
#7375 = ADVANCED_FACE('',(#7376),#7394,.T.);
#7376 = FACE_BOUND('',#7377,.T.);
#7377 = EDGE_LOOP('',(#7378,#7379,#7387,#7393));
#7378 = ORIENTED_EDGE('',*,*,#2785,.F.);
#7379 = ORIENTED_EDGE('',*,*,#7380,.F.);
#7380 = EDGE_CURVE('',#7381,#2778,#7383,.T.);
#7381 = VERTEX_POINT('',#7382);
#7382 = CARTESIAN_POINT('',(0.58174336453,0.76,-0.146147631952));
#7383 = LINE('',#7384,#7385);
#7384 = CARTESIAN_POINT('',(0.58174336453,0.76,-0.146147631952));
#7385 = VECTOR('',#7386,1.);
#7386 = DIRECTION('',(-3.761581922631E-31,-1.,-9.429630734102E-47));
#7387 = ORIENTED_EDGE('',*,*,#7388,.T.);
#7388 = EDGE_CURVE('',#7381,#7357,#7389,.T.);
#7389 = LINE('',#7390,#7391);
#7390 = CARTESIAN_POINT('',(0.58174336453,0.76,-0.146147631952));
#7391 = VECTOR('',#7392,1.);
#7392 = DIRECTION('',(-1.,0.,0.));
#7393 = ORIENTED_EDGE('',*,*,#7356,.T.);
#7394 = PLANE('',#7395);
#7395 = AXIS2_PLACEMENT_3D('',#7396,#7397,#7398);
#7396 = CARTESIAN_POINT('',(0.58174336453,0.76,-0.146147631952));
#7397 = DIRECTION('',(0.,-9.429630734102E-47,1.));
#7398 = DIRECTION('',(0.,-1.,-9.429630734102E-47));
#7399 = ADVANCED_FACE('',(#7400),#7411,.T.);
#7400 = FACE_BOUND('',#7401,.T.);
#7401 = EDGE_LOOP('',(#7402,#7403,#7404,#7410));
#7402 = ORIENTED_EDGE('',*,*,#2777,.F.);
#7403 = ORIENTED_EDGE('',*,*,#6749,.F.);
#7404 = ORIENTED_EDGE('',*,*,#7405,.T.);
#7405 = EDGE_CURVE('',#6742,#7381,#7406,.T.);
#7406 = LINE('',#7407,#7408);
#7407 = CARTESIAN_POINT('',(0.58174336453,0.76,-0.187173272978));
#7408 = VECTOR('',#7409,1.);
#7409 = DIRECTION('',(0.,0.,1.));
#7410 = ORIENTED_EDGE('',*,*,#7380,.T.);
#7411 = PLANE('',#7412);
#7412 = AXIS2_PLACEMENT_3D('',#7413,#7414,#7415);
#7413 = CARTESIAN_POINT('',(0.58174336453,0.76,-0.187173272978));
#7414 = DIRECTION('',(1.,-3.761581922631E-31,0.));
#7415 = DIRECTION('',(3.761581922631E-31,1.,0.));
#7416 = ADVANCED_FACE('',(#7417),#7433,.T.);
#7417 = FACE_BOUND('',#7418,.T.);
#7418 = EDGE_LOOP('',(#7419,#7420,#7421,#7422,#7423,#7424,#7425,#7426,
    #7427,#7428,#7429,#7430,#7431,#7432));
#7419 = ORIENTED_EDGE('',*,*,#6741,.F.);
#7420 = ORIENTED_EDGE('',*,*,#6772,.F.);
#7421 = ORIENTED_EDGE('',*,*,#6796,.F.);
#7422 = ORIENTED_EDGE('',*,*,#6846,.F.);
#7423 = ORIENTED_EDGE('',*,*,#6920,.F.);
#7424 = ORIENTED_EDGE('',*,*,#6994,.F.);
#7425 = ORIENTED_EDGE('',*,*,#7056,.F.);
#7426 = ORIENTED_EDGE('',*,*,#7080,.F.);
#7427 = ORIENTED_EDGE('',*,*,#7154,.F.);
#7428 = ORIENTED_EDGE('',*,*,#7252,.F.);
#7429 = ORIENTED_EDGE('',*,*,#7326,.F.);
#7430 = ORIENTED_EDGE('',*,*,#7364,.F.);
#7431 = ORIENTED_EDGE('',*,*,#7388,.F.);
#7432 = ORIENTED_EDGE('',*,*,#7405,.F.);
#7433 = PLANE('',#7434);
#7434 = AXIS2_PLACEMENT_3D('',#7435,#7436,#7437);
#7435 = CARTESIAN_POINT('',(0.447417146535,0.76,-4.651952546901E-02));
#7436 = DIRECTION('',(-7.227732444357E-14,1.,-2.618013972962E-13));
#7437 = DIRECTION('',(0.,2.618013972962E-13,1.));
#7438 = ( GEOMETRIC_REPRESENTATION_CONTEXT(3) 
GLOBAL_UNCERTAINTY_ASSIGNED_CONTEXT((#7442)) 
GLOBAL_UNIT_ASSIGNED_CONTEXT((#7439,#7440,#7441)) REPRESENTATION_CONTEXT
('Context #1','3D Context with UNIT and UNCERTAINTY') );
#7439 = ( LENGTH_UNIT() NAMED_UNIT(*) SI_UNIT(.MILLI.,.METRE.) );
#7440 = ( NAMED_UNIT(*) PLANE_ANGLE_UNIT() SI_UNIT($,.RADIAN.) );
#7441 = ( NAMED_UNIT(*) SI_UNIT($,.STERADIAN.) SOLID_ANGLE_UNIT() );
#7442 = UNCERTAINTY_MEASURE_WITH_UNIT(LENGTH_MEASURE(1.E-07),#7439,
  'distance_accuracy_value','confusion accuracy');
#7443 = SHAPE_DEFINITION_REPRESENTATION(#7444,#1774);
#7444 = PRODUCT_DEFINITION_SHAPE('','',#7445);
#7445 = PRODUCT_DEFINITION('design','',#7446,#7449);
#7446 = PRODUCT_DEFINITION_FORMATION('','',#7447);
#7447 = PRODUCT('User Library-RES_2013-0805',
  'User Library-RES_2013-0805','',(#7448));
#7448 = PRODUCT_CONTEXT('',#2,'mechanical');
#7449 = PRODUCT_DEFINITION_CONTEXT('part definition',#2,'design');
#7450 = CONTEXT_DEPENDENT_SHAPE_REPRESENTATION(#7451,#7453);
#7451 = ( REPRESENTATION_RELATIONSHIP('','',#1774,#1756) 
REPRESENTATION_RELATIONSHIP_WITH_TRANSFORMATION(#7452) 
SHAPE_REPRESENTATION_RELATIONSHIP() );
#7452 = ITEM_DEFINED_TRANSFORMATION('','',#11,#1757);
#7453 = PRODUCT_DEFINITION_SHAPE('Placement','Placement of an item',
  #7454);
#7454 = NEXT_ASSEMBLY_USAGE_OCCURRENCE('13','','',#1751,#7445,$);
#7455 = PRODUCT_RELATED_PRODUCT_CATEGORY('part',$,(#7447));
#7456 = SHAPE_DEFINITION_REPRESENTATION(#7457,#7463);
#7457 = PRODUCT_DEFINITION_SHAPE('','',#7458);
#7458 = PRODUCT_DEFINITION('design','',#7459,#7462);
#7459 = PRODUCT_DEFINITION_FORMATION('','',#7460);
#7460 = PRODUCT('9034357968','9034357968','',(#7461));
#7461 = PRODUCT_CONTEXT('',#2,'mechanical');
#7462 = PRODUCT_DEFINITION_CONTEXT('part definition',#2,'design');
#7463 = SHAPE_REPRESENTATION('',(#11,#7464),#7468);
#7464 = AXIS2_PLACEMENT_3D('',#7465,#7466,#7467);
#7465 = CARTESIAN_POINT('',(0.,0.,0.));
#7466 = DIRECTION('',(0.,0.,1.));
#7467 = DIRECTION('',(1.,0.,0.));
#7468 = ( GEOMETRIC_REPRESENTATION_CONTEXT(3) 
GLOBAL_UNCERTAINTY_ASSIGNED_CONTEXT((#7472)) 
GLOBAL_UNIT_ASSIGNED_CONTEXT((#7469,#7470,#7471)) REPRESENTATION_CONTEXT
('Context #1','3D Context with UNIT and UNCERTAINTY') );
#7469 = ( LENGTH_UNIT() NAMED_UNIT(*) SI_UNIT(.MILLI.,.METRE.) );
#7470 = ( NAMED_UNIT(*) PLANE_ANGLE_UNIT() SI_UNIT($,.RADIAN.) );
#7471 = ( NAMED_UNIT(*) SI_UNIT($,.STERADIAN.) SOLID_ANGLE_UNIT() );
#7472 = UNCERTAINTY_MEASURE_WITH_UNIT(LENGTH_MEASURE(1.E-07),#7469,
  'distance_accuracy_value','confusion accuracy');
#7473 = ADVANCED_BREP_SHAPE_REPRESENTATION('',(#11,#7474),#7624);
#7474 = MANIFOLD_SOLID_BREP('',#7475);
#7475 = CLOSED_SHELL('',(#7476,#7516,#7547,#7578,#7600,#7612));
#7476 = ADVANCED_FACE('',(#7477),#7511,.T.);
#7477 = FACE_BOUND('',#7478,.T.);
#7478 = EDGE_LOOP('',(#7479,#7489,#7497,#7505));
#7479 = ORIENTED_EDGE('',*,*,#7480,.T.);
#7480 = EDGE_CURVE('',#7481,#7483,#7485,.T.);
#7481 = VERTEX_POINT('',#7482);
#7482 = CARTESIAN_POINT('',(-0.1999996,-0.6999986,0.));
#7483 = VERTEX_POINT('',#7484);
#7484 = CARTESIAN_POINT('',(-0.1999996,-0.6999986,0.5499989));
#7485 = LINE('',#7486,#7487);
#7486 = CARTESIAN_POINT('',(-0.1999996,-0.6999986,0.));
#7487 = VECTOR('',#7488,1.);
#7488 = DIRECTION('',(0.,0.,1.));
#7489 = ORIENTED_EDGE('',*,*,#7490,.T.);
#7490 = EDGE_CURVE('',#7483,#7491,#7493,.T.);
#7491 = VERTEX_POINT('',#7492);
#7492 = CARTESIAN_POINT('',(-0.1999996,0.70000114,0.5499989));
#7493 = LINE('',#7494,#7495);
#7494 = CARTESIAN_POINT('',(-0.1999996,-0.6999986,0.5499989));
#7495 = VECTOR('',#7496,1.);
#7496 = DIRECTION('',(0.,1.,0.));
#7497 = ORIENTED_EDGE('',*,*,#7498,.F.);
#7498 = EDGE_CURVE('',#7499,#7491,#7501,.T.);
#7499 = VERTEX_POINT('',#7500);
#7500 = CARTESIAN_POINT('',(-0.1999996,0.70000114,0.));
#7501 = LINE('',#7502,#7503);
#7502 = CARTESIAN_POINT('',(-0.1999996,0.70000114,0.));
#7503 = VECTOR('',#7504,1.);
#7504 = DIRECTION('',(0.,0.,1.));
#7505 = ORIENTED_EDGE('',*,*,#7506,.F.);
#7506 = EDGE_CURVE('',#7481,#7499,#7507,.T.);
#7507 = LINE('',#7508,#7509);
#7508 = CARTESIAN_POINT('',(-0.1999996,-0.6999986,0.));
#7509 = VECTOR('',#7510,1.);
#7510 = DIRECTION('',(0.,1.,0.));
#7511 = PLANE('',#7512);
#7512 = AXIS2_PLACEMENT_3D('',#7513,#7514,#7515);
#7513 = CARTESIAN_POINT('',(-0.1999996,-0.6999986,0.));
#7514 = DIRECTION('',(-1.,0.,0.));
#7515 = DIRECTION('',(0.,1.,0.));
#7516 = ADVANCED_FACE('',(#7517),#7542,.T.);
#7517 = FACE_BOUND('',#7518,.T.);
#7518 = EDGE_LOOP('',(#7519,#7520,#7528,#7536));
#7519 = ORIENTED_EDGE('',*,*,#7498,.T.);
#7520 = ORIENTED_EDGE('',*,*,#7521,.T.);
#7521 = EDGE_CURVE('',#7491,#7522,#7524,.T.);
#7522 = VERTEX_POINT('',#7523);
#7523 = CARTESIAN_POINT('',(0.1999996,0.70000114,0.5499989));
#7524 = LINE('',#7525,#7526);
#7525 = CARTESIAN_POINT('',(-0.1999996,0.70000114,0.5499989));
#7526 = VECTOR('',#7527,1.);
#7527 = DIRECTION('',(1.,0.,0.));
#7528 = ORIENTED_EDGE('',*,*,#7529,.F.);
#7529 = EDGE_CURVE('',#7530,#7522,#7532,.T.);
#7530 = VERTEX_POINT('',#7531);
#7531 = CARTESIAN_POINT('',(0.1999996,0.70000114,0.));
#7532 = LINE('',#7533,#7534);
#7533 = CARTESIAN_POINT('',(0.1999996,0.70000114,0.));
#7534 = VECTOR('',#7535,1.);
#7535 = DIRECTION('',(0.,0.,1.));
#7536 = ORIENTED_EDGE('',*,*,#7537,.F.);
#7537 = EDGE_CURVE('',#7499,#7530,#7538,.T.);
#7538 = LINE('',#7539,#7540);
#7539 = CARTESIAN_POINT('',(-0.1999996,0.70000114,0.));
#7540 = VECTOR('',#7541,1.);
#7541 = DIRECTION('',(1.,0.,0.));
#7542 = PLANE('',#7543);
#7543 = AXIS2_PLACEMENT_3D('',#7544,#7545,#7546);
#7544 = CARTESIAN_POINT('',(-0.1999996,0.70000114,0.));
#7545 = DIRECTION('',(0.,1.,0.));
#7546 = DIRECTION('',(1.,0.,0.));
#7547 = ADVANCED_FACE('',(#7548),#7573,.T.);
#7548 = FACE_BOUND('',#7549,.T.);
#7549 = EDGE_LOOP('',(#7550,#7551,#7559,#7567));
#7550 = ORIENTED_EDGE('',*,*,#7529,.T.);
#7551 = ORIENTED_EDGE('',*,*,#7552,.T.);
#7552 = EDGE_CURVE('',#7522,#7553,#7555,.T.);
#7553 = VERTEX_POINT('',#7554);
#7554 = CARTESIAN_POINT('',(0.1999996,-0.6999986,0.5499989));
#7555 = LINE('',#7556,#7557);
#7556 = CARTESIAN_POINT('',(0.1999996,0.70000114,0.5499989));
#7557 = VECTOR('',#7558,1.);
#7558 = DIRECTION('',(0.,-1.,0.));
#7559 = ORIENTED_EDGE('',*,*,#7560,.F.);
#7560 = EDGE_CURVE('',#7561,#7553,#7563,.T.);
#7561 = VERTEX_POINT('',#7562);
#7562 = CARTESIAN_POINT('',(0.1999996,-0.6999986,0.));
#7563 = LINE('',#7564,#7565);
#7564 = CARTESIAN_POINT('',(0.1999996,-0.6999986,0.));
#7565 = VECTOR('',#7566,1.);
#7566 = DIRECTION('',(0.,0.,1.));
#7567 = ORIENTED_EDGE('',*,*,#7568,.F.);
#7568 = EDGE_CURVE('',#7530,#7561,#7569,.T.);
#7569 = LINE('',#7570,#7571);
#7570 = CARTESIAN_POINT('',(0.1999996,0.70000114,0.));
#7571 = VECTOR('',#7572,1.);
#7572 = DIRECTION('',(0.,-1.,0.));
#7573 = PLANE('',#7574);
#7574 = AXIS2_PLACEMENT_3D('',#7575,#7576,#7577);
#7575 = CARTESIAN_POINT('',(0.1999996,0.70000114,0.));
#7576 = DIRECTION('',(1.,0.,-0.));
#7577 = DIRECTION('',(0.,-1.,0.));
#7578 = ADVANCED_FACE('',(#7579),#7595,.T.);
#7579 = FACE_BOUND('',#7580,.T.);
#7580 = EDGE_LOOP('',(#7581,#7582,#7588,#7589));
#7581 = ORIENTED_EDGE('',*,*,#7560,.T.);
#7582 = ORIENTED_EDGE('',*,*,#7583,.T.);
#7583 = EDGE_CURVE('',#7553,#7483,#7584,.T.);
#7584 = LINE('',#7585,#7586);
#7585 = CARTESIAN_POINT('',(0.1999996,-0.6999986,0.5499989));
#7586 = VECTOR('',#7587,1.);
#7587 = DIRECTION('',(-1.,0.,0.));
#7588 = ORIENTED_EDGE('',*,*,#7480,.F.);
#7589 = ORIENTED_EDGE('',*,*,#7590,.F.);
#7590 = EDGE_CURVE('',#7561,#7481,#7591,.T.);
#7591 = LINE('',#7592,#7593);
#7592 = CARTESIAN_POINT('',(0.1999996,-0.6999986,0.));
#7593 = VECTOR('',#7594,1.);
#7594 = DIRECTION('',(-1.,0.,0.));
#7595 = PLANE('',#7596);
#7596 = AXIS2_PLACEMENT_3D('',#7597,#7598,#7599);
#7597 = CARTESIAN_POINT('',(0.1999996,-0.6999986,0.));
#7598 = DIRECTION('',(0.,-1.,0.));
#7599 = DIRECTION('',(-1.,0.,0.));
#7600 = ADVANCED_FACE('',(#7601),#7607,.T.);
#7601 = FACE_BOUND('',#7602,.T.);
#7602 = EDGE_LOOP('',(#7603,#7604,#7605,#7606));
#7603 = ORIENTED_EDGE('',*,*,#7506,.T.);
#7604 = ORIENTED_EDGE('',*,*,#7537,.T.);
#7605 = ORIENTED_EDGE('',*,*,#7568,.T.);
#7606 = ORIENTED_EDGE('',*,*,#7590,.T.);
#7607 = PLANE('',#7608);
#7608 = AXIS2_PLACEMENT_3D('',#7609,#7610,#7611);
#7609 = CARTESIAN_POINT('',(0.,1.270000012731E-06,0.));
#7610 = DIRECTION('',(-0.,-0.,-1.));
#7611 = DIRECTION('',(-1.,0.,0.));
#7612 = ADVANCED_FACE('',(#7613),#7619,.F.);
#7613 = FACE_BOUND('',#7614,.F.);
#7614 = EDGE_LOOP('',(#7615,#7616,#7617,#7618));
#7615 = ORIENTED_EDGE('',*,*,#7490,.T.);
#7616 = ORIENTED_EDGE('',*,*,#7521,.T.);
#7617 = ORIENTED_EDGE('',*,*,#7552,.T.);
#7618 = ORIENTED_EDGE('',*,*,#7583,.T.);
#7619 = PLANE('',#7620);
#7620 = AXIS2_PLACEMENT_3D('',#7621,#7622,#7623);
#7621 = CARTESIAN_POINT('',(0.,1.270000012731E-06,0.5499989));
#7622 = DIRECTION('',(-0.,-0.,-1.));
#7623 = DIRECTION('',(-1.,0.,0.));
#7624 = ( GEOMETRIC_REPRESENTATION_CONTEXT(3) 
GLOBAL_UNCERTAINTY_ASSIGNED_CONTEXT((#7628)) 
GLOBAL_UNIT_ASSIGNED_CONTEXT((#7625,#7626,#7627)) REPRESENTATION_CONTEXT
('Context #1','3D Context with UNIT and UNCERTAINTY') );
#7625 = ( LENGTH_UNIT() NAMED_UNIT(*) SI_UNIT(.MILLI.,.METRE.) );
#7626 = ( NAMED_UNIT(*) PLANE_ANGLE_UNIT() SI_UNIT($,.RADIAN.) );
#7627 = ( NAMED_UNIT(*) SI_UNIT($,.STERADIAN.) SOLID_ANGLE_UNIT() );
#7628 = UNCERTAINTY_MEASURE_WITH_UNIT(LENGTH_MEASURE(1.E-07),#7625,
  'distance_accuracy_value','confusion accuracy');
#7629 = SHAPE_DEFINITION_REPRESENTATION(#7630,#7473);
#7630 = PRODUCT_DEFINITION_SHAPE('','',#7631);
#7631 = PRODUCT_DEFINITION('design','',#7632,#7635);
#7632 = PRODUCT_DEFINITION_FORMATION('','',#7633);
#7633 = PRODUCT('Extruded','Extruded','',(#7634));
#7634 = PRODUCT_CONTEXT('',#2,'mechanical');
#7635 = PRODUCT_DEFINITION_CONTEXT('part definition',#2,'design');
#7636 = CONTEXT_DEPENDENT_SHAPE_REPRESENTATION(#7637,#7639);
#7637 = ( REPRESENTATION_RELATIONSHIP('','',#7473,#7463) 
REPRESENTATION_RELATIONSHIP_WITH_TRANSFORMATION(#7638) 
SHAPE_REPRESENTATION_RELATIONSHIP() );
#7638 = ITEM_DEFINED_TRANSFORMATION('','',#11,#7464);
#7639 = PRODUCT_DEFINITION_SHAPE('Placement','Placement of an item',
  #7640);
#7640 = NEXT_ASSEMBLY_USAGE_OCCURRENCE('14','8','',#7458,#7631,$);
#7641 = PRODUCT_RELATED_PRODUCT_CATEGORY('part',$,(#7633));
#7642 = CONTEXT_DEPENDENT_SHAPE_REPRESENTATION(#7643,#7645);
#7643 = ( REPRESENTATION_RELATIONSHIP('','',#7463,#1756) 
REPRESENTATION_RELATIONSHIP_WITH_TRANSFORMATION(#7644) 
SHAPE_REPRESENTATION_RELATIONSHIP() );
#7644 = ITEM_DEFINED_TRANSFORMATION('','',#11,#1761);
#7645 = PRODUCT_DEFINITION_SHAPE('Placement','Placement of an item',
  #7646);
#7646 = NEXT_ASSEMBLY_USAGE_OCCURRENCE('15','','',#1751,#7458,$);
#7647 = PRODUCT_RELATED_PRODUCT_CATEGORY('part',$,(#7460));
#7648 = CONTEXT_DEPENDENT_SHAPE_REPRESENTATION(#7649,#7651);
#7649 = ( REPRESENTATION_RELATIONSHIP('','',#7463,#1756) 
REPRESENTATION_RELATIONSHIP_WITH_TRANSFORMATION(#7650) 
SHAPE_REPRESENTATION_RELATIONSHIP() );
#7650 = ITEM_DEFINED_TRANSFORMATION('','',#11,#1765);
#7651 = PRODUCT_DEFINITION_SHAPE('Placement','Placement of an item',
  #7652);
#7652 = NEXT_ASSEMBLY_USAGE_OCCURRENCE('16','','',#1751,#7458,$);
#7653 = CONTEXT_DEPENDENT_SHAPE_REPRESENTATION(#7654,#7656);
#7654 = ( REPRESENTATION_RELATIONSHIP('','',#1756,#10) 
REPRESENTATION_RELATIONSHIP_WITH_TRANSFORMATION(#7655) 
SHAPE_REPRESENTATION_RELATIONSHIP() );
#7655 = ITEM_DEFINED_TRANSFORMATION('','',#11,#27);
#7656 = PRODUCT_DEFINITION_SHAPE('Placement','Placement of an item',
  #7657);
#7657 = NEXT_ASSEMBLY_USAGE_OCCURRENCE('17','','',#5,#1751,$);
#7658 = PRODUCT_RELATED_PRODUCT_CATEGORY('part',$,(#1753));
#7659 = SHAPE_DEFINITION_REPRESENTATION(#7660,#7666);
#7660 = PRODUCT_DEFINITION_SHAPE('','',#7661);
#7661 = PRODUCT_DEFINITION('design','',#7662,#7665);
#7662 = PRODUCT_DEFINITION_FORMATION('','',#7663);
#7663 = PRODUCT('R57','R57','',(#7664));
#7664 = PRODUCT_CONTEXT('',#2,'mechanical');
#7665 = PRODUCT_DEFINITION_CONTEXT('part definition',#2,'design');
#7666 = SHAPE_REPRESENTATION('',(#11,#7667,#7671,#7675),#7679);
#7667 = AXIS2_PLACEMENT_3D('',#7668,#7669,#7670);
#7668 = CARTESIAN_POINT('',(-9.600003617637,-13.79999986,-0.911478996277
    ));
#7669 = DIRECTION('',(0.,0.,1.));
#7670 = DIRECTION('',(1.,0.,0.));
#7671 = AXIS2_PLACEMENT_3D('',#7672,#7673,#7674);
#7672 = CARTESIAN_POINT('',(-8.200002091758,-13.79999986,-0.911478996277
    ));
#7673 = DIRECTION('',(0.,0.,1.));
#7674 = DIRECTION('',(1.,0.,0.));
#7675 = AXIS2_PLACEMENT_3D('',#7676,#7677,#7678);
#7676 = CARTESIAN_POINT('',(-8.89999904,-13.79999986,-0.911478996277));
#7677 = DIRECTION('',(0.,0.,1.));
#7678 = DIRECTION('',(1.,0.,0.));
#7679 = ( GEOMETRIC_REPRESENTATION_CONTEXT(3) 
GLOBAL_UNCERTAINTY_ASSIGNED_CONTEXT((#7683)) 
GLOBAL_UNIT_ASSIGNED_CONTEXT((#7680,#7681,#7682)) REPRESENTATION_CONTEXT
('Context #1','3D Context with UNIT and UNCERTAINTY') );
#7680 = ( LENGTH_UNIT() NAMED_UNIT(*) SI_UNIT(.MILLI.,.METRE.) );
#7681 = ( NAMED_UNIT(*) PLANE_ANGLE_UNIT() SI_UNIT($,.RADIAN.) );
#7682 = ( NAMED_UNIT(*) SI_UNIT($,.STERADIAN.) SOLID_ANGLE_UNIT() );
#7683 = UNCERTAINTY_MEASURE_WITH_UNIT(LENGTH_MEASURE(1.E-07),#7680,
  'distance_accuracy_value','confusion accuracy');
#7684 = CONTEXT_DEPENDENT_SHAPE_REPRESENTATION(#7685,#7687);
#7685 = ( REPRESENTATION_RELATIONSHIP('','',#1315,#7666) 
REPRESENTATION_RELATIONSHIP_WITH_TRANSFORMATION(#7686) 
SHAPE_REPRESENTATION_RELATIONSHIP() );
#7686 = ITEM_DEFINED_TRANSFORMATION('','',#11,#7667);
#7687 = PRODUCT_DEFINITION_SHAPE('Placement','Placement of an item',
  #7688);
#7688 = NEXT_ASSEMBLY_USAGE_OCCURRENCE('18','','',#7661,#1310,$);
#7689 = CONTEXT_DEPENDENT_SHAPE_REPRESENTATION(#7690,#7692);
#7690 = ( REPRESENTATION_RELATIONSHIP('','',#1315,#7666) 
REPRESENTATION_RELATIONSHIP_WITH_TRANSFORMATION(#7691) 
SHAPE_REPRESENTATION_RELATIONSHIP() );
#7691 = ITEM_DEFINED_TRANSFORMATION('','',#11,#7671);
#7692 = PRODUCT_DEFINITION_SHAPE('Placement','Placement of an item',
  #7693);
#7693 = NEXT_ASSEMBLY_USAGE_OCCURRENCE('19','','',#7661,#1310,$);
#7694 = CONTEXT_DEPENDENT_SHAPE_REPRESENTATION(#7695,#7697);
#7695 = ( REPRESENTATION_RELATIONSHIP('','',#1512,#7666) 
REPRESENTATION_RELATIONSHIP_WITH_TRANSFORMATION(#7696) 
SHAPE_REPRESENTATION_RELATIONSHIP() );
#7696 = ITEM_DEFINED_TRANSFORMATION('','',#11,#7675);
#7697 = PRODUCT_DEFINITION_SHAPE('Placement','Placement of an item',
  #7698);
#7698 = NEXT_ASSEMBLY_USAGE_OCCURRENCE('20','','',#7661,#1507,$);
#7699 = CONTEXT_DEPENDENT_SHAPE_REPRESENTATION(#7700,#7702);
#7700 = ( REPRESENTATION_RELATIONSHIP('','',#7666,#10) 
REPRESENTATION_RELATIONSHIP_WITH_TRANSFORMATION(#7701) 
SHAPE_REPRESENTATION_RELATIONSHIP() );
#7701 = ITEM_DEFINED_TRANSFORMATION('','',#11,#31);
#7702 = PRODUCT_DEFINITION_SHAPE('Placement','Placement of an item',
  #7703);
#7703 = NEXT_ASSEMBLY_USAGE_OCCURRENCE('21','','',#5,#7661,$);
#7704 = PRODUCT_RELATED_PRODUCT_CATEGORY('part',$,(#7663));
#7705 = SHAPE_DEFINITION_REPRESENTATION(#7706,#7712);
#7706 = PRODUCT_DEFINITION_SHAPE('','',#7707);
#7707 = PRODUCT_DEFINITION('design','',#7708,#7711);
#7708 = PRODUCT_DEFINITION_FORMATION('','',#7709);
#7709 = PRODUCT('R56','R56','',(#7710));
#7710 = PRODUCT_CONTEXT('',#2,'mechanical');
#7711 = PRODUCT_DEFINITION_CONTEXT('part definition',#2,'design');
#7712 = SHAPE_REPRESENTATION('',(#11,#7713,#7717,#7721),#7725);
#7713 = AXIS2_PLACEMENT_3D('',#7714,#7715,#7716);
#7714 = CARTESIAN_POINT('',(-7.699994462363,-8.29999986,-0.911478996277)
  );
#7715 = DIRECTION('',(0.,0.,1.));
#7716 = DIRECTION('',(1.,0.,0.));
#7717 = AXIS2_PLACEMENT_3D('',#7718,#7719,#7720);
#7718 = CARTESIAN_POINT('',(-9.099995988242,-8.29999986,-0.911478996277)
  );
#7719 = DIRECTION('',(0.,0.,1.));
#7720 = DIRECTION('',(1.,0.,0.));
#7721 = AXIS2_PLACEMENT_3D('',#7722,#7723,#7724);
#7722 = CARTESIAN_POINT('',(-8.39999904,-8.29999986,-0.911478996277));
#7723 = DIRECTION('',(0.,0.,1.));
#7724 = DIRECTION('',(1.,0.,0.));
#7725 = ( GEOMETRIC_REPRESENTATION_CONTEXT(3) 
GLOBAL_UNCERTAINTY_ASSIGNED_CONTEXT((#7729)) 
GLOBAL_UNIT_ASSIGNED_CONTEXT((#7726,#7727,#7728)) REPRESENTATION_CONTEXT
('Context #1','3D Context with UNIT and UNCERTAINTY') );
#7726 = ( LENGTH_UNIT() NAMED_UNIT(*) SI_UNIT(.MILLI.,.METRE.) );
#7727 = ( NAMED_UNIT(*) PLANE_ANGLE_UNIT() SI_UNIT($,.RADIAN.) );
#7728 = ( NAMED_UNIT(*) SI_UNIT($,.STERADIAN.) SOLID_ANGLE_UNIT() );
#7729 = UNCERTAINTY_MEASURE_WITH_UNIT(LENGTH_MEASURE(1.E-07),#7726,
  'distance_accuracy_value','confusion accuracy');
#7730 = CONTEXT_DEPENDENT_SHAPE_REPRESENTATION(#7731,#7733);
#7731 = ( REPRESENTATION_RELATIONSHIP('','',#1315,#7712) 
REPRESENTATION_RELATIONSHIP_WITH_TRANSFORMATION(#7732) 
SHAPE_REPRESENTATION_RELATIONSHIP() );
#7732 = ITEM_DEFINED_TRANSFORMATION('','',#11,#7713);
#7733 = PRODUCT_DEFINITION_SHAPE('Placement','Placement of an item',
  #7734);
#7734 = NEXT_ASSEMBLY_USAGE_OCCURRENCE('22','','',#7707,#1310,$);
#7735 = CONTEXT_DEPENDENT_SHAPE_REPRESENTATION(#7736,#7738);
#7736 = ( REPRESENTATION_RELATIONSHIP('','',#1315,#7712) 
REPRESENTATION_RELATIONSHIP_WITH_TRANSFORMATION(#7737) 
SHAPE_REPRESENTATION_RELATIONSHIP() );
#7737 = ITEM_DEFINED_TRANSFORMATION('','',#11,#7717);
#7738 = PRODUCT_DEFINITION_SHAPE('Placement','Placement of an item',
  #7739);
#7739 = NEXT_ASSEMBLY_USAGE_OCCURRENCE('23','','',#7707,#1310,$);
#7740 = CONTEXT_DEPENDENT_SHAPE_REPRESENTATION(#7741,#7743);
#7741 = ( REPRESENTATION_RELATIONSHIP('','',#1512,#7712) 
REPRESENTATION_RELATIONSHIP_WITH_TRANSFORMATION(#7742) 
SHAPE_REPRESENTATION_RELATIONSHIP() );
#7742 = ITEM_DEFINED_TRANSFORMATION('','',#11,#7721);
#7743 = PRODUCT_DEFINITION_SHAPE('Placement','Placement of an item',
  #7744);
#7744 = NEXT_ASSEMBLY_USAGE_OCCURRENCE('24','','',#7707,#1507,$);
#7745 = CONTEXT_DEPENDENT_SHAPE_REPRESENTATION(#7746,#7748);
#7746 = ( REPRESENTATION_RELATIONSHIP('','',#7712,#10) 
REPRESENTATION_RELATIONSHIP_WITH_TRANSFORMATION(#7747) 
SHAPE_REPRESENTATION_RELATIONSHIP() );
#7747 = ITEM_DEFINED_TRANSFORMATION('','',#11,#35);
#7748 = PRODUCT_DEFINITION_SHAPE('Placement','Placement of an item',
  #7749);
#7749 = NEXT_ASSEMBLY_USAGE_OCCURRENCE('25','','',#5,#7707,$);
#7750 = PRODUCT_RELATED_PRODUCT_CATEGORY('part',$,(#7709));
#7751 = SHAPE_DEFINITION_REPRESENTATION(#7752,#7758);
#7752 = PRODUCT_DEFINITION_SHAPE('','',#7753);
#7753 = PRODUCT_DEFINITION('design','',#7754,#7757);
#7754 = PRODUCT_DEFINITION_FORMATION('','',#7755);
#7755 = PRODUCT('R55','R55','',(#7756));
#7756 = PRODUCT_CONTEXT('',#2,'mechanical');
#7757 = PRODUCT_DEFINITION_CONTEXT('part definition',#2,'design');
#7758 = SHAPE_REPRESENTATION('',(#11,#7759,#7763,#7767),#7771);
#7759 = AXIS2_PLACEMENT_3D('',#7760,#7761,#7762);
#7760 = CARTESIAN_POINT('',(-2.14999904,-18.10000291175,-0.911478996277)
  );
#7761 = DIRECTION('',(0.,0.,1.));
#7762 = DIRECTION('',(1.,0.,0.));
#7763 = AXIS2_PLACEMENT_3D('',#7764,#7765,#7766);
#7764 = CARTESIAN_POINT('',(-2.14999904,-19.50000443763,-0.911478996277)
  );
#7765 = DIRECTION('',(0.,0.,1.));
#7766 = DIRECTION('',(1.,0.,0.));
#7767 = AXIS2_PLACEMENT_3D('',#7768,#7769,#7770);
#7768 = CARTESIAN_POINT('',(-2.14999904,-18.79999986,-0.911478996277));
#7769 = DIRECTION('',(0.,0.,1.));
#7770 = DIRECTION('',(1.,0.,0.));
#7771 = ( GEOMETRIC_REPRESENTATION_CONTEXT(3) 
GLOBAL_UNCERTAINTY_ASSIGNED_CONTEXT((#7775)) 
GLOBAL_UNIT_ASSIGNED_CONTEXT((#7772,#7773,#7774)) REPRESENTATION_CONTEXT
('Context #1','3D Context with UNIT and UNCERTAINTY') );
#7772 = ( LENGTH_UNIT() NAMED_UNIT(*) SI_UNIT(.MILLI.,.METRE.) );
#7773 = ( NAMED_UNIT(*) PLANE_ANGLE_UNIT() SI_UNIT($,.RADIAN.) );
#7774 = ( NAMED_UNIT(*) SI_UNIT($,.STERADIAN.) SOLID_ANGLE_UNIT() );
#7775 = UNCERTAINTY_MEASURE_WITH_UNIT(LENGTH_MEASURE(1.E-07),#7772,
  'distance_accuracy_value','confusion accuracy');
#7776 = SHAPE_DEFINITION_REPRESENTATION(#7777,#7783);
#7777 = PRODUCT_DEFINITION_SHAPE('','',#7778);
#7778 = PRODUCT_DEFINITION('design','',#7779,#7782);
#7779 = PRODUCT_DEFINITION_FORMATION('','',#7780);
#7780 = PRODUCT('8855136080','8855136080','',(#7781));
#7781 = PRODUCT_CONTEXT('',#2,'mechanical');
#7782 = PRODUCT_DEFINITION_CONTEXT('part definition',#2,'design');
#7783 = SHAPE_REPRESENTATION('',(#11,#7784),#7788);
#7784 = AXIS2_PLACEMENT_3D('',#7785,#7786,#7787);
#7785 = CARTESIAN_POINT('',(0.,0.,0.));
#7786 = DIRECTION('',(0.,0.,1.));
#7787 = DIRECTION('',(1.,0.,0.));
#7788 = ( GEOMETRIC_REPRESENTATION_CONTEXT(3) 
GLOBAL_UNCERTAINTY_ASSIGNED_CONTEXT((#7792)) 
GLOBAL_UNIT_ASSIGNED_CONTEXT((#7789,#7790,#7791)) REPRESENTATION_CONTEXT
('Context #1','3D Context with UNIT and UNCERTAINTY') );
#7789 = ( LENGTH_UNIT() NAMED_UNIT(*) SI_UNIT(.MILLI.,.METRE.) );
#7790 = ( NAMED_UNIT(*) PLANE_ANGLE_UNIT() SI_UNIT($,.RADIAN.) );
#7791 = ( NAMED_UNIT(*) SI_UNIT($,.STERADIAN.) SOLID_ANGLE_UNIT() );
#7792 = UNCERTAINTY_MEASURE_WITH_UNIT(LENGTH_MEASURE(1.E-07),#7789,
  'distance_accuracy_value','confusion accuracy');
#7793 = ADVANCED_BREP_SHAPE_REPRESENTATION('',(#11,#7794),#7944);
#7794 = MANIFOLD_SOLID_BREP('',#7795);
#7795 = CLOSED_SHELL('',(#7796,#7836,#7867,#7898,#7920,#7932));
#7796 = ADVANCED_FACE('',(#7797),#7831,.T.);
#7797 = FACE_BOUND('',#7798,.T.);
#7798 = EDGE_LOOP('',(#7799,#7809,#7817,#7825));
#7799 = ORIENTED_EDGE('',*,*,#7800,.T.);
#7800 = EDGE_CURVE('',#7801,#7803,#7805,.T.);
#7801 = VERTEX_POINT('',#7802);
#7802 = CARTESIAN_POINT('',(0.47500032,-0.1499997,0.));
#7803 = VERTEX_POINT('',#7804);
#7804 = CARTESIAN_POINT('',(0.47500032,-0.1499997,0.499999));
#7805 = LINE('',#7806,#7807);
#7806 = CARTESIAN_POINT('',(0.47500032,-0.1499997,0.));
#7807 = VECTOR('',#7808,1.);
#7808 = DIRECTION('',(0.,0.,1.));
#7809 = ORIENTED_EDGE('',*,*,#7810,.T.);
#7810 = EDGE_CURVE('',#7803,#7811,#7813,.T.);
#7811 = VERTEX_POINT('',#7812);
#7812 = CARTESIAN_POINT('',(-0.47499778,-0.1499997,0.499999));
#7813 = LINE('',#7814,#7815);
#7814 = CARTESIAN_POINT('',(0.47500032,-0.1499997,0.499999));
#7815 = VECTOR('',#7816,1.);
#7816 = DIRECTION('',(-1.,0.,0.));
#7817 = ORIENTED_EDGE('',*,*,#7818,.F.);
#7818 = EDGE_CURVE('',#7819,#7811,#7821,.T.);
#7819 = VERTEX_POINT('',#7820);
#7820 = CARTESIAN_POINT('',(-0.47499778,-0.1499997,0.));
#7821 = LINE('',#7822,#7823);
#7822 = CARTESIAN_POINT('',(-0.47499778,-0.1499997,0.));
#7823 = VECTOR('',#7824,1.);
#7824 = DIRECTION('',(0.,0.,1.));
#7825 = ORIENTED_EDGE('',*,*,#7826,.F.);
#7826 = EDGE_CURVE('',#7801,#7819,#7827,.T.);
#7827 = LINE('',#7828,#7829);
#7828 = CARTESIAN_POINT('',(0.47500032,-0.1499997,0.));
#7829 = VECTOR('',#7830,1.);
#7830 = DIRECTION('',(-1.,0.,0.));
#7831 = PLANE('',#7832);
#7832 = AXIS2_PLACEMENT_3D('',#7833,#7834,#7835);
#7833 = CARTESIAN_POINT('',(0.47500032,-0.1499997,0.));
#7834 = DIRECTION('',(0.,-1.,0.));
#7835 = DIRECTION('',(-1.,0.,0.));
#7836 = ADVANCED_FACE('',(#7837),#7862,.T.);
#7837 = FACE_BOUND('',#7838,.T.);
#7838 = EDGE_LOOP('',(#7839,#7840,#7848,#7856));
#7839 = ORIENTED_EDGE('',*,*,#7818,.T.);
#7840 = ORIENTED_EDGE('',*,*,#7841,.T.);
#7841 = EDGE_CURVE('',#7811,#7842,#7844,.T.);
#7842 = VERTEX_POINT('',#7843);
#7843 = CARTESIAN_POINT('',(-0.47499778,0.1499997,0.499999));
#7844 = LINE('',#7845,#7846);
#7845 = CARTESIAN_POINT('',(-0.47499778,-0.1499997,0.499999));
#7846 = VECTOR('',#7847,1.);
#7847 = DIRECTION('',(0.,1.,0.));
#7848 = ORIENTED_EDGE('',*,*,#7849,.F.);
#7849 = EDGE_CURVE('',#7850,#7842,#7852,.T.);
#7850 = VERTEX_POINT('',#7851);
#7851 = CARTESIAN_POINT('',(-0.47499778,0.1499997,0.));
#7852 = LINE('',#7853,#7854);
#7853 = CARTESIAN_POINT('',(-0.47499778,0.1499997,0.));
#7854 = VECTOR('',#7855,1.);
#7855 = DIRECTION('',(0.,0.,1.));
#7856 = ORIENTED_EDGE('',*,*,#7857,.F.);
#7857 = EDGE_CURVE('',#7819,#7850,#7858,.T.);
#7858 = LINE('',#7859,#7860);
#7859 = CARTESIAN_POINT('',(-0.47499778,-0.1499997,0.));
#7860 = VECTOR('',#7861,1.);
#7861 = DIRECTION('',(0.,1.,0.));
#7862 = PLANE('',#7863);
#7863 = AXIS2_PLACEMENT_3D('',#7864,#7865,#7866);
#7864 = CARTESIAN_POINT('',(-0.47499778,-0.1499997,0.));
#7865 = DIRECTION('',(-1.,0.,0.));
#7866 = DIRECTION('',(0.,1.,0.));
#7867 = ADVANCED_FACE('',(#7868),#7893,.T.);
#7868 = FACE_BOUND('',#7869,.T.);
#7869 = EDGE_LOOP('',(#7870,#7871,#7879,#7887));
#7870 = ORIENTED_EDGE('',*,*,#7849,.T.);
#7871 = ORIENTED_EDGE('',*,*,#7872,.T.);
#7872 = EDGE_CURVE('',#7842,#7873,#7875,.T.);
#7873 = VERTEX_POINT('',#7874);
#7874 = CARTESIAN_POINT('',(0.47500032,0.1499997,0.499999));
#7875 = LINE('',#7876,#7877);
#7876 = CARTESIAN_POINT('',(-0.47499778,0.1499997,0.499999));
#7877 = VECTOR('',#7878,1.);
#7878 = DIRECTION('',(1.,0.,0.));
#7879 = ORIENTED_EDGE('',*,*,#7880,.F.);
#7880 = EDGE_CURVE('',#7881,#7873,#7883,.T.);
#7881 = VERTEX_POINT('',#7882);
#7882 = CARTESIAN_POINT('',(0.47500032,0.1499997,0.));
#7883 = LINE('',#7884,#7885);
#7884 = CARTESIAN_POINT('',(0.47500032,0.1499997,0.));
#7885 = VECTOR('',#7886,1.);
#7886 = DIRECTION('',(0.,0.,1.));
#7887 = ORIENTED_EDGE('',*,*,#7888,.F.);
#7888 = EDGE_CURVE('',#7850,#7881,#7889,.T.);
#7889 = LINE('',#7890,#7891);
#7890 = CARTESIAN_POINT('',(-0.47499778,0.1499997,0.));
#7891 = VECTOR('',#7892,1.);
#7892 = DIRECTION('',(1.,0.,0.));
#7893 = PLANE('',#7894);
#7894 = AXIS2_PLACEMENT_3D('',#7895,#7896,#7897);
#7895 = CARTESIAN_POINT('',(-0.47499778,0.1499997,0.));
#7896 = DIRECTION('',(0.,1.,0.));
#7897 = DIRECTION('',(1.,0.,0.));
#7898 = ADVANCED_FACE('',(#7899),#7915,.T.);
#7899 = FACE_BOUND('',#7900,.T.);
#7900 = EDGE_LOOP('',(#7901,#7902,#7908,#7909));
#7901 = ORIENTED_EDGE('',*,*,#7880,.T.);
#7902 = ORIENTED_EDGE('',*,*,#7903,.T.);
#7903 = EDGE_CURVE('',#7873,#7803,#7904,.T.);
#7904 = LINE('',#7905,#7906);
#7905 = CARTESIAN_POINT('',(0.47500032,0.1499997,0.499999));
#7906 = VECTOR('',#7907,1.);
#7907 = DIRECTION('',(0.,-1.,0.));
#7908 = ORIENTED_EDGE('',*,*,#7800,.F.);
#7909 = ORIENTED_EDGE('',*,*,#7910,.F.);
#7910 = EDGE_CURVE('',#7881,#7801,#7911,.T.);
#7911 = LINE('',#7912,#7913);
#7912 = CARTESIAN_POINT('',(0.47500032,0.1499997,0.));
#7913 = VECTOR('',#7914,1.);
#7914 = DIRECTION('',(0.,-1.,0.));
#7915 = PLANE('',#7916);
#7916 = AXIS2_PLACEMENT_3D('',#7917,#7918,#7919);
#7917 = CARTESIAN_POINT('',(0.47500032,0.1499997,0.));
#7918 = DIRECTION('',(1.,0.,-0.));
#7919 = DIRECTION('',(0.,-1.,0.));
#7920 = ADVANCED_FACE('',(#7921),#7927,.T.);
#7921 = FACE_BOUND('',#7922,.T.);
#7922 = EDGE_LOOP('',(#7923,#7924,#7925,#7926));
#7923 = ORIENTED_EDGE('',*,*,#7826,.T.);
#7924 = ORIENTED_EDGE('',*,*,#7857,.T.);
#7925 = ORIENTED_EDGE('',*,*,#7888,.T.);
#7926 = ORIENTED_EDGE('',*,*,#7910,.T.);
#7927 = PLANE('',#7928);
#7928 = AXIS2_PLACEMENT_3D('',#7929,#7930,#7931);
#7929 = CARTESIAN_POINT('',(1.269999998486E-06,7.115156039379E-15,0.));
#7930 = DIRECTION('',(-0.,-0.,-1.));
#7931 = DIRECTION('',(-1.,0.,0.));
#7932 = ADVANCED_FACE('',(#7933),#7939,.F.);
#7933 = FACE_BOUND('',#7934,.F.);
#7934 = EDGE_LOOP('',(#7935,#7936,#7937,#7938));
#7935 = ORIENTED_EDGE('',*,*,#7810,.T.);
#7936 = ORIENTED_EDGE('',*,*,#7841,.T.);
#7937 = ORIENTED_EDGE('',*,*,#7872,.T.);
#7938 = ORIENTED_EDGE('',*,*,#7903,.T.);
#7939 = PLANE('',#7940);
#7940 = AXIS2_PLACEMENT_3D('',#7941,#7942,#7943);
#7941 = CARTESIAN_POINT('',(1.269999998486E-06,7.115156039379E-15,
    0.499999));
#7942 = DIRECTION('',(-0.,-0.,-1.));
#7943 = DIRECTION('',(-1.,0.,0.));
#7944 = ( GEOMETRIC_REPRESENTATION_CONTEXT(3) 
GLOBAL_UNCERTAINTY_ASSIGNED_CONTEXT((#7948)) 
GLOBAL_UNIT_ASSIGNED_CONTEXT((#7945,#7946,#7947)) REPRESENTATION_CONTEXT
('Context #1','3D Context with UNIT and UNCERTAINTY') );
#7945 = ( LENGTH_UNIT() NAMED_UNIT(*) SI_UNIT(.MILLI.,.METRE.) );
#7946 = ( NAMED_UNIT(*) PLANE_ANGLE_UNIT() SI_UNIT($,.RADIAN.) );
#7947 = ( NAMED_UNIT(*) SI_UNIT($,.STERADIAN.) SOLID_ANGLE_UNIT() );
#7948 = UNCERTAINTY_MEASURE_WITH_UNIT(LENGTH_MEASURE(1.E-07),#7945,
  'distance_accuracy_value','confusion accuracy');
#7949 = SHAPE_DEFINITION_REPRESENTATION(#7950,#7793);
#7950 = PRODUCT_DEFINITION_SHAPE('','',#7951);
#7951 = PRODUCT_DEFINITION('design','',#7952,#7955);
#7952 = PRODUCT_DEFINITION_FORMATION('','',#7953);
#7953 = PRODUCT('Extruded','Extruded','',(#7954));
#7954 = PRODUCT_CONTEXT('',#2,'mechanical');
#7955 = PRODUCT_DEFINITION_CONTEXT('part definition',#2,'design');
#7956 = CONTEXT_DEPENDENT_SHAPE_REPRESENTATION(#7957,#7959);
#7957 = ( REPRESENTATION_RELATIONSHIP('','',#7793,#7783) 
REPRESENTATION_RELATIONSHIP_WITH_TRANSFORMATION(#7958) 
SHAPE_REPRESENTATION_RELATIONSHIP() );
#7958 = ITEM_DEFINED_TRANSFORMATION('','',#11,#7784);
#7959 = PRODUCT_DEFINITION_SHAPE('Placement','Placement of an item',
  #7960);
#7960 = NEXT_ASSEMBLY_USAGE_OCCURRENCE('26','2','',#7778,#7951,$);
#7961 = PRODUCT_RELATED_PRODUCT_CATEGORY('part',$,(#7953));
#7962 = CONTEXT_DEPENDENT_SHAPE_REPRESENTATION(#7963,#7965);
#7963 = ( REPRESENTATION_RELATIONSHIP('','',#7783,#7758) 
REPRESENTATION_RELATIONSHIP_WITH_TRANSFORMATION(#7964) 
SHAPE_REPRESENTATION_RELATIONSHIP() );
#7964 = ITEM_DEFINED_TRANSFORMATION('','',#11,#7759);
#7965 = PRODUCT_DEFINITION_SHAPE('Placement','Placement of an item',
  #7966);
#7966 = NEXT_ASSEMBLY_USAGE_OCCURRENCE('27','','',#7753,#7778,$);
#7967 = PRODUCT_RELATED_PRODUCT_CATEGORY('part',$,(#7780));
#7968 = CONTEXT_DEPENDENT_SHAPE_REPRESENTATION(#7969,#7971);
#7969 = ( REPRESENTATION_RELATIONSHIP('','',#7783,#7758) 
REPRESENTATION_RELATIONSHIP_WITH_TRANSFORMATION(#7970) 
SHAPE_REPRESENTATION_RELATIONSHIP() );
#7970 = ITEM_DEFINED_TRANSFORMATION('','',#11,#7763);
#7971 = PRODUCT_DEFINITION_SHAPE('Placement','Placement of an item',
  #7972);
#7972 = NEXT_ASSEMBLY_USAGE_OCCURRENCE('28','','',#7753,#7778,$);
#7973 = SHAPE_DEFINITION_REPRESENTATION(#7974,#7980);
#7974 = PRODUCT_DEFINITION_SHAPE('','',#7975);
#7975 = PRODUCT_DEFINITION('design','',#7976,#7979);
#7976 = PRODUCT_DEFINITION_FORMATION('','',#7977);
#7977 = PRODUCT('9034355088','9034355088','',(#7978));
#7978 = PRODUCT_CONTEXT('',#2,'mechanical');
#7979 = PRODUCT_DEFINITION_CONTEXT('part definition',#2,'design');
#7980 = SHAPE_REPRESENTATION('',(#11,#7981),#7985);
#7981 = AXIS2_PLACEMENT_3D('',#7982,#7983,#7984);
#7982 = CARTESIAN_POINT('',(0.,0.,0.));
#7983 = DIRECTION('',(0.,0.,1.));
#7984 = DIRECTION('',(1.,0.,0.));
#7985 = ( GEOMETRIC_REPRESENTATION_CONTEXT(3) 
GLOBAL_UNCERTAINTY_ASSIGNED_CONTEXT((#7989)) 
GLOBAL_UNIT_ASSIGNED_CONTEXT((#7986,#7987,#7988)) REPRESENTATION_CONTEXT
('Context #1','3D Context with UNIT and UNCERTAINTY') );
#7986 = ( LENGTH_UNIT() NAMED_UNIT(*) SI_UNIT(.MILLI.,.METRE.) );
#7987 = ( NAMED_UNIT(*) PLANE_ANGLE_UNIT() SI_UNIT($,.RADIAN.) );
#7988 = ( NAMED_UNIT(*) SI_UNIT($,.STERADIAN.) SOLID_ANGLE_UNIT() );
#7989 = UNCERTAINTY_MEASURE_WITH_UNIT(LENGTH_MEASURE(1.E-07),#7986,
  'distance_accuracy_value','confusion accuracy');
#7990 = ADVANCED_BREP_SHAPE_REPRESENTATION('',(#11,#7991),#8141);
#7991 = MANIFOLD_SOLID_BREP('',#7992);
#7992 = CLOSED_SHELL('',(#7993,#8033,#8064,#8095,#8117,#8129));
#7993 = ADVANCED_FACE('',(#7994),#8028,.T.);
#7994 = FACE_BOUND('',#7995,.T.);
#7995 = EDGE_LOOP('',(#7996,#8006,#8014,#8022));
#7996 = ORIENTED_EDGE('',*,*,#7997,.T.);
#7997 = EDGE_CURVE('',#7998,#8000,#8002,.T.);
#7998 = VERTEX_POINT('',#7999);
#7999 = CARTESIAN_POINT('',(0.47500032,-0.5499989,0.));
#8000 = VERTEX_POINT('',#8001);
#8001 = CARTESIAN_POINT('',(0.47500032,-0.5499989,0.499999));
#8002 = LINE('',#8003,#8004);
#8003 = CARTESIAN_POINT('',(0.47500032,-0.5499989,0.));
#8004 = VECTOR('',#8005,1.);
#8005 = DIRECTION('',(0.,0.,1.));
#8006 = ORIENTED_EDGE('',*,*,#8007,.T.);
#8007 = EDGE_CURVE('',#8000,#8008,#8010,.T.);
#8008 = VERTEX_POINT('',#8009);
#8009 = CARTESIAN_POINT('',(-0.47499778,-0.5499989,0.499999));
#8010 = LINE('',#8011,#8012);
#8011 = CARTESIAN_POINT('',(0.47500032,-0.5499989,0.499999));
#8012 = VECTOR('',#8013,1.);
#8013 = DIRECTION('',(-1.,0.,0.));
#8014 = ORIENTED_EDGE('',*,*,#8015,.F.);
#8015 = EDGE_CURVE('',#8016,#8008,#8018,.T.);
#8016 = VERTEX_POINT('',#8017);
#8017 = CARTESIAN_POINT('',(-0.47499778,-0.5499989,0.));
#8018 = LINE('',#8019,#8020);
#8019 = CARTESIAN_POINT('',(-0.47499778,-0.5499989,0.));
#8020 = VECTOR('',#8021,1.);
#8021 = DIRECTION('',(0.,0.,1.));
#8022 = ORIENTED_EDGE('',*,*,#8023,.F.);
#8023 = EDGE_CURVE('',#7998,#8016,#8024,.T.);
#8024 = LINE('',#8025,#8026);
#8025 = CARTESIAN_POINT('',(0.47500032,-0.5499989,0.));
#8026 = VECTOR('',#8027,1.);
#8027 = DIRECTION('',(-1.,0.,0.));
#8028 = PLANE('',#8029);
#8029 = AXIS2_PLACEMENT_3D('',#8030,#8031,#8032);
#8030 = CARTESIAN_POINT('',(0.47500032,-0.5499989,0.));
#8031 = DIRECTION('',(0.,-1.,0.));
#8032 = DIRECTION('',(-1.,0.,0.));
#8033 = ADVANCED_FACE('',(#8034),#8059,.T.);
#8034 = FACE_BOUND('',#8035,.T.);
#8035 = EDGE_LOOP('',(#8036,#8037,#8045,#8053));
#8036 = ORIENTED_EDGE('',*,*,#8015,.T.);
#8037 = ORIENTED_EDGE('',*,*,#8038,.T.);
#8038 = EDGE_CURVE('',#8008,#8039,#8041,.T.);
#8039 = VERTEX_POINT('',#8040);
#8040 = CARTESIAN_POINT('',(-0.47499778,0.55000144,0.499999));
#8041 = LINE('',#8042,#8043);
#8042 = CARTESIAN_POINT('',(-0.47499778,-0.5499989,0.499999));
#8043 = VECTOR('',#8044,1.);
#8044 = DIRECTION('',(0.,1.,0.));
#8045 = ORIENTED_EDGE('',*,*,#8046,.F.);
#8046 = EDGE_CURVE('',#8047,#8039,#8049,.T.);
#8047 = VERTEX_POINT('',#8048);
#8048 = CARTESIAN_POINT('',(-0.47499778,0.55000144,0.));
#8049 = LINE('',#8050,#8051);
#8050 = CARTESIAN_POINT('',(-0.47499778,0.55000144,0.));
#8051 = VECTOR('',#8052,1.);
#8052 = DIRECTION('',(0.,0.,1.));
#8053 = ORIENTED_EDGE('',*,*,#8054,.F.);
#8054 = EDGE_CURVE('',#8016,#8047,#8055,.T.);
#8055 = LINE('',#8056,#8057);
#8056 = CARTESIAN_POINT('',(-0.47499778,-0.5499989,0.));
#8057 = VECTOR('',#8058,1.);
#8058 = DIRECTION('',(0.,1.,0.));
#8059 = PLANE('',#8060);
#8060 = AXIS2_PLACEMENT_3D('',#8061,#8062,#8063);
#8061 = CARTESIAN_POINT('',(-0.47499778,-0.5499989,0.));
#8062 = DIRECTION('',(-1.,0.,0.));
#8063 = DIRECTION('',(0.,1.,0.));
#8064 = ADVANCED_FACE('',(#8065),#8090,.T.);
#8065 = FACE_BOUND('',#8066,.T.);
#8066 = EDGE_LOOP('',(#8067,#8068,#8076,#8084));
#8067 = ORIENTED_EDGE('',*,*,#8046,.T.);
#8068 = ORIENTED_EDGE('',*,*,#8069,.T.);
#8069 = EDGE_CURVE('',#8039,#8070,#8072,.T.);
#8070 = VERTEX_POINT('',#8071);
#8071 = CARTESIAN_POINT('',(0.47500032,0.55000144,0.499999));
#8072 = LINE('',#8073,#8074);
#8073 = CARTESIAN_POINT('',(-0.47499778,0.55000144,0.499999));
#8074 = VECTOR('',#8075,1.);
#8075 = DIRECTION('',(1.,0.,0.));
#8076 = ORIENTED_EDGE('',*,*,#8077,.F.);
#8077 = EDGE_CURVE('',#8078,#8070,#8080,.T.);
#8078 = VERTEX_POINT('',#8079);
#8079 = CARTESIAN_POINT('',(0.47500032,0.55000144,0.));
#8080 = LINE('',#8081,#8082);
#8081 = CARTESIAN_POINT('',(0.47500032,0.55000144,0.));
#8082 = VECTOR('',#8083,1.);
#8083 = DIRECTION('',(0.,0.,1.));
#8084 = ORIENTED_EDGE('',*,*,#8085,.F.);
#8085 = EDGE_CURVE('',#8047,#8078,#8086,.T.);
#8086 = LINE('',#8087,#8088);
#8087 = CARTESIAN_POINT('',(-0.47499778,0.55000144,0.));
#8088 = VECTOR('',#8089,1.);
#8089 = DIRECTION('',(1.,0.,0.));
#8090 = PLANE('',#8091);
#8091 = AXIS2_PLACEMENT_3D('',#8092,#8093,#8094);
#8092 = CARTESIAN_POINT('',(-0.47499778,0.55000144,0.));
#8093 = DIRECTION('',(0.,1.,0.));
#8094 = DIRECTION('',(1.,0.,0.));
#8095 = ADVANCED_FACE('',(#8096),#8112,.T.);
#8096 = FACE_BOUND('',#8097,.T.);
#8097 = EDGE_LOOP('',(#8098,#8099,#8105,#8106));
#8098 = ORIENTED_EDGE('',*,*,#8077,.T.);
#8099 = ORIENTED_EDGE('',*,*,#8100,.T.);
#8100 = EDGE_CURVE('',#8070,#8000,#8101,.T.);
#8101 = LINE('',#8102,#8103);
#8102 = CARTESIAN_POINT('',(0.47500032,0.55000144,0.499999));
#8103 = VECTOR('',#8104,1.);
#8104 = DIRECTION('',(0.,-1.,0.));
#8105 = ORIENTED_EDGE('',*,*,#7997,.F.);
#8106 = ORIENTED_EDGE('',*,*,#8107,.F.);
#8107 = EDGE_CURVE('',#8078,#7998,#8108,.T.);
#8108 = LINE('',#8109,#8110);
#8109 = CARTESIAN_POINT('',(0.47500032,0.55000144,0.));
#8110 = VECTOR('',#8111,1.);
#8111 = DIRECTION('',(0.,-1.,0.));
#8112 = PLANE('',#8113);
#8113 = AXIS2_PLACEMENT_3D('',#8114,#8115,#8116);
#8114 = CARTESIAN_POINT('',(0.47500032,0.55000144,0.));
#8115 = DIRECTION('',(1.,0.,-0.));
#8116 = DIRECTION('',(0.,-1.,0.));
#8117 = ADVANCED_FACE('',(#8118),#8124,.T.);
#8118 = FACE_BOUND('',#8119,.T.);
#8119 = EDGE_LOOP('',(#8120,#8121,#8122,#8123));
#8120 = ORIENTED_EDGE('',*,*,#8023,.T.);
#8121 = ORIENTED_EDGE('',*,*,#8054,.T.);
#8122 = ORIENTED_EDGE('',*,*,#8085,.T.);
#8123 = ORIENTED_EDGE('',*,*,#8107,.T.);
#8124 = PLANE('',#8125);
#8125 = AXIS2_PLACEMENT_3D('',#8126,#8127,#8128);
#8126 = CARTESIAN_POINT('',(1.269999998475E-06,1.269999991408E-06,0.));
#8127 = DIRECTION('',(-0.,-0.,-1.));
#8128 = DIRECTION('',(-1.,0.,0.));
#8129 = ADVANCED_FACE('',(#8130),#8136,.F.);
#8130 = FACE_BOUND('',#8131,.F.);
#8131 = EDGE_LOOP('',(#8132,#8133,#8134,#8135));
#8132 = ORIENTED_EDGE('',*,*,#8007,.T.);
#8133 = ORIENTED_EDGE('',*,*,#8038,.T.);
#8134 = ORIENTED_EDGE('',*,*,#8069,.T.);
#8135 = ORIENTED_EDGE('',*,*,#8100,.T.);
#8136 = PLANE('',#8137);
#8137 = AXIS2_PLACEMENT_3D('',#8138,#8139,#8140);
#8138 = CARTESIAN_POINT('',(1.269999998475E-06,1.269999991408E-06,
    0.499999));
#8139 = DIRECTION('',(-0.,-0.,-1.));
#8140 = DIRECTION('',(-1.,0.,0.));
#8141 = ( GEOMETRIC_REPRESENTATION_CONTEXT(3) 
GLOBAL_UNCERTAINTY_ASSIGNED_CONTEXT((#8145)) 
GLOBAL_UNIT_ASSIGNED_CONTEXT((#8142,#8143,#8144)) REPRESENTATION_CONTEXT
('Context #1','3D Context with UNIT and UNCERTAINTY') );
#8142 = ( LENGTH_UNIT() NAMED_UNIT(*) SI_UNIT(.MILLI.,.METRE.) );
#8143 = ( NAMED_UNIT(*) PLANE_ANGLE_UNIT() SI_UNIT($,.RADIAN.) );
#8144 = ( NAMED_UNIT(*) SI_UNIT($,.STERADIAN.) SOLID_ANGLE_UNIT() );
#8145 = UNCERTAINTY_MEASURE_WITH_UNIT(LENGTH_MEASURE(1.E-07),#8142,
  'distance_accuracy_value','confusion accuracy');
#8146 = SHAPE_DEFINITION_REPRESENTATION(#8147,#7990);
#8147 = PRODUCT_DEFINITION_SHAPE('','',#8148);
#8148 = PRODUCT_DEFINITION('design','',#8149,#8152);
#8149 = PRODUCT_DEFINITION_FORMATION('','',#8150);
#8150 = PRODUCT('Extruded','Extruded','',(#8151));
#8151 = PRODUCT_CONTEXT('',#2,'mechanical');
#8152 = PRODUCT_DEFINITION_CONTEXT('part definition',#2,'design');
#8153 = CONTEXT_DEPENDENT_SHAPE_REPRESENTATION(#8154,#8156);
#8154 = ( REPRESENTATION_RELATIONSHIP('','',#7990,#7980) 
REPRESENTATION_RELATIONSHIP_WITH_TRANSFORMATION(#8155) 
SHAPE_REPRESENTATION_RELATIONSHIP() );
#8155 = ITEM_DEFINED_TRANSFORMATION('','',#11,#7981);
#8156 = PRODUCT_DEFINITION_SHAPE('Placement','Placement of an item',
  #8157);
#8157 = NEXT_ASSEMBLY_USAGE_OCCURRENCE('29','11','',#7975,#8148,$);
#8158 = PRODUCT_RELATED_PRODUCT_CATEGORY('part',$,(#8150));
#8159 = CONTEXT_DEPENDENT_SHAPE_REPRESENTATION(#8160,#8162);
#8160 = ( REPRESENTATION_RELATIONSHIP('','',#7980,#7758) 
REPRESENTATION_RELATIONSHIP_WITH_TRANSFORMATION(#8161) 
SHAPE_REPRESENTATION_RELATIONSHIP() );
#8161 = ITEM_DEFINED_TRANSFORMATION('','',#11,#7767);
#8162 = PRODUCT_DEFINITION_SHAPE('Placement','Placement of an item',
  #8163);
#8163 = NEXT_ASSEMBLY_USAGE_OCCURRENCE('30','','',#7753,#7975,$);
#8164 = PRODUCT_RELATED_PRODUCT_CATEGORY('part',$,(#7977));
#8165 = CONTEXT_DEPENDENT_SHAPE_REPRESENTATION(#8166,#8168);
#8166 = ( REPRESENTATION_RELATIONSHIP('','',#7758,#10) 
REPRESENTATION_RELATIONSHIP_WITH_TRANSFORMATION(#8167) 
SHAPE_REPRESENTATION_RELATIONSHIP() );
#8167 = ITEM_DEFINED_TRANSFORMATION('','',#11,#39);
#8168 = PRODUCT_DEFINITION_SHAPE('Placement','Placement of an item',
  #8169);
#8169 = NEXT_ASSEMBLY_USAGE_OCCURRENCE('31','','',#5,#7753,$);
#8170 = PRODUCT_RELATED_PRODUCT_CATEGORY('part',$,(#7755));
#8171 = SHAPE_DEFINITION_REPRESENTATION(#8172,#8178);
#8172 = PRODUCT_DEFINITION_SHAPE('','',#8173);
#8173 = PRODUCT_DEFINITION('design','',#8174,#8177);
#8174 = PRODUCT_DEFINITION_FORMATION('','',#8175);
#8175 = PRODUCT('R54','R54','',(#8176));
#8176 = PRODUCT_CONTEXT('',#2,'mechanical');
#8177 = PRODUCT_DEFINITION_CONTEXT('part definition',#2,'design');
#8178 = SHAPE_REPRESENTATION('',(#11,#8179,#8183,#8187),#8191);
#8179 = AXIS2_PLACEMENT_3D('',#8180,#8181,#8182);
#8180 = CARTESIAN_POINT('',(-6.350003617637,-34.79999986,0.));
#8181 = DIRECTION('',(0.,0.,1.));
#8182 = DIRECTION('',(1.,0.,0.));
#8183 = AXIS2_PLACEMENT_3D('',#8184,#8185,#8186);
#8184 = CARTESIAN_POINT('',(-4.950002091758,-34.79999986,0.));
#8185 = DIRECTION('',(0.,0.,1.));
#8186 = DIRECTION('',(1.,0.,0.));
#8187 = AXIS2_PLACEMENT_3D('',#8188,#8189,#8190);
#8188 = CARTESIAN_POINT('',(-5.64999904,-34.79999986,0.));
#8189 = DIRECTION('',(0.,0.,1.));
#8190 = DIRECTION('',(1.,0.,0.));
#8191 = ( GEOMETRIC_REPRESENTATION_CONTEXT(3) 
GLOBAL_UNCERTAINTY_ASSIGNED_CONTEXT((#8195)) 
GLOBAL_UNIT_ASSIGNED_CONTEXT((#8192,#8193,#8194)) REPRESENTATION_CONTEXT
('Context #1','3D Context with UNIT and UNCERTAINTY') );
#8192 = ( LENGTH_UNIT() NAMED_UNIT(*) SI_UNIT(.MILLI.,.METRE.) );
#8193 = ( NAMED_UNIT(*) PLANE_ANGLE_UNIT() SI_UNIT($,.RADIAN.) );
#8194 = ( NAMED_UNIT(*) SI_UNIT($,.STERADIAN.) SOLID_ANGLE_UNIT() );
#8195 = UNCERTAINTY_MEASURE_WITH_UNIT(LENGTH_MEASURE(1.E-07),#8192,
  'distance_accuracy_value','confusion accuracy');
#8196 = CONTEXT_DEPENDENT_SHAPE_REPRESENTATION(#8197,#8199);
#8197 = ( REPRESENTATION_RELATIONSHIP('','',#1315,#8178) 
REPRESENTATION_RELATIONSHIP_WITH_TRANSFORMATION(#8198) 
SHAPE_REPRESENTATION_RELATIONSHIP() );
#8198 = ITEM_DEFINED_TRANSFORMATION('','',#11,#8179);
#8199 = PRODUCT_DEFINITION_SHAPE('Placement','Placement of an item',
  #8200);
#8200 = NEXT_ASSEMBLY_USAGE_OCCURRENCE('32','','',#8173,#1310,$);
#8201 = CONTEXT_DEPENDENT_SHAPE_REPRESENTATION(#8202,#8204);
#8202 = ( REPRESENTATION_RELATIONSHIP('','',#1315,#8178) 
REPRESENTATION_RELATIONSHIP_WITH_TRANSFORMATION(#8203) 
SHAPE_REPRESENTATION_RELATIONSHIP() );
#8203 = ITEM_DEFINED_TRANSFORMATION('','',#11,#8183);
#8204 = PRODUCT_DEFINITION_SHAPE('Placement','Placement of an item',
  #8205);
#8205 = NEXT_ASSEMBLY_USAGE_OCCURRENCE('33','','',#8173,#1310,$);
#8206 = CONTEXT_DEPENDENT_SHAPE_REPRESENTATION(#8207,#8209);
#8207 = ( REPRESENTATION_RELATIONSHIP('','',#1512,#8178) 
REPRESENTATION_RELATIONSHIP_WITH_TRANSFORMATION(#8208) 
SHAPE_REPRESENTATION_RELATIONSHIP() );
#8208 = ITEM_DEFINED_TRANSFORMATION('','',#11,#8187);
#8209 = PRODUCT_DEFINITION_SHAPE('Placement','Placement of an item',
  #8210);
#8210 = NEXT_ASSEMBLY_USAGE_OCCURRENCE('34','','',#8173,#1507,$);
#8211 = CONTEXT_DEPENDENT_SHAPE_REPRESENTATION(#8212,#8214);
#8212 = ( REPRESENTATION_RELATIONSHIP('','',#8178,#10) 
REPRESENTATION_RELATIONSHIP_WITH_TRANSFORMATION(#8213) 
SHAPE_REPRESENTATION_RELATIONSHIP() );
#8213 = ITEM_DEFINED_TRANSFORMATION('','',#11,#43);
#8214 = PRODUCT_DEFINITION_SHAPE('Placement','Placement of an item',
  #8215);
#8215 = NEXT_ASSEMBLY_USAGE_OCCURRENCE('35','','',#5,#8173,$);
#8216 = PRODUCT_RELATED_PRODUCT_CATEGORY('part',$,(#8175));
#8217 = SHAPE_DEFINITION_REPRESENTATION(#8218,#8224);
#8218 = PRODUCT_DEFINITION_SHAPE('','',#8219);
#8219 = PRODUCT_DEFINITION('design','',#8220,#8223);
#8220 = PRODUCT_DEFINITION_FORMATION('','',#8221);
#8221 = PRODUCT('R53','R53','',(#8222));
#8222 = PRODUCT_CONTEXT('',#2,'mechanical');
#8223 = PRODUCT_DEFINITION_CONTEXT('part definition',#2,'design');
#8224 = SHAPE_REPRESENTATION('',(#11,#8225,#8229,#8233),#8237);
#8225 = AXIS2_PLACEMENT_3D('',#8226,#8227,#8228);
#8226 = CARTESIAN_POINT('',(1.150004011758,-34.79999986,0.));
#8227 = DIRECTION('',(0.,0.,1.));
#8228 = DIRECTION('',(1.,0.,0.));
#8229 = AXIS2_PLACEMENT_3D('',#8230,#8231,#8232);
#8230 = CARTESIAN_POINT('',(2.549997908242,-34.79999986,0.));
#8231 = DIRECTION('',(0.,0.,1.));
#8232 = DIRECTION('',(1.,0.,0.));
#8233 = AXIS2_PLACEMENT_3D('',#8234,#8235,#8236);
#8234 = CARTESIAN_POINT('',(1.85000096,-34.79999986,0.));
#8235 = DIRECTION('',(0.,0.,1.));
#8236 = DIRECTION('',(1.,0.,0.));
#8237 = ( GEOMETRIC_REPRESENTATION_CONTEXT(3) 
GLOBAL_UNCERTAINTY_ASSIGNED_CONTEXT((#8241)) 
GLOBAL_UNIT_ASSIGNED_CONTEXT((#8238,#8239,#8240)) REPRESENTATION_CONTEXT
('Context #1','3D Context with UNIT and UNCERTAINTY') );
#8238 = ( LENGTH_UNIT() NAMED_UNIT(*) SI_UNIT(.MILLI.,.METRE.) );
#8239 = ( NAMED_UNIT(*) PLANE_ANGLE_UNIT() SI_UNIT($,.RADIAN.) );
#8240 = ( NAMED_UNIT(*) SI_UNIT($,.STERADIAN.) SOLID_ANGLE_UNIT() );
#8241 = UNCERTAINTY_MEASURE_WITH_UNIT(LENGTH_MEASURE(1.E-07),#8238,
  'distance_accuracy_value','confusion accuracy');
#8242 = CONTEXT_DEPENDENT_SHAPE_REPRESENTATION(#8243,#8245);
#8243 = ( REPRESENTATION_RELATIONSHIP('','',#1315,#8224) 
REPRESENTATION_RELATIONSHIP_WITH_TRANSFORMATION(#8244) 
SHAPE_REPRESENTATION_RELATIONSHIP() );
#8244 = ITEM_DEFINED_TRANSFORMATION('','',#11,#8225);
#8245 = PRODUCT_DEFINITION_SHAPE('Placement','Placement of an item',
  #8246);
#8246 = NEXT_ASSEMBLY_USAGE_OCCURRENCE('36','','',#8219,#1310,$);
#8247 = CONTEXT_DEPENDENT_SHAPE_REPRESENTATION(#8248,#8250);
#8248 = ( REPRESENTATION_RELATIONSHIP('','',#1315,#8224) 
REPRESENTATION_RELATIONSHIP_WITH_TRANSFORMATION(#8249) 
SHAPE_REPRESENTATION_RELATIONSHIP() );
#8249 = ITEM_DEFINED_TRANSFORMATION('','',#11,#8229);
#8250 = PRODUCT_DEFINITION_SHAPE('Placement','Placement of an item',
  #8251);
#8251 = NEXT_ASSEMBLY_USAGE_OCCURRENCE('37','','',#8219,#1310,$);
#8252 = CONTEXT_DEPENDENT_SHAPE_REPRESENTATION(#8253,#8255);
#8253 = ( REPRESENTATION_RELATIONSHIP('','',#1512,#8224) 
REPRESENTATION_RELATIONSHIP_WITH_TRANSFORMATION(#8254) 
SHAPE_REPRESENTATION_RELATIONSHIP() );
#8254 = ITEM_DEFINED_TRANSFORMATION('','',#11,#8233);
#8255 = PRODUCT_DEFINITION_SHAPE('Placement','Placement of an item',
  #8256);
#8256 = NEXT_ASSEMBLY_USAGE_OCCURRENCE('38','','',#8219,#1507,$);
#8257 = CONTEXT_DEPENDENT_SHAPE_REPRESENTATION(#8258,#8260);
#8258 = ( REPRESENTATION_RELATIONSHIP('','',#8224,#10) 
REPRESENTATION_RELATIONSHIP_WITH_TRANSFORMATION(#8259) 
SHAPE_REPRESENTATION_RELATIONSHIP() );
#8259 = ITEM_DEFINED_TRANSFORMATION('','',#11,#47);
#8260 = PRODUCT_DEFINITION_SHAPE('Placement','Placement of an item',
  #8261);
#8261 = NEXT_ASSEMBLY_USAGE_OCCURRENCE('39','','',#5,#8219,$);
#8262 = PRODUCT_RELATED_PRODUCT_CATEGORY('part',$,(#8221));
#8263 = SHAPE_DEFINITION_REPRESENTATION(#8264,#8270);
#8264 = PRODUCT_DEFINITION_SHAPE('','',#8265);
#8265 = PRODUCT_DEFINITION('design','',#8266,#8269);
#8266 = PRODUCT_DEFINITION_FORMATION('','',#8267);
#8267 = PRODUCT('R52','R52','',(#8268));
#8268 = PRODUCT_CONTEXT('',#2,'mechanical');
#8269 = PRODUCT_DEFINITION_CONTEXT('part definition',#2,'design');
#8270 = SHAPE_REPRESENTATION('',(#11,#8271,#8275,#8279),#8283);
#8271 = AXIS2_PLACEMENT_3D('',#8272,#8273,#8274);
#8272 = CARTESIAN_POINT('',(-2.39999904,-31.55001130409,-0.411480009556)
  );
#8273 = DIRECTION('',(-8.742277657348E-08,-1.,-4.371138828674E-08));
#8274 = DIRECTION('',(-1.,8.742277657348E-08,7.642741860659E-15));
#8275 = AXIS2_PLACEMENT_3D('',#8276,#8277,#8278);
#8276 = CARTESIAN_POINT('',(-3.300000565879,-31.54999986,-0.961478888988
    ));
#8277 = DIRECTION('',(0.,0.,1.));
#8278 = DIRECTION('',(1.,0.,0.));
#8279 = AXIS2_PLACEMENT_3D('',#8280,#8281,#8282);
#8280 = CARTESIAN_POINT('',(-1.500005143516,-31.54999986,-0.961478888988
    ));
#8281 = DIRECTION('',(0.,0.,1.));
#8282 = DIRECTION('',(1.,0.,0.));
#8283 = ( GEOMETRIC_REPRESENTATION_CONTEXT(3) 
GLOBAL_UNCERTAINTY_ASSIGNED_CONTEXT((#8287)) 
GLOBAL_UNIT_ASSIGNED_CONTEXT((#8284,#8285,#8286)) REPRESENTATION_CONTEXT
('Context #1','3D Context with UNIT and UNCERTAINTY') );
#8284 = ( LENGTH_UNIT() NAMED_UNIT(*) SI_UNIT(.MILLI.,.METRE.) );
#8285 = ( NAMED_UNIT(*) PLANE_ANGLE_UNIT() SI_UNIT($,.RADIAN.) );
#8286 = ( NAMED_UNIT(*) SI_UNIT($,.STERADIAN.) SOLID_ANGLE_UNIT() );
#8287 = UNCERTAINTY_MEASURE_WITH_UNIT(LENGTH_MEASURE(1.E-07),#8284,
  'distance_accuracy_value','confusion accuracy');
#8288 = CONTEXT_DEPENDENT_SHAPE_REPRESENTATION(#8289,#8291);
#8289 = ( REPRESENTATION_RELATIONSHIP('','',#1774,#8270) 
REPRESENTATION_RELATIONSHIP_WITH_TRANSFORMATION(#8290) 
SHAPE_REPRESENTATION_RELATIONSHIP() );
#8290 = ITEM_DEFINED_TRANSFORMATION('','',#11,#8271);
#8291 = PRODUCT_DEFINITION_SHAPE('Placement','Placement of an item',
  #8292);
#8292 = NEXT_ASSEMBLY_USAGE_OCCURRENCE('40','','',#8265,#7445,$);
#8293 = CONTEXT_DEPENDENT_SHAPE_REPRESENTATION(#8294,#8296);
#8294 = ( REPRESENTATION_RELATIONSHIP('','',#7463,#8270) 
REPRESENTATION_RELATIONSHIP_WITH_TRANSFORMATION(#8295) 
SHAPE_REPRESENTATION_RELATIONSHIP() );
#8295 = ITEM_DEFINED_TRANSFORMATION('','',#11,#8275);
#8296 = PRODUCT_DEFINITION_SHAPE('Placement','Placement of an item',
  #8297);
#8297 = NEXT_ASSEMBLY_USAGE_OCCURRENCE('41','','',#8265,#7458,$);
#8298 = CONTEXT_DEPENDENT_SHAPE_REPRESENTATION(#8299,#8301);
#8299 = ( REPRESENTATION_RELATIONSHIP('','',#7463,#8270) 
REPRESENTATION_RELATIONSHIP_WITH_TRANSFORMATION(#8300) 
SHAPE_REPRESENTATION_RELATIONSHIP() );
#8300 = ITEM_DEFINED_TRANSFORMATION('','',#11,#8279);
#8301 = PRODUCT_DEFINITION_SHAPE('Placement','Placement of an item',
  #8302);
#8302 = NEXT_ASSEMBLY_USAGE_OCCURRENCE('42','','',#8265,#7458,$);
#8303 = CONTEXT_DEPENDENT_SHAPE_REPRESENTATION(#8304,#8306);
#8304 = ( REPRESENTATION_RELATIONSHIP('','',#8270,#10) 
REPRESENTATION_RELATIONSHIP_WITH_TRANSFORMATION(#8305) 
SHAPE_REPRESENTATION_RELATIONSHIP() );
#8305 = ITEM_DEFINED_TRANSFORMATION('','',#11,#51);
#8306 = PRODUCT_DEFINITION_SHAPE('Placement','Placement of an item',
  #8307);
#8307 = NEXT_ASSEMBLY_USAGE_OCCURRENCE('43','','',#5,#8265,$);
#8308 = PRODUCT_RELATED_PRODUCT_CATEGORY('part',$,(#8267));
#8309 = SHAPE_DEFINITION_REPRESENTATION(#8310,#8316);
#8310 = PRODUCT_DEFINITION_SHAPE('','',#8311);
#8311 = PRODUCT_DEFINITION('design','',#8312,#8315);
#8312 = PRODUCT_DEFINITION_FORMATION('','',#8313);
#8313 = PRODUCT('R51','R51','',(#8314));
#8314 = PRODUCT_CONTEXT('',#2,'mechanical');
#8315 = PRODUCT_DEFINITION_CONTEXT('part definition',#2,'design');
#8316 = SHAPE_REPRESENTATION('',(#11,#8317,#8321,#8325),#8329);
#8317 = AXIS2_PLACEMENT_3D('',#8318,#8319,#8320);
#8318 = CARTESIAN_POINT('',(-2.39999904,-27.80001511878,-0.411480009556)
  );
#8319 = DIRECTION('',(-8.742277657348E-08,-1.,-4.371138828674E-08));
#8320 = DIRECTION('',(-1.,8.742277657348E-08,7.642741860659E-15));
#8321 = AXIS2_PLACEMENT_3D('',#8322,#8323,#8324);
#8322 = CARTESIAN_POINT('',(-3.300000565879,-27.79999986,-0.961478888988
    ));
#8323 = DIRECTION('',(0.,0.,1.));
#8324 = DIRECTION('',(1.,0.,0.));
#8325 = AXIS2_PLACEMENT_3D('',#8326,#8327,#8328);
#8326 = CARTESIAN_POINT('',(-1.500005143516,-27.79999986,-0.961478888988
    ));
#8327 = DIRECTION('',(0.,0.,1.));
#8328 = DIRECTION('',(1.,0.,0.));
#8329 = ( GEOMETRIC_REPRESENTATION_CONTEXT(3) 
GLOBAL_UNCERTAINTY_ASSIGNED_CONTEXT((#8333)) 
GLOBAL_UNIT_ASSIGNED_CONTEXT((#8330,#8331,#8332)) REPRESENTATION_CONTEXT
('Context #1','3D Context with UNIT and UNCERTAINTY') );
#8330 = ( LENGTH_UNIT() NAMED_UNIT(*) SI_UNIT(.MILLI.,.METRE.) );
#8331 = ( NAMED_UNIT(*) PLANE_ANGLE_UNIT() SI_UNIT($,.RADIAN.) );
#8332 = ( NAMED_UNIT(*) SI_UNIT($,.STERADIAN.) SOLID_ANGLE_UNIT() );
#8333 = UNCERTAINTY_MEASURE_WITH_UNIT(LENGTH_MEASURE(1.E-07),#8330,
  'distance_accuracy_value','confusion accuracy');
#8334 = CONTEXT_DEPENDENT_SHAPE_REPRESENTATION(#8335,#8337);
#8335 = ( REPRESENTATION_RELATIONSHIP('','',#1774,#8316) 
REPRESENTATION_RELATIONSHIP_WITH_TRANSFORMATION(#8336) 
SHAPE_REPRESENTATION_RELATIONSHIP() );
#8336 = ITEM_DEFINED_TRANSFORMATION('','',#11,#8317);
#8337 = PRODUCT_DEFINITION_SHAPE('Placement','Placement of an item',
  #8338);
#8338 = NEXT_ASSEMBLY_USAGE_OCCURRENCE('44','','',#8311,#7445,$);
#8339 = CONTEXT_DEPENDENT_SHAPE_REPRESENTATION(#8340,#8342);
#8340 = ( REPRESENTATION_RELATIONSHIP('','',#7463,#8316) 
REPRESENTATION_RELATIONSHIP_WITH_TRANSFORMATION(#8341) 
SHAPE_REPRESENTATION_RELATIONSHIP() );
#8341 = ITEM_DEFINED_TRANSFORMATION('','',#11,#8321);
#8342 = PRODUCT_DEFINITION_SHAPE('Placement','Placement of an item',
  #8343);
#8343 = NEXT_ASSEMBLY_USAGE_OCCURRENCE('45','','',#8311,#7458,$);
#8344 = CONTEXT_DEPENDENT_SHAPE_REPRESENTATION(#8345,#8347);
#8345 = ( REPRESENTATION_RELATIONSHIP('','',#7463,#8316) 
REPRESENTATION_RELATIONSHIP_WITH_TRANSFORMATION(#8346) 
SHAPE_REPRESENTATION_RELATIONSHIP() );
#8346 = ITEM_DEFINED_TRANSFORMATION('','',#11,#8325);
#8347 = PRODUCT_DEFINITION_SHAPE('Placement','Placement of an item',
  #8348);
#8348 = NEXT_ASSEMBLY_USAGE_OCCURRENCE('46','','',#8311,#7458,$);
#8349 = CONTEXT_DEPENDENT_SHAPE_REPRESENTATION(#8350,#8352);
#8350 = ( REPRESENTATION_RELATIONSHIP('','',#8316,#10) 
REPRESENTATION_RELATIONSHIP_WITH_TRANSFORMATION(#8351) 
SHAPE_REPRESENTATION_RELATIONSHIP() );
#8351 = ITEM_DEFINED_TRANSFORMATION('','',#11,#55);
#8352 = PRODUCT_DEFINITION_SHAPE('Placement','Placement of an item',
  #8353);
#8353 = NEXT_ASSEMBLY_USAGE_OCCURRENCE('47','','',#5,#8311,$);
#8354 = PRODUCT_RELATED_PRODUCT_CATEGORY('part',$,(#8313));
#8355 = SHAPE_DEFINITION_REPRESENTATION(#8356,#8362);
#8356 = PRODUCT_DEFINITION_SHAPE('','',#8357);
#8357 = PRODUCT_DEFINITION('design','',#8358,#8361);
#8358 = PRODUCT_DEFINITION_FORMATION('','',#8359);
#8359 = PRODUCT('R50','R50','',(#8360));
#8360 = PRODUCT_CONTEXT('',#2,'mechanical');
#8361 = PRODUCT_DEFINITION_CONTEXT('part definition',#2,'design');
#8362 = SHAPE_REPRESENTATION('',(#11,#8363,#8367,#8371),#8375);
#8363 = AXIS2_PLACEMENT_3D('',#8364,#8365,#8366);
#8364 = CARTESIAN_POINT('',(-14.64999904,-30.05001511878,-0.411480009556
    ));
#8365 = DIRECTION('',(-8.742277657348E-08,-1.,-4.371138828674E-08));
#8366 = DIRECTION('',(-1.,8.742277657348E-08,7.642741860659E-15));
#8367 = AXIS2_PLACEMENT_3D('',#8368,#8369,#8370);
#8368 = CARTESIAN_POINT('',(-15.55000056587,-30.04999986,-0.961478888988
    ));
#8369 = DIRECTION('',(0.,0.,1.));
#8370 = DIRECTION('',(1.,0.,0.));
#8371 = AXIS2_PLACEMENT_3D('',#8372,#8373,#8374);
#8372 = CARTESIAN_POINT('',(-13.74999751412,-30.04999986,-0.961478888988
    ));
#8373 = DIRECTION('',(0.,0.,1.));
#8374 = DIRECTION('',(1.,0.,0.));
#8375 = ( GEOMETRIC_REPRESENTATION_CONTEXT(3) 
GLOBAL_UNCERTAINTY_ASSIGNED_CONTEXT((#8379)) 
GLOBAL_UNIT_ASSIGNED_CONTEXT((#8376,#8377,#8378)) REPRESENTATION_CONTEXT
('Context #1','3D Context with UNIT and UNCERTAINTY') );
#8376 = ( LENGTH_UNIT() NAMED_UNIT(*) SI_UNIT(.MILLI.,.METRE.) );
#8377 = ( NAMED_UNIT(*) PLANE_ANGLE_UNIT() SI_UNIT($,.RADIAN.) );
#8378 = ( NAMED_UNIT(*) SI_UNIT($,.STERADIAN.) SOLID_ANGLE_UNIT() );
#8379 = UNCERTAINTY_MEASURE_WITH_UNIT(LENGTH_MEASURE(1.E-07),#8376,
  'distance_accuracy_value','confusion accuracy');
#8380 = CONTEXT_DEPENDENT_SHAPE_REPRESENTATION(#8381,#8383);
#8381 = ( REPRESENTATION_RELATIONSHIP('','',#1774,#8362) 
REPRESENTATION_RELATIONSHIP_WITH_TRANSFORMATION(#8382) 
SHAPE_REPRESENTATION_RELATIONSHIP() );
#8382 = ITEM_DEFINED_TRANSFORMATION('','',#11,#8363);
#8383 = PRODUCT_DEFINITION_SHAPE('Placement','Placement of an item',
  #8384);
#8384 = NEXT_ASSEMBLY_USAGE_OCCURRENCE('48','','',#8357,#7445,$);
#8385 = CONTEXT_DEPENDENT_SHAPE_REPRESENTATION(#8386,#8388);
#8386 = ( REPRESENTATION_RELATIONSHIP('','',#7463,#8362) 
REPRESENTATION_RELATIONSHIP_WITH_TRANSFORMATION(#8387) 
SHAPE_REPRESENTATION_RELATIONSHIP() );
#8387 = ITEM_DEFINED_TRANSFORMATION('','',#11,#8367);
#8388 = PRODUCT_DEFINITION_SHAPE('Placement','Placement of an item',
  #8389);
#8389 = NEXT_ASSEMBLY_USAGE_OCCURRENCE('49','','',#8357,#7458,$);
#8390 = CONTEXT_DEPENDENT_SHAPE_REPRESENTATION(#8391,#8393);
#8391 = ( REPRESENTATION_RELATIONSHIP('','',#7463,#8362) 
REPRESENTATION_RELATIONSHIP_WITH_TRANSFORMATION(#8392) 
SHAPE_REPRESENTATION_RELATIONSHIP() );
#8392 = ITEM_DEFINED_TRANSFORMATION('','',#11,#8371);
#8393 = PRODUCT_DEFINITION_SHAPE('Placement','Placement of an item',
  #8394);
#8394 = NEXT_ASSEMBLY_USAGE_OCCURRENCE('50','','',#8357,#7458,$);
#8395 = CONTEXT_DEPENDENT_SHAPE_REPRESENTATION(#8396,#8398);
#8396 = ( REPRESENTATION_RELATIONSHIP('','',#8362,#10) 
REPRESENTATION_RELATIONSHIP_WITH_TRANSFORMATION(#8397) 
SHAPE_REPRESENTATION_RELATIONSHIP() );
#8397 = ITEM_DEFINED_TRANSFORMATION('','',#11,#59);
#8398 = PRODUCT_DEFINITION_SHAPE('Placement','Placement of an item',
  #8399);
#8399 = NEXT_ASSEMBLY_USAGE_OCCURRENCE('51','','',#5,#8357,$);
#8400 = PRODUCT_RELATED_PRODUCT_CATEGORY('part',$,(#8359));
#8401 = SHAPE_DEFINITION_REPRESENTATION(#8402,#8408);
#8402 = PRODUCT_DEFINITION_SHAPE('','',#8403);
#8403 = PRODUCT_DEFINITION('design','',#8404,#8407);
#8404 = PRODUCT_DEFINITION_FORMATION('','',#8405);
#8405 = PRODUCT('R49','R49','',(#8406));
#8406 = PRODUCT_CONTEXT('',#2,'mechanical');
#8407 = PRODUCT_DEFINITION_CONTEXT('part definition',#2,'design');
#8408 = SHAPE_REPRESENTATION('',(#11,#8409,#8413,#8417),#8421);
#8409 = AXIS2_PLACEMENT_3D('',#8410,#8411,#8412);
#8410 = CARTESIAN_POINT('',(18.575007063516,7.150004717637,
    -0.911478996277));
#8411 = DIRECTION('',(0.,0.,1.));
#8412 = DIRECTION('',(1.,0.,0.));
#8413 = AXIS2_PLACEMENT_3D('',#8414,#8415,#8416);
#8414 = CARTESIAN_POINT('',(19.975008589395,7.150004717637,
    -0.911478996277));
#8415 = DIRECTION('',(0.,0.,1.));
#8416 = DIRECTION('',(1.,0.,0.));
#8417 = AXIS2_PLACEMENT_3D('',#8418,#8419,#8420);
#8418 = CARTESIAN_POINT('',(19.275004011758,7.150004717637,
    -0.911478996277));
#8419 = DIRECTION('',(0.,0.,1.));
#8420 = DIRECTION('',(1.,0.,0.));
#8421 = ( GEOMETRIC_REPRESENTATION_CONTEXT(3) 
GLOBAL_UNCERTAINTY_ASSIGNED_CONTEXT((#8425)) 
GLOBAL_UNIT_ASSIGNED_CONTEXT((#8422,#8423,#8424)) REPRESENTATION_CONTEXT
('Context #1','3D Context with UNIT and UNCERTAINTY') );
#8422 = ( LENGTH_UNIT() NAMED_UNIT(*) SI_UNIT(.MILLI.,.METRE.) );
#8423 = ( NAMED_UNIT(*) PLANE_ANGLE_UNIT() SI_UNIT($,.RADIAN.) );
#8424 = ( NAMED_UNIT(*) SI_UNIT($,.STERADIAN.) SOLID_ANGLE_UNIT() );
#8425 = UNCERTAINTY_MEASURE_WITH_UNIT(LENGTH_MEASURE(1.E-07),#8422,
  'distance_accuracy_value','confusion accuracy');
#8426 = CONTEXT_DEPENDENT_SHAPE_REPRESENTATION(#8427,#8429);
#8427 = ( REPRESENTATION_RELATIONSHIP('','',#1315,#8408) 
REPRESENTATION_RELATIONSHIP_WITH_TRANSFORMATION(#8428) 
SHAPE_REPRESENTATION_RELATIONSHIP() );
#8428 = ITEM_DEFINED_TRANSFORMATION('','',#11,#8409);
#8429 = PRODUCT_DEFINITION_SHAPE('Placement','Placement of an item',
  #8430);
#8430 = NEXT_ASSEMBLY_USAGE_OCCURRENCE('52','','',#8403,#1310,$);
#8431 = CONTEXT_DEPENDENT_SHAPE_REPRESENTATION(#8432,#8434);
#8432 = ( REPRESENTATION_RELATIONSHIP('','',#1315,#8408) 
REPRESENTATION_RELATIONSHIP_WITH_TRANSFORMATION(#8433) 
SHAPE_REPRESENTATION_RELATIONSHIP() );
#8433 = ITEM_DEFINED_TRANSFORMATION('','',#11,#8413);
#8434 = PRODUCT_DEFINITION_SHAPE('Placement','Placement of an item',
  #8435);
#8435 = NEXT_ASSEMBLY_USAGE_OCCURRENCE('53','','',#8403,#1310,$);
#8436 = CONTEXT_DEPENDENT_SHAPE_REPRESENTATION(#8437,#8439);
#8437 = ( REPRESENTATION_RELATIONSHIP('','',#1512,#8408) 
REPRESENTATION_RELATIONSHIP_WITH_TRANSFORMATION(#8438) 
SHAPE_REPRESENTATION_RELATIONSHIP() );
#8438 = ITEM_DEFINED_TRANSFORMATION('','',#11,#8417);
#8439 = PRODUCT_DEFINITION_SHAPE('Placement','Placement of an item',
  #8440);
#8440 = NEXT_ASSEMBLY_USAGE_OCCURRENCE('54','','',#8403,#1507,$);
#8441 = CONTEXT_DEPENDENT_SHAPE_REPRESENTATION(#8442,#8444);
#8442 = ( REPRESENTATION_RELATIONSHIP('','',#8408,#10) 
REPRESENTATION_RELATIONSHIP_WITH_TRANSFORMATION(#8443) 
SHAPE_REPRESENTATION_RELATIONSHIP() );
#8443 = ITEM_DEFINED_TRANSFORMATION('','',#11,#63);
#8444 = PRODUCT_DEFINITION_SHAPE('Placement','Placement of an item',
  #8445);
#8445 = NEXT_ASSEMBLY_USAGE_OCCURRENCE('55','','',#5,#8403,$);
#8446 = PRODUCT_RELATED_PRODUCT_CATEGORY('part',$,(#8405));
#8447 = SHAPE_DEFINITION_REPRESENTATION(#8448,#8454);
#8448 = PRODUCT_DEFINITION_SHAPE('','',#8449);
#8449 = PRODUCT_DEFINITION('design','',#8450,#8453);
#8450 = PRODUCT_DEFINITION_FORMATION('','',#8451);
#8451 = PRODUCT('R48','R48','',(#8452));
#8452 = PRODUCT_CONTEXT('',#2,'mechanical');
#8453 = PRODUCT_DEFINITION_CONTEXT('part definition',#2,'design');
#8454 = SHAPE_REPRESENTATION('',(#11,#8455,#8459,#8463),#8467);
#8455 = AXIS2_PLACEMENT_3D('',#8456,#8457,#8458);
#8456 = CARTESIAN_POINT('',(20.275011641152,8.95000014,-0.911478996277)
  );
#8457 = DIRECTION('',(0.,0.,1.));
#8458 = DIRECTION('',(1.,0.,0.));
#8459 = AXIS2_PLACEMENT_3D('',#8460,#8461,#8462);
#8460 = CARTESIAN_POINT('',(20.275011641152,10.350001665879,
    -0.911478996277));
#8461 = DIRECTION('',(0.,0.,1.));
#8462 = DIRECTION('',(1.,0.,0.));
#8463 = AXIS2_PLACEMENT_3D('',#8464,#8465,#8466);
#8464 = CARTESIAN_POINT('',(20.275011641152,9.650004717637,
    -0.911478996277));
#8465 = DIRECTION('',(0.,0.,1.));
#8466 = DIRECTION('',(1.,0.,0.));
#8467 = ( GEOMETRIC_REPRESENTATION_CONTEXT(3) 
GLOBAL_UNCERTAINTY_ASSIGNED_CONTEXT((#8471)) 
GLOBAL_UNIT_ASSIGNED_CONTEXT((#8468,#8469,#8470)) REPRESENTATION_CONTEXT
('Context #1','3D Context with UNIT and UNCERTAINTY') );
#8468 = ( LENGTH_UNIT() NAMED_UNIT(*) SI_UNIT(.MILLI.,.METRE.) );
#8469 = ( NAMED_UNIT(*) PLANE_ANGLE_UNIT() SI_UNIT($,.RADIAN.) );
#8470 = ( NAMED_UNIT(*) SI_UNIT($,.STERADIAN.) SOLID_ANGLE_UNIT() );
#8471 = UNCERTAINTY_MEASURE_WITH_UNIT(LENGTH_MEASURE(1.E-07),#8468,
  'distance_accuracy_value','confusion accuracy');
#8472 = CONTEXT_DEPENDENT_SHAPE_REPRESENTATION(#8473,#8475);
#8473 = ( REPRESENTATION_RELATIONSHIP('','',#7783,#8454) 
REPRESENTATION_RELATIONSHIP_WITH_TRANSFORMATION(#8474) 
SHAPE_REPRESENTATION_RELATIONSHIP() );
#8474 = ITEM_DEFINED_TRANSFORMATION('','',#11,#8455);
#8475 = PRODUCT_DEFINITION_SHAPE('Placement','Placement of an item',
  #8476);
#8476 = NEXT_ASSEMBLY_USAGE_OCCURRENCE('56','','',#8449,#7778,$);
#8477 = CONTEXT_DEPENDENT_SHAPE_REPRESENTATION(#8478,#8480);
#8478 = ( REPRESENTATION_RELATIONSHIP('','',#7783,#8454) 
REPRESENTATION_RELATIONSHIP_WITH_TRANSFORMATION(#8479) 
SHAPE_REPRESENTATION_RELATIONSHIP() );
#8479 = ITEM_DEFINED_TRANSFORMATION('','',#11,#8459);
#8480 = PRODUCT_DEFINITION_SHAPE('Placement','Placement of an item',
  #8481);
#8481 = NEXT_ASSEMBLY_USAGE_OCCURRENCE('57','','',#8449,#7778,$);
#8482 = CONTEXT_DEPENDENT_SHAPE_REPRESENTATION(#8483,#8485);
#8483 = ( REPRESENTATION_RELATIONSHIP('','',#7980,#8454) 
REPRESENTATION_RELATIONSHIP_WITH_TRANSFORMATION(#8484) 
SHAPE_REPRESENTATION_RELATIONSHIP() );
#8484 = ITEM_DEFINED_TRANSFORMATION('','',#11,#8463);
#8485 = PRODUCT_DEFINITION_SHAPE('Placement','Placement of an item',
  #8486);
#8486 = NEXT_ASSEMBLY_USAGE_OCCURRENCE('58','','',#8449,#7975,$);
#8487 = CONTEXT_DEPENDENT_SHAPE_REPRESENTATION(#8488,#8490);
#8488 = ( REPRESENTATION_RELATIONSHIP('','',#8454,#10) 
REPRESENTATION_RELATIONSHIP_WITH_TRANSFORMATION(#8489) 
SHAPE_REPRESENTATION_RELATIONSHIP() );
#8489 = ITEM_DEFINED_TRANSFORMATION('','',#11,#67);
#8490 = PRODUCT_DEFINITION_SHAPE('Placement','Placement of an item',
  #8491);
#8491 = NEXT_ASSEMBLY_USAGE_OCCURRENCE('59','','',#5,#8449,$);
#8492 = PRODUCT_RELATED_PRODUCT_CATEGORY('part',$,(#8451));
#8493 = SHAPE_DEFINITION_REPRESENTATION(#8494,#8500);
#8494 = PRODUCT_DEFINITION_SHAPE('','',#8495);
#8495 = PRODUCT_DEFINITION('design','',#8496,#8499);
#8496 = PRODUCT_DEFINITION_FORMATION('','',#8497);
#8497 = PRODUCT('R47','R47','',(#8498));
#8498 = PRODUCT_CONTEXT('',#2,'mechanical');
#8499 = PRODUCT_DEFINITION_CONTEXT('part definition',#2,'design');
#8500 = SHAPE_REPRESENTATION('',(#11,#8501,#8505,#8509),#8513);
#8501 = AXIS2_PLACEMENT_3D('',#8502,#8503,#8504);
#8502 = CARTESIAN_POINT('',(14.325007063516,7.150004717637,
    -0.911478996277));
#8503 = DIRECTION('',(0.,0.,1.));
#8504 = DIRECTION('',(1.,0.,0.));
#8505 = AXIS2_PLACEMENT_3D('',#8506,#8507,#8508);
#8506 = CARTESIAN_POINT('',(15.725008589395,7.150004717637,
    -0.911478996277));
#8507 = DIRECTION('',(0.,0.,1.));
#8508 = DIRECTION('',(1.,0.,0.));
#8509 = AXIS2_PLACEMENT_3D('',#8510,#8511,#8512);
#8510 = CARTESIAN_POINT('',(15.025011641152,7.150004717637,
    -0.911478996277));
#8511 = DIRECTION('',(0.,0.,1.));
#8512 = DIRECTION('',(1.,0.,0.));
#8513 = ( GEOMETRIC_REPRESENTATION_CONTEXT(3) 
GLOBAL_UNCERTAINTY_ASSIGNED_CONTEXT((#8517)) 
GLOBAL_UNIT_ASSIGNED_CONTEXT((#8514,#8515,#8516)) REPRESENTATION_CONTEXT
('Context #1','3D Context with UNIT and UNCERTAINTY') );
#8514 = ( LENGTH_UNIT() NAMED_UNIT(*) SI_UNIT(.MILLI.,.METRE.) );
#8515 = ( NAMED_UNIT(*) PLANE_ANGLE_UNIT() SI_UNIT($,.RADIAN.) );
#8516 = ( NAMED_UNIT(*) SI_UNIT($,.STERADIAN.) SOLID_ANGLE_UNIT() );
#8517 = UNCERTAINTY_MEASURE_WITH_UNIT(LENGTH_MEASURE(1.E-07),#8514,
  'distance_accuracy_value','confusion accuracy');
#8518 = CONTEXT_DEPENDENT_SHAPE_REPRESENTATION(#8519,#8521);
#8519 = ( REPRESENTATION_RELATIONSHIP('','',#1315,#8500) 
REPRESENTATION_RELATIONSHIP_WITH_TRANSFORMATION(#8520) 
SHAPE_REPRESENTATION_RELATIONSHIP() );
#8520 = ITEM_DEFINED_TRANSFORMATION('','',#11,#8501);
#8521 = PRODUCT_DEFINITION_SHAPE('Placement','Placement of an item',
  #8522);
#8522 = NEXT_ASSEMBLY_USAGE_OCCURRENCE('60','','',#8495,#1310,$);
#8523 = CONTEXT_DEPENDENT_SHAPE_REPRESENTATION(#8524,#8526);
#8524 = ( REPRESENTATION_RELATIONSHIP('','',#1315,#8500) 
REPRESENTATION_RELATIONSHIP_WITH_TRANSFORMATION(#8525) 
SHAPE_REPRESENTATION_RELATIONSHIP() );
#8525 = ITEM_DEFINED_TRANSFORMATION('','',#11,#8505);
#8526 = PRODUCT_DEFINITION_SHAPE('Placement','Placement of an item',
  #8527);
#8527 = NEXT_ASSEMBLY_USAGE_OCCURRENCE('61','','',#8495,#1310,$);
#8528 = CONTEXT_DEPENDENT_SHAPE_REPRESENTATION(#8529,#8531);
#8529 = ( REPRESENTATION_RELATIONSHIP('','',#1512,#8500) 
REPRESENTATION_RELATIONSHIP_WITH_TRANSFORMATION(#8530) 
SHAPE_REPRESENTATION_RELATIONSHIP() );
#8530 = ITEM_DEFINED_TRANSFORMATION('','',#11,#8509);
#8531 = PRODUCT_DEFINITION_SHAPE('Placement','Placement of an item',
  #8532);
#8532 = NEXT_ASSEMBLY_USAGE_OCCURRENCE('62','','',#8495,#1507,$);
#8533 = CONTEXT_DEPENDENT_SHAPE_REPRESENTATION(#8534,#8536);
#8534 = ( REPRESENTATION_RELATIONSHIP('','',#8500,#10) 
REPRESENTATION_RELATIONSHIP_WITH_TRANSFORMATION(#8535) 
SHAPE_REPRESENTATION_RELATIONSHIP() );
#8535 = ITEM_DEFINED_TRANSFORMATION('','',#11,#71);
#8536 = PRODUCT_DEFINITION_SHAPE('Placement','Placement of an item',
  #8537);
#8537 = NEXT_ASSEMBLY_USAGE_OCCURRENCE('63','','',#5,#8495,$);
#8538 = PRODUCT_RELATED_PRODUCT_CATEGORY('part',$,(#8497));
#8539 = SHAPE_DEFINITION_REPRESENTATION(#8540,#8546);
#8540 = PRODUCT_DEFINITION_SHAPE('','',#8541);
#8541 = PRODUCT_DEFINITION('design','',#8542,#8545);
#8542 = PRODUCT_DEFINITION_FORMATION('','',#8543);
#8543 = PRODUCT('R46','R46','',(#8544));
#8544 = PRODUCT_CONTEXT('',#2,'mechanical');
#8545 = PRODUCT_DEFINITION_CONTEXT('part definition',#2,'design');
#8546 = SHAPE_REPRESENTATION('',(#11,#8547,#8551,#8555),#8559);
#8547 = AXIS2_PLACEMENT_3D('',#8548,#8549,#8550);
#8548 = CARTESIAN_POINT('',(16.025011641152,10.350001665879,
    -0.911478996277));
#8549 = DIRECTION('',(0.,0.,1.));
#8550 = DIRECTION('',(1.,0.,0.));
#8551 = AXIS2_PLACEMENT_3D('',#8552,#8553,#8554);
#8552 = CARTESIAN_POINT('',(16.025011641152,8.95000014,-0.911478996277)
  );
#8553 = DIRECTION('',(0.,0.,1.));
#8554 = DIRECTION('',(1.,0.,0.));
#8555 = AXIS2_PLACEMENT_3D('',#8556,#8557,#8558);
#8556 = CARTESIAN_POINT('',(16.025011641152,9.650004717637,
    -0.911478996277));
#8557 = DIRECTION('',(0.,0.,1.));
#8558 = DIRECTION('',(1.,0.,0.));
#8559 = ( GEOMETRIC_REPRESENTATION_CONTEXT(3) 
GLOBAL_UNCERTAINTY_ASSIGNED_CONTEXT((#8563)) 
GLOBAL_UNIT_ASSIGNED_CONTEXT((#8560,#8561,#8562)) REPRESENTATION_CONTEXT
('Context #1','3D Context with UNIT and UNCERTAINTY') );
#8560 = ( LENGTH_UNIT() NAMED_UNIT(*) SI_UNIT(.MILLI.,.METRE.) );
#8561 = ( NAMED_UNIT(*) PLANE_ANGLE_UNIT() SI_UNIT($,.RADIAN.) );
#8562 = ( NAMED_UNIT(*) SI_UNIT($,.STERADIAN.) SOLID_ANGLE_UNIT() );
#8563 = UNCERTAINTY_MEASURE_WITH_UNIT(LENGTH_MEASURE(1.E-07),#8560,
  'distance_accuracy_value','confusion accuracy');
#8564 = CONTEXT_DEPENDENT_SHAPE_REPRESENTATION(#8565,#8567);
#8565 = ( REPRESENTATION_RELATIONSHIP('','',#7783,#8546) 
REPRESENTATION_RELATIONSHIP_WITH_TRANSFORMATION(#8566) 
SHAPE_REPRESENTATION_RELATIONSHIP() );
#8566 = ITEM_DEFINED_TRANSFORMATION('','',#11,#8547);
#8567 = PRODUCT_DEFINITION_SHAPE('Placement','Placement of an item',
  #8568);
#8568 = NEXT_ASSEMBLY_USAGE_OCCURRENCE('64','','',#8541,#7778,$);
#8569 = CONTEXT_DEPENDENT_SHAPE_REPRESENTATION(#8570,#8572);
#8570 = ( REPRESENTATION_RELATIONSHIP('','',#7783,#8546) 
REPRESENTATION_RELATIONSHIP_WITH_TRANSFORMATION(#8571) 
SHAPE_REPRESENTATION_RELATIONSHIP() );
#8571 = ITEM_DEFINED_TRANSFORMATION('','',#11,#8551);
#8572 = PRODUCT_DEFINITION_SHAPE('Placement','Placement of an item',
  #8573);
#8573 = NEXT_ASSEMBLY_USAGE_OCCURRENCE('65','','',#8541,#7778,$);
#8574 = CONTEXT_DEPENDENT_SHAPE_REPRESENTATION(#8575,#8577);
#8575 = ( REPRESENTATION_RELATIONSHIP('','',#7980,#8546) 
REPRESENTATION_RELATIONSHIP_WITH_TRANSFORMATION(#8576) 
SHAPE_REPRESENTATION_RELATIONSHIP() );
#8576 = ITEM_DEFINED_TRANSFORMATION('','',#11,#8555);
#8577 = PRODUCT_DEFINITION_SHAPE('Placement','Placement of an item',
  #8578);
#8578 = NEXT_ASSEMBLY_USAGE_OCCURRENCE('66','','',#8541,#7975,$);
#8579 = CONTEXT_DEPENDENT_SHAPE_REPRESENTATION(#8580,#8582);
#8580 = ( REPRESENTATION_RELATIONSHIP('','',#8546,#10) 
REPRESENTATION_RELATIONSHIP_WITH_TRANSFORMATION(#8581) 
SHAPE_REPRESENTATION_RELATIONSHIP() );
#8581 = ITEM_DEFINED_TRANSFORMATION('','',#11,#75);
#8582 = PRODUCT_DEFINITION_SHAPE('Placement','Placement of an item',
  #8583);
#8583 = NEXT_ASSEMBLY_USAGE_OCCURRENCE('67','','',#5,#8541,$);
#8584 = PRODUCT_RELATED_PRODUCT_CATEGORY('part',$,(#8543));
#8585 = SHAPE_DEFINITION_REPRESENTATION(#8586,#8592);
#8586 = PRODUCT_DEFINITION_SHAPE('','',#8587);
#8587 = PRODUCT_DEFINITION('design','',#8588,#8591);
#8588 = PRODUCT_DEFINITION_FORMATION('','',#8589);
#8589 = PRODUCT('R45','R45','',(#8590));
#8590 = PRODUCT_CONTEXT('',#2,'mechanical');
#8591 = PRODUCT_DEFINITION_CONTEXT('part definition',#2,'design');
#8592 = SHAPE_REPRESENTATION('',(#11,#8593,#8597,#8601),#8605);
#8593 = AXIS2_PLACEMENT_3D('',#8594,#8595,#8596);
#8594 = CARTESIAN_POINT('',(10.325007063516,7.149997088242,
    -0.911478996277));
#8595 = DIRECTION('',(0.,0.,1.));
#8596 = DIRECTION('',(1.,0.,0.));
#8597 = AXIS2_PLACEMENT_3D('',#8598,#8599,#8600);
#8598 = CARTESIAN_POINT('',(11.725008589395,7.149997088242,
    -0.911478996277));
#8599 = DIRECTION('',(0.,0.,1.));
#8600 = DIRECTION('',(1.,0.,0.));
#8601 = AXIS2_PLACEMENT_3D('',#8602,#8603,#8604);
#8602 = CARTESIAN_POINT('',(11.025004011758,7.149997088242,
    -0.911478996277));
#8603 = DIRECTION('',(0.,0.,1.));
#8604 = DIRECTION('',(1.,0.,0.));
#8605 = ( GEOMETRIC_REPRESENTATION_CONTEXT(3) 
GLOBAL_UNCERTAINTY_ASSIGNED_CONTEXT((#8609)) 
GLOBAL_UNIT_ASSIGNED_CONTEXT((#8606,#8607,#8608)) REPRESENTATION_CONTEXT
('Context #1','3D Context with UNIT and UNCERTAINTY') );
#8606 = ( LENGTH_UNIT() NAMED_UNIT(*) SI_UNIT(.MILLI.,.METRE.) );
#8607 = ( NAMED_UNIT(*) PLANE_ANGLE_UNIT() SI_UNIT($,.RADIAN.) );
#8608 = ( NAMED_UNIT(*) SI_UNIT($,.STERADIAN.) SOLID_ANGLE_UNIT() );
#8609 = UNCERTAINTY_MEASURE_WITH_UNIT(LENGTH_MEASURE(1.E-07),#8606,
  'distance_accuracy_value','confusion accuracy');
#8610 = CONTEXT_DEPENDENT_SHAPE_REPRESENTATION(#8611,#8613);
#8611 = ( REPRESENTATION_RELATIONSHIP('','',#1315,#8592) 
REPRESENTATION_RELATIONSHIP_WITH_TRANSFORMATION(#8612) 
SHAPE_REPRESENTATION_RELATIONSHIP() );
#8612 = ITEM_DEFINED_TRANSFORMATION('','',#11,#8593);
#8613 = PRODUCT_DEFINITION_SHAPE('Placement','Placement of an item',
  #8614);
#8614 = NEXT_ASSEMBLY_USAGE_OCCURRENCE('68','','',#8587,#1310,$);
#8615 = CONTEXT_DEPENDENT_SHAPE_REPRESENTATION(#8616,#8618);
#8616 = ( REPRESENTATION_RELATIONSHIP('','',#1315,#8592) 
REPRESENTATION_RELATIONSHIP_WITH_TRANSFORMATION(#8617) 
SHAPE_REPRESENTATION_RELATIONSHIP() );
#8617 = ITEM_DEFINED_TRANSFORMATION('','',#11,#8597);
#8618 = PRODUCT_DEFINITION_SHAPE('Placement','Placement of an item',
  #8619);
#8619 = NEXT_ASSEMBLY_USAGE_OCCURRENCE('69','','',#8587,#1310,$);
#8620 = CONTEXT_DEPENDENT_SHAPE_REPRESENTATION(#8621,#8623);
#8621 = ( REPRESENTATION_RELATIONSHIP('','',#1512,#8592) 
REPRESENTATION_RELATIONSHIP_WITH_TRANSFORMATION(#8622) 
SHAPE_REPRESENTATION_RELATIONSHIP() );
#8622 = ITEM_DEFINED_TRANSFORMATION('','',#11,#8601);
#8623 = PRODUCT_DEFINITION_SHAPE('Placement','Placement of an item',
  #8624);
#8624 = NEXT_ASSEMBLY_USAGE_OCCURRENCE('70','','',#8587,#1507,$);
#8625 = CONTEXT_DEPENDENT_SHAPE_REPRESENTATION(#8626,#8628);
#8626 = ( REPRESENTATION_RELATIONSHIP('','',#8592,#10) 
REPRESENTATION_RELATIONSHIP_WITH_TRANSFORMATION(#8627) 
SHAPE_REPRESENTATION_RELATIONSHIP() );
#8627 = ITEM_DEFINED_TRANSFORMATION('','',#11,#79);
#8628 = PRODUCT_DEFINITION_SHAPE('Placement','Placement of an item',
  #8629);
#8629 = NEXT_ASSEMBLY_USAGE_OCCURRENCE('71','','',#5,#8587,$);
#8630 = PRODUCT_RELATED_PRODUCT_CATEGORY('part',$,(#8589));
#8631 = SHAPE_DEFINITION_REPRESENTATION(#8632,#8638);
#8632 = PRODUCT_DEFINITION_SHAPE('','',#8633);
#8633 = PRODUCT_DEFINITION('design','',#8634,#8637);
#8634 = PRODUCT_DEFINITION_FORMATION('','',#8635);
#8635 = PRODUCT('R44','R44','',(#8636));
#8636 = PRODUCT_CONTEXT('',#2,'mechanical');
#8637 = PRODUCT_DEFINITION_CONTEXT('part definition',#2,'design');
#8638 = SHAPE_REPRESENTATION('',(#11,#8639,#8643,#8647),#8651);
#8639 = AXIS2_PLACEMENT_3D('',#8640,#8641,#8642);
#8640 = CARTESIAN_POINT('',(11.775011641152,10.350001665879,
    -0.911478996277));
#8641 = DIRECTION('',(0.,0.,1.));
#8642 = DIRECTION('',(1.,0.,0.));
#8643 = AXIS2_PLACEMENT_3D('',#8644,#8645,#8646);
#8644 = CARTESIAN_POINT('',(11.775011641152,8.95000014,-0.911478996277)
  );
#8645 = DIRECTION('',(0.,0.,1.));
#8646 = DIRECTION('',(1.,0.,0.));
#8647 = AXIS2_PLACEMENT_3D('',#8648,#8649,#8650);
#8648 = CARTESIAN_POINT('',(11.775011641152,9.649997088242,
    -0.911478996277));
#8649 = DIRECTION('',(0.,0.,1.));
#8650 = DIRECTION('',(1.,0.,0.));
#8651 = ( GEOMETRIC_REPRESENTATION_CONTEXT(3) 
GLOBAL_UNCERTAINTY_ASSIGNED_CONTEXT((#8655)) 
GLOBAL_UNIT_ASSIGNED_CONTEXT((#8652,#8653,#8654)) REPRESENTATION_CONTEXT
('Context #1','3D Context with UNIT and UNCERTAINTY') );
#8652 = ( LENGTH_UNIT() NAMED_UNIT(*) SI_UNIT(.MILLI.,.METRE.) );
#8653 = ( NAMED_UNIT(*) PLANE_ANGLE_UNIT() SI_UNIT($,.RADIAN.) );
#8654 = ( NAMED_UNIT(*) SI_UNIT($,.STERADIAN.) SOLID_ANGLE_UNIT() );
#8655 = UNCERTAINTY_MEASURE_WITH_UNIT(LENGTH_MEASURE(1.E-07),#8652,
  'distance_accuracy_value','confusion accuracy');
#8656 = CONTEXT_DEPENDENT_SHAPE_REPRESENTATION(#8657,#8659);
#8657 = ( REPRESENTATION_RELATIONSHIP('','',#7783,#8638) 
REPRESENTATION_RELATIONSHIP_WITH_TRANSFORMATION(#8658) 
SHAPE_REPRESENTATION_RELATIONSHIP() );
#8658 = ITEM_DEFINED_TRANSFORMATION('','',#11,#8639);
#8659 = PRODUCT_DEFINITION_SHAPE('Placement','Placement of an item',
  #8660);
#8660 = NEXT_ASSEMBLY_USAGE_OCCURRENCE('72','','',#8633,#7778,$);
#8661 = CONTEXT_DEPENDENT_SHAPE_REPRESENTATION(#8662,#8664);
#8662 = ( REPRESENTATION_RELATIONSHIP('','',#7783,#8638) 
REPRESENTATION_RELATIONSHIP_WITH_TRANSFORMATION(#8663) 
SHAPE_REPRESENTATION_RELATIONSHIP() );
#8663 = ITEM_DEFINED_TRANSFORMATION('','',#11,#8643);
#8664 = PRODUCT_DEFINITION_SHAPE('Placement','Placement of an item',
  #8665);
#8665 = NEXT_ASSEMBLY_USAGE_OCCURRENCE('73','','',#8633,#7778,$);
#8666 = CONTEXT_DEPENDENT_SHAPE_REPRESENTATION(#8667,#8669);
#8667 = ( REPRESENTATION_RELATIONSHIP('','',#7980,#8638) 
REPRESENTATION_RELATIONSHIP_WITH_TRANSFORMATION(#8668) 
SHAPE_REPRESENTATION_RELATIONSHIP() );
#8668 = ITEM_DEFINED_TRANSFORMATION('','',#11,#8647);
#8669 = PRODUCT_DEFINITION_SHAPE('Placement','Placement of an item',
  #8670);
#8670 = NEXT_ASSEMBLY_USAGE_OCCURRENCE('74','','',#8633,#7975,$);
#8671 = CONTEXT_DEPENDENT_SHAPE_REPRESENTATION(#8672,#8674);
#8672 = ( REPRESENTATION_RELATIONSHIP('','',#8638,#10) 
REPRESENTATION_RELATIONSHIP_WITH_TRANSFORMATION(#8673) 
SHAPE_REPRESENTATION_RELATIONSHIP() );
#8673 = ITEM_DEFINED_TRANSFORMATION('','',#11,#83);
#8674 = PRODUCT_DEFINITION_SHAPE('Placement','Placement of an item',
  #8675);
#8675 = NEXT_ASSEMBLY_USAGE_OCCURRENCE('75','','',#5,#8633,$);
#8676 = PRODUCT_RELATED_PRODUCT_CATEGORY('part',$,(#8635));
#8677 = SHAPE_DEFINITION_REPRESENTATION(#8678,#8684);
#8678 = PRODUCT_DEFINITION_SHAPE('','',#8679);
#8679 = PRODUCT_DEFINITION('design','',#8680,#8683);
#8680 = PRODUCT_DEFINITION_FORMATION('','',#8681);
#8681 = PRODUCT('R43','R43','',(#8682));
#8682 = PRODUCT_CONTEXT('',#2,'mechanical');
#8683 = PRODUCT_DEFINITION_CONTEXT('part definition',#2,'design');
#8684 = SHAPE_REPRESENTATION('',(#11,#8685,#8689,#8693),#8697);
#8685 = AXIS2_PLACEMENT_3D('',#8686,#8687,#8688);
#8686 = CARTESIAN_POINT('',(6.075007063516,7.150004717637,
    -0.911478996277));
#8687 = DIRECTION('',(0.,0.,1.));
#8688 = DIRECTION('',(1.,0.,0.));
#8689 = AXIS2_PLACEMENT_3D('',#8690,#8691,#8692);
#8690 = CARTESIAN_POINT('',(7.475008589395,7.150004717637,
    -0.911478996277));
#8691 = DIRECTION('',(0.,0.,1.));
#8692 = DIRECTION('',(1.,0.,0.));
#8693 = AXIS2_PLACEMENT_3D('',#8694,#8695,#8696);
#8694 = CARTESIAN_POINT('',(6.775004011758,7.150004717637,
    -0.911478996277));
#8695 = DIRECTION('',(0.,0.,1.));
#8696 = DIRECTION('',(1.,0.,0.));
#8697 = ( GEOMETRIC_REPRESENTATION_CONTEXT(3) 
GLOBAL_UNCERTAINTY_ASSIGNED_CONTEXT((#8701)) 
GLOBAL_UNIT_ASSIGNED_CONTEXT((#8698,#8699,#8700)) REPRESENTATION_CONTEXT
('Context #1','3D Context with UNIT and UNCERTAINTY') );
#8698 = ( LENGTH_UNIT() NAMED_UNIT(*) SI_UNIT(.MILLI.,.METRE.) );
#8699 = ( NAMED_UNIT(*) PLANE_ANGLE_UNIT() SI_UNIT($,.RADIAN.) );
#8700 = ( NAMED_UNIT(*) SI_UNIT($,.STERADIAN.) SOLID_ANGLE_UNIT() );
#8701 = UNCERTAINTY_MEASURE_WITH_UNIT(LENGTH_MEASURE(1.E-07),#8698,
  'distance_accuracy_value','confusion accuracy');
#8702 = CONTEXT_DEPENDENT_SHAPE_REPRESENTATION(#8703,#8705);
#8703 = ( REPRESENTATION_RELATIONSHIP('','',#1315,#8684) 
REPRESENTATION_RELATIONSHIP_WITH_TRANSFORMATION(#8704) 
SHAPE_REPRESENTATION_RELATIONSHIP() );
#8704 = ITEM_DEFINED_TRANSFORMATION('','',#11,#8685);
#8705 = PRODUCT_DEFINITION_SHAPE('Placement','Placement of an item',
  #8706);
#8706 = NEXT_ASSEMBLY_USAGE_OCCURRENCE('76','','',#8679,#1310,$);
#8707 = CONTEXT_DEPENDENT_SHAPE_REPRESENTATION(#8708,#8710);
#8708 = ( REPRESENTATION_RELATIONSHIP('','',#1315,#8684) 
REPRESENTATION_RELATIONSHIP_WITH_TRANSFORMATION(#8709) 
SHAPE_REPRESENTATION_RELATIONSHIP() );
#8709 = ITEM_DEFINED_TRANSFORMATION('','',#11,#8689);
#8710 = PRODUCT_DEFINITION_SHAPE('Placement','Placement of an item',
  #8711);
#8711 = NEXT_ASSEMBLY_USAGE_OCCURRENCE('77','','',#8679,#1310,$);
#8712 = CONTEXT_DEPENDENT_SHAPE_REPRESENTATION(#8713,#8715);
#8713 = ( REPRESENTATION_RELATIONSHIP('','',#1512,#8684) 
REPRESENTATION_RELATIONSHIP_WITH_TRANSFORMATION(#8714) 
SHAPE_REPRESENTATION_RELATIONSHIP() );
#8714 = ITEM_DEFINED_TRANSFORMATION('','',#11,#8693);
#8715 = PRODUCT_DEFINITION_SHAPE('Placement','Placement of an item',
  #8716);
#8716 = NEXT_ASSEMBLY_USAGE_OCCURRENCE('78','','',#8679,#1507,$);
#8717 = CONTEXT_DEPENDENT_SHAPE_REPRESENTATION(#8718,#8720);
#8718 = ( REPRESENTATION_RELATIONSHIP('','',#8684,#10) 
REPRESENTATION_RELATIONSHIP_WITH_TRANSFORMATION(#8719) 
SHAPE_REPRESENTATION_RELATIONSHIP() );
#8719 = ITEM_DEFINED_TRANSFORMATION('','',#11,#87);
#8720 = PRODUCT_DEFINITION_SHAPE('Placement','Placement of an item',
  #8721);
#8721 = NEXT_ASSEMBLY_USAGE_OCCURRENCE('79','','',#5,#8679,$);
#8722 = PRODUCT_RELATED_PRODUCT_CATEGORY('part',$,(#8681));
#8723 = SHAPE_DEFINITION_REPRESENTATION(#8724,#8730);
#8724 = PRODUCT_DEFINITION_SHAPE('','',#8725);
#8725 = PRODUCT_DEFINITION('design','',#8726,#8729);
#8726 = PRODUCT_DEFINITION_FORMATION('','',#8727);
#8727 = PRODUCT('R42','R42','',(#8728));
#8728 = PRODUCT_CONTEXT('',#2,'mechanical');
#8729 = PRODUCT_DEFINITION_CONTEXT('part definition',#2,'design');
#8730 = SHAPE_REPRESENTATION('',(#11,#8731,#8735,#8739),#8743);
#8731 = AXIS2_PLACEMENT_3D('',#8732,#8733,#8734);
#8732 = CARTESIAN_POINT('',(7.525011641152,10.350001665879,
    -0.911478996277));
#8733 = DIRECTION('',(0.,0.,1.));
#8734 = DIRECTION('',(1.,0.,0.));
#8735 = AXIS2_PLACEMENT_3D('',#8736,#8737,#8738);
#8736 = CARTESIAN_POINT('',(7.525011641152,8.95000014,-0.911478996277));
#8737 = DIRECTION('',(0.,0.,1.));
#8738 = DIRECTION('',(1.,0.,0.));
#8739 = AXIS2_PLACEMENT_3D('',#8740,#8741,#8742);
#8740 = CARTESIAN_POINT('',(7.525011641152,9.649997088242,
    -0.911478996277));
#8741 = DIRECTION('',(0.,0.,1.));
#8742 = DIRECTION('',(1.,0.,0.));
#8743 = ( GEOMETRIC_REPRESENTATION_CONTEXT(3) 
GLOBAL_UNCERTAINTY_ASSIGNED_CONTEXT((#8747)) 
GLOBAL_UNIT_ASSIGNED_CONTEXT((#8744,#8745,#8746)) REPRESENTATION_CONTEXT
('Context #1','3D Context with UNIT and UNCERTAINTY') );
#8744 = ( LENGTH_UNIT() NAMED_UNIT(*) SI_UNIT(.MILLI.,.METRE.) );
#8745 = ( NAMED_UNIT(*) PLANE_ANGLE_UNIT() SI_UNIT($,.RADIAN.) );
#8746 = ( NAMED_UNIT(*) SI_UNIT($,.STERADIAN.) SOLID_ANGLE_UNIT() );
#8747 = UNCERTAINTY_MEASURE_WITH_UNIT(LENGTH_MEASURE(1.E-07),#8744,
  'distance_accuracy_value','confusion accuracy');
#8748 = CONTEXT_DEPENDENT_SHAPE_REPRESENTATION(#8749,#8751);
#8749 = ( REPRESENTATION_RELATIONSHIP('','',#7783,#8730) 
REPRESENTATION_RELATIONSHIP_WITH_TRANSFORMATION(#8750) 
SHAPE_REPRESENTATION_RELATIONSHIP() );
#8750 = ITEM_DEFINED_TRANSFORMATION('','',#11,#8731);
#8751 = PRODUCT_DEFINITION_SHAPE('Placement','Placement of an item',
  #8752);
#8752 = NEXT_ASSEMBLY_USAGE_OCCURRENCE('80','','',#8725,#7778,$);
#8753 = CONTEXT_DEPENDENT_SHAPE_REPRESENTATION(#8754,#8756);
#8754 = ( REPRESENTATION_RELATIONSHIP('','',#7783,#8730) 
REPRESENTATION_RELATIONSHIP_WITH_TRANSFORMATION(#8755) 
SHAPE_REPRESENTATION_RELATIONSHIP() );
#8755 = ITEM_DEFINED_TRANSFORMATION('','',#11,#8735);
#8756 = PRODUCT_DEFINITION_SHAPE('Placement','Placement of an item',
  #8757);
#8757 = NEXT_ASSEMBLY_USAGE_OCCURRENCE('81','','',#8725,#7778,$);
#8758 = CONTEXT_DEPENDENT_SHAPE_REPRESENTATION(#8759,#8761);
#8759 = ( REPRESENTATION_RELATIONSHIP('','',#7980,#8730) 
REPRESENTATION_RELATIONSHIP_WITH_TRANSFORMATION(#8760) 
SHAPE_REPRESENTATION_RELATIONSHIP() );
#8760 = ITEM_DEFINED_TRANSFORMATION('','',#11,#8739);
#8761 = PRODUCT_DEFINITION_SHAPE('Placement','Placement of an item',
  #8762);
#8762 = NEXT_ASSEMBLY_USAGE_OCCURRENCE('82','','',#8725,#7975,$);
#8763 = CONTEXT_DEPENDENT_SHAPE_REPRESENTATION(#8764,#8766);
#8764 = ( REPRESENTATION_RELATIONSHIP('','',#8730,#10) 
REPRESENTATION_RELATIONSHIP_WITH_TRANSFORMATION(#8765) 
SHAPE_REPRESENTATION_RELATIONSHIP() );
#8765 = ITEM_DEFINED_TRANSFORMATION('','',#11,#91);
#8766 = PRODUCT_DEFINITION_SHAPE('Placement','Placement of an item',
  #8767);
#8767 = NEXT_ASSEMBLY_USAGE_OCCURRENCE('83','','',#5,#8725,$);
#8768 = PRODUCT_RELATED_PRODUCT_CATEGORY('part',$,(#8727));
#8769 = SHAPE_DEFINITION_REPRESENTATION(#8770,#8776);
#8770 = PRODUCT_DEFINITION_SHAPE('','',#8771);
#8771 = PRODUCT_DEFINITION('design','',#8772,#8775);
#8772 = PRODUCT_DEFINITION_FORMATION('','',#8773);
#8773 = PRODUCT('R41','R41','',(#8774));
#8774 = PRODUCT_CONTEXT('',#2,'mechanical');
#8775 = PRODUCT_DEFINITION_CONTEXT('part definition',#2,'design');
#8776 = SHAPE_REPRESENTATION('',(#11,#8777,#8781,#8785),#8789);
#8777 = AXIS2_PLACEMENT_3D('',#8778,#8779,#8780);
#8778 = CARTESIAN_POINT('',(2.075007063516,7.150004717637,
    -0.911478996277));
#8779 = DIRECTION('',(0.,0.,1.));
#8780 = DIRECTION('',(1.,0.,0.));
#8781 = AXIS2_PLACEMENT_3D('',#8782,#8783,#8784);
#8782 = CARTESIAN_POINT('',(3.475008589395,7.150004717637,
    -0.911478996277));
#8783 = DIRECTION('',(0.,0.,1.));
#8784 = DIRECTION('',(1.,0.,0.));
#8785 = AXIS2_PLACEMENT_3D('',#8786,#8787,#8788);
#8786 = CARTESIAN_POINT('',(2.775004011758,7.150004717637,
    -0.911478996277));
#8787 = DIRECTION('',(0.,0.,1.));
#8788 = DIRECTION('',(1.,0.,0.));
#8789 = ( GEOMETRIC_REPRESENTATION_CONTEXT(3) 
GLOBAL_UNCERTAINTY_ASSIGNED_CONTEXT((#8793)) 
GLOBAL_UNIT_ASSIGNED_CONTEXT((#8790,#8791,#8792)) REPRESENTATION_CONTEXT
('Context #1','3D Context with UNIT and UNCERTAINTY') );
#8790 = ( LENGTH_UNIT() NAMED_UNIT(*) SI_UNIT(.MILLI.,.METRE.) );
#8791 = ( NAMED_UNIT(*) PLANE_ANGLE_UNIT() SI_UNIT($,.RADIAN.) );
#8792 = ( NAMED_UNIT(*) SI_UNIT($,.STERADIAN.) SOLID_ANGLE_UNIT() );
#8793 = UNCERTAINTY_MEASURE_WITH_UNIT(LENGTH_MEASURE(1.E-07),#8790,
  'distance_accuracy_value','confusion accuracy');
#8794 = CONTEXT_DEPENDENT_SHAPE_REPRESENTATION(#8795,#8797);
#8795 = ( REPRESENTATION_RELATIONSHIP('','',#1315,#8776) 
REPRESENTATION_RELATIONSHIP_WITH_TRANSFORMATION(#8796) 
SHAPE_REPRESENTATION_RELATIONSHIP() );
#8796 = ITEM_DEFINED_TRANSFORMATION('','',#11,#8777);
#8797 = PRODUCT_DEFINITION_SHAPE('Placement','Placement of an item',
  #8798);
#8798 = NEXT_ASSEMBLY_USAGE_OCCURRENCE('84','','',#8771,#1310,$);
#8799 = CONTEXT_DEPENDENT_SHAPE_REPRESENTATION(#8800,#8802);
#8800 = ( REPRESENTATION_RELATIONSHIP('','',#1315,#8776) 
REPRESENTATION_RELATIONSHIP_WITH_TRANSFORMATION(#8801) 
SHAPE_REPRESENTATION_RELATIONSHIP() );
#8801 = ITEM_DEFINED_TRANSFORMATION('','',#11,#8781);
#8802 = PRODUCT_DEFINITION_SHAPE('Placement','Placement of an item',
  #8803);
#8803 = NEXT_ASSEMBLY_USAGE_OCCURRENCE('85','','',#8771,#1310,$);
#8804 = CONTEXT_DEPENDENT_SHAPE_REPRESENTATION(#8805,#8807);
#8805 = ( REPRESENTATION_RELATIONSHIP('','',#1512,#8776) 
REPRESENTATION_RELATIONSHIP_WITH_TRANSFORMATION(#8806) 
SHAPE_REPRESENTATION_RELATIONSHIP() );
#8806 = ITEM_DEFINED_TRANSFORMATION('','',#11,#8785);
#8807 = PRODUCT_DEFINITION_SHAPE('Placement','Placement of an item',
  #8808);
#8808 = NEXT_ASSEMBLY_USAGE_OCCURRENCE('86','','',#8771,#1507,$);
#8809 = CONTEXT_DEPENDENT_SHAPE_REPRESENTATION(#8810,#8812);
#8810 = ( REPRESENTATION_RELATIONSHIP('','',#8776,#10) 
REPRESENTATION_RELATIONSHIP_WITH_TRANSFORMATION(#8811) 
SHAPE_REPRESENTATION_RELATIONSHIP() );
#8811 = ITEM_DEFINED_TRANSFORMATION('','',#11,#95);
#8812 = PRODUCT_DEFINITION_SHAPE('Placement','Placement of an item',
  #8813);
#8813 = NEXT_ASSEMBLY_USAGE_OCCURRENCE('87','','',#5,#8771,$);
#8814 = PRODUCT_RELATED_PRODUCT_CATEGORY('part',$,(#8773));
#8815 = SHAPE_DEFINITION_REPRESENTATION(#8816,#8822);
#8816 = PRODUCT_DEFINITION_SHAPE('','',#8817);
#8817 = PRODUCT_DEFINITION('design','',#8818,#8821);
#8818 = PRODUCT_DEFINITION_FORMATION('','',#8819);
#8819 = PRODUCT('R40','R40','',(#8820));
#8820 = PRODUCT_CONTEXT('',#2,'mechanical');
#8821 = PRODUCT_DEFINITION_CONTEXT('part definition',#2,'design');
#8822 = SHAPE_REPRESENTATION('',(#11,#8823,#8827,#8831),#8835);
#8823 = AXIS2_PLACEMENT_3D('',#8824,#8825,#8826);
#8824 = CARTESIAN_POINT('',(3.525011641152,10.350001665879,
    -0.911478996277));
#8825 = DIRECTION('',(0.,0.,1.));
#8826 = DIRECTION('',(1.,0.,0.));
#8827 = AXIS2_PLACEMENT_3D('',#8828,#8829,#8830);
#8828 = CARTESIAN_POINT('',(3.525011641152,8.95000014,-0.911478996277));
#8829 = DIRECTION('',(0.,0.,1.));
#8830 = DIRECTION('',(1.,0.,0.));
#8831 = AXIS2_PLACEMENT_3D('',#8832,#8833,#8834);
#8832 = CARTESIAN_POINT('',(3.525011641152,9.649997088242,
    -0.911478996277));
#8833 = DIRECTION('',(0.,0.,1.));
#8834 = DIRECTION('',(1.,0.,0.));
#8835 = ( GEOMETRIC_REPRESENTATION_CONTEXT(3) 
GLOBAL_UNCERTAINTY_ASSIGNED_CONTEXT((#8839)) 
GLOBAL_UNIT_ASSIGNED_CONTEXT((#8836,#8837,#8838)) REPRESENTATION_CONTEXT
('Context #1','3D Context with UNIT and UNCERTAINTY') );
#8836 = ( LENGTH_UNIT() NAMED_UNIT(*) SI_UNIT(.MILLI.,.METRE.) );
#8837 = ( NAMED_UNIT(*) PLANE_ANGLE_UNIT() SI_UNIT($,.RADIAN.) );
#8838 = ( NAMED_UNIT(*) SI_UNIT($,.STERADIAN.) SOLID_ANGLE_UNIT() );
#8839 = UNCERTAINTY_MEASURE_WITH_UNIT(LENGTH_MEASURE(1.E-07),#8836,
  'distance_accuracy_value','confusion accuracy');
#8840 = CONTEXT_DEPENDENT_SHAPE_REPRESENTATION(#8841,#8843);
#8841 = ( REPRESENTATION_RELATIONSHIP('','',#7783,#8822) 
REPRESENTATION_RELATIONSHIP_WITH_TRANSFORMATION(#8842) 
SHAPE_REPRESENTATION_RELATIONSHIP() );
#8842 = ITEM_DEFINED_TRANSFORMATION('','',#11,#8823);
#8843 = PRODUCT_DEFINITION_SHAPE('Placement','Placement of an item',
  #8844);
#8844 = NEXT_ASSEMBLY_USAGE_OCCURRENCE('88','','',#8817,#7778,$);
#8845 = CONTEXT_DEPENDENT_SHAPE_REPRESENTATION(#8846,#8848);
#8846 = ( REPRESENTATION_RELATIONSHIP('','',#7783,#8822) 
REPRESENTATION_RELATIONSHIP_WITH_TRANSFORMATION(#8847) 
SHAPE_REPRESENTATION_RELATIONSHIP() );
#8847 = ITEM_DEFINED_TRANSFORMATION('','',#11,#8827);
#8848 = PRODUCT_DEFINITION_SHAPE('Placement','Placement of an item',
  #8849);
#8849 = NEXT_ASSEMBLY_USAGE_OCCURRENCE('89','','',#8817,#7778,$);
#8850 = CONTEXT_DEPENDENT_SHAPE_REPRESENTATION(#8851,#8853);
#8851 = ( REPRESENTATION_RELATIONSHIP('','',#7980,#8822) 
REPRESENTATION_RELATIONSHIP_WITH_TRANSFORMATION(#8852) 
SHAPE_REPRESENTATION_RELATIONSHIP() );
#8852 = ITEM_DEFINED_TRANSFORMATION('','',#11,#8831);
#8853 = PRODUCT_DEFINITION_SHAPE('Placement','Placement of an item',
  #8854);
#8854 = NEXT_ASSEMBLY_USAGE_OCCURRENCE('90','','',#8817,#7975,$);
#8855 = CONTEXT_DEPENDENT_SHAPE_REPRESENTATION(#8856,#8858);
#8856 = ( REPRESENTATION_RELATIONSHIP('','',#8822,#10) 
REPRESENTATION_RELATIONSHIP_WITH_TRANSFORMATION(#8857) 
SHAPE_REPRESENTATION_RELATIONSHIP() );
#8857 = ITEM_DEFINED_TRANSFORMATION('','',#11,#99);
#8858 = PRODUCT_DEFINITION_SHAPE('Placement','Placement of an item',
  #8859);
#8859 = NEXT_ASSEMBLY_USAGE_OCCURRENCE('91','','',#5,#8817,$);
#8860 = PRODUCT_RELATED_PRODUCT_CATEGORY('part',$,(#8819));
#8861 = SHAPE_DEFINITION_REPRESENTATION(#8862,#8868);
#8862 = PRODUCT_DEFINITION_SHAPE('','',#8863);
#8863 = PRODUCT_DEFINITION('design','',#8864,#8867);
#8864 = PRODUCT_DEFINITION_FORMATION('','',#8865);
#8865 = PRODUCT('R39','R39','',(#8866));
#8866 = PRODUCT_CONTEXT('',#2,'mechanical');
#8867 = PRODUCT_DEFINITION_CONTEXT('part definition',#2,'design');
#8868 = SHAPE_REPRESENTATION('',(#11,#8869,#8873,#8877),#8881);
#8869 = AXIS2_PLACEMENT_3D('',#8870,#8871,#8872);
#8870 = CARTESIAN_POINT('',(-0.524991410605,7.150004717637,
    -0.911478996277));
#8871 = DIRECTION('',(0.,0.,1.));
#8872 = DIRECTION('',(1.,0.,0.));
#8873 = AXIS2_PLACEMENT_3D('',#8874,#8875,#8876);
#8874 = CARTESIAN_POINT('',(-1.924992936484,7.150004717637,
    -0.911478996277));
#8875 = DIRECTION('',(0.,0.,1.));
#8876 = DIRECTION('',(1.,0.,0.));
#8877 = AXIS2_PLACEMENT_3D('',#8878,#8879,#8880);
#8878 = CARTESIAN_POINT('',(-1.224995988242,7.150004717637,
    -0.911478996277));
#8879 = DIRECTION('',(0.,0.,1.));
#8880 = DIRECTION('',(1.,0.,0.));
#8881 = ( GEOMETRIC_REPRESENTATION_CONTEXT(3) 
GLOBAL_UNCERTAINTY_ASSIGNED_CONTEXT((#8885)) 
GLOBAL_UNIT_ASSIGNED_CONTEXT((#8882,#8883,#8884)) REPRESENTATION_CONTEXT
('Context #1','3D Context with UNIT and UNCERTAINTY') );
#8882 = ( LENGTH_UNIT() NAMED_UNIT(*) SI_UNIT(.MILLI.,.METRE.) );
#8883 = ( NAMED_UNIT(*) PLANE_ANGLE_UNIT() SI_UNIT($,.RADIAN.) );
#8884 = ( NAMED_UNIT(*) SI_UNIT($,.STERADIAN.) SOLID_ANGLE_UNIT() );
#8885 = UNCERTAINTY_MEASURE_WITH_UNIT(LENGTH_MEASURE(1.E-07),#8882,
  'distance_accuracy_value','confusion accuracy');
#8886 = CONTEXT_DEPENDENT_SHAPE_REPRESENTATION(#8887,#8889);
#8887 = ( REPRESENTATION_RELATIONSHIP('','',#1315,#8868) 
REPRESENTATION_RELATIONSHIP_WITH_TRANSFORMATION(#8888) 
SHAPE_REPRESENTATION_RELATIONSHIP() );
#8888 = ITEM_DEFINED_TRANSFORMATION('','',#11,#8869);
#8889 = PRODUCT_DEFINITION_SHAPE('Placement','Placement of an item',
  #8890);
#8890 = NEXT_ASSEMBLY_USAGE_OCCURRENCE('92','','',#8863,#1310,$);
#8891 = CONTEXT_DEPENDENT_SHAPE_REPRESENTATION(#8892,#8894);
#8892 = ( REPRESENTATION_RELATIONSHIP('','',#1315,#8868) 
REPRESENTATION_RELATIONSHIP_WITH_TRANSFORMATION(#8893) 
SHAPE_REPRESENTATION_RELATIONSHIP() );
#8893 = ITEM_DEFINED_TRANSFORMATION('','',#11,#8873);
#8894 = PRODUCT_DEFINITION_SHAPE('Placement','Placement of an item',
  #8895);
#8895 = NEXT_ASSEMBLY_USAGE_OCCURRENCE('93','','',#8863,#1310,$);
#8896 = CONTEXT_DEPENDENT_SHAPE_REPRESENTATION(#8897,#8899);
#8897 = ( REPRESENTATION_RELATIONSHIP('','',#1512,#8868) 
REPRESENTATION_RELATIONSHIP_WITH_TRANSFORMATION(#8898) 
SHAPE_REPRESENTATION_RELATIONSHIP() );
#8898 = ITEM_DEFINED_TRANSFORMATION('','',#11,#8877);
#8899 = PRODUCT_DEFINITION_SHAPE('Placement','Placement of an item',
  #8900);
#8900 = NEXT_ASSEMBLY_USAGE_OCCURRENCE('94','','',#8863,#1507,$);
#8901 = CONTEXT_DEPENDENT_SHAPE_REPRESENTATION(#8902,#8904);
#8902 = ( REPRESENTATION_RELATIONSHIP('','',#8868,#10) 
REPRESENTATION_RELATIONSHIP_WITH_TRANSFORMATION(#8903) 
SHAPE_REPRESENTATION_RELATIONSHIP() );
#8903 = ITEM_DEFINED_TRANSFORMATION('','',#11,#103);
#8904 = PRODUCT_DEFINITION_SHAPE('Placement','Placement of an item',
  #8905);
#8905 = NEXT_ASSEMBLY_USAGE_OCCURRENCE('95','','',#5,#8863,$);
#8906 = PRODUCT_RELATED_PRODUCT_CATEGORY('part',$,(#8865));
#8907 = SHAPE_DEFINITION_REPRESENTATION(#8908,#8914);
#8908 = PRODUCT_DEFINITION_SHAPE('','',#8909);
#8909 = PRODUCT_DEFINITION('design','',#8910,#8913);
#8910 = PRODUCT_DEFINITION_FORMATION('','',#8911);
#8911 = PRODUCT('R38','R38','',(#8912));
#8912 = PRODUCT_CONTEXT('',#2,'mechanical');
#8913 = PRODUCT_DEFINITION_CONTEXT('part definition',#2,'design');
#8914 = SHAPE_REPRESENTATION('',(#11,#8915,#8919,#8923),#8927);
#8915 = AXIS2_PLACEMENT_3D('',#8916,#8917,#8918);
#8916 = CARTESIAN_POINT('',(-0.474988358848,10.350001665879,
    -0.911478996277));
#8917 = DIRECTION('',(0.,0.,1.));
#8918 = DIRECTION('',(1.,0.,0.));
#8919 = AXIS2_PLACEMENT_3D('',#8920,#8921,#8922);
#8920 = CARTESIAN_POINT('',(-0.474988358848,8.95000014,-0.911478996277)
  );
#8921 = DIRECTION('',(0.,0.,1.));
#8922 = DIRECTION('',(1.,0.,0.));
#8923 = AXIS2_PLACEMENT_3D('',#8924,#8925,#8926);
#8924 = CARTESIAN_POINT('',(-0.474988358848,9.649997088242,
    -0.911478996277));
#8925 = DIRECTION('',(0.,0.,1.));
#8926 = DIRECTION('',(1.,0.,0.));
#8927 = ( GEOMETRIC_REPRESENTATION_CONTEXT(3) 
GLOBAL_UNCERTAINTY_ASSIGNED_CONTEXT((#8931)) 
GLOBAL_UNIT_ASSIGNED_CONTEXT((#8928,#8929,#8930)) REPRESENTATION_CONTEXT
('Context #1','3D Context with UNIT and UNCERTAINTY') );
#8928 = ( LENGTH_UNIT() NAMED_UNIT(*) SI_UNIT(.MILLI.,.METRE.) );
#8929 = ( NAMED_UNIT(*) PLANE_ANGLE_UNIT() SI_UNIT($,.RADIAN.) );
#8930 = ( NAMED_UNIT(*) SI_UNIT($,.STERADIAN.) SOLID_ANGLE_UNIT() );
#8931 = UNCERTAINTY_MEASURE_WITH_UNIT(LENGTH_MEASURE(1.E-07),#8928,
  'distance_accuracy_value','confusion accuracy');
#8932 = CONTEXT_DEPENDENT_SHAPE_REPRESENTATION(#8933,#8935);
#8933 = ( REPRESENTATION_RELATIONSHIP('','',#7783,#8914) 
REPRESENTATION_RELATIONSHIP_WITH_TRANSFORMATION(#8934) 
SHAPE_REPRESENTATION_RELATIONSHIP() );
#8934 = ITEM_DEFINED_TRANSFORMATION('','',#11,#8915);
#8935 = PRODUCT_DEFINITION_SHAPE('Placement','Placement of an item',
  #8936);
#8936 = NEXT_ASSEMBLY_USAGE_OCCURRENCE('96','','',#8909,#7778,$);
#8937 = CONTEXT_DEPENDENT_SHAPE_REPRESENTATION(#8938,#8940);
#8938 = ( REPRESENTATION_RELATIONSHIP('','',#7783,#8914) 
REPRESENTATION_RELATIONSHIP_WITH_TRANSFORMATION(#8939) 
SHAPE_REPRESENTATION_RELATIONSHIP() );
#8939 = ITEM_DEFINED_TRANSFORMATION('','',#11,#8919);
#8940 = PRODUCT_DEFINITION_SHAPE('Placement','Placement of an item',
  #8941);
#8941 = NEXT_ASSEMBLY_USAGE_OCCURRENCE('97','','',#8909,#7778,$);
#8942 = CONTEXT_DEPENDENT_SHAPE_REPRESENTATION(#8943,#8945);
#8943 = ( REPRESENTATION_RELATIONSHIP('','',#7980,#8914) 
REPRESENTATION_RELATIONSHIP_WITH_TRANSFORMATION(#8944) 
SHAPE_REPRESENTATION_RELATIONSHIP() );
#8944 = ITEM_DEFINED_TRANSFORMATION('','',#11,#8923);
#8945 = PRODUCT_DEFINITION_SHAPE('Placement','Placement of an item',
  #8946);
#8946 = NEXT_ASSEMBLY_USAGE_OCCURRENCE('98','','',#8909,#7975,$);
#8947 = CONTEXT_DEPENDENT_SHAPE_REPRESENTATION(#8948,#8950);
#8948 = ( REPRESENTATION_RELATIONSHIP('','',#8914,#10) 
REPRESENTATION_RELATIONSHIP_WITH_TRANSFORMATION(#8949) 
SHAPE_REPRESENTATION_RELATIONSHIP() );
#8949 = ITEM_DEFINED_TRANSFORMATION('','',#11,#107);
#8950 = PRODUCT_DEFINITION_SHAPE('Placement','Placement of an item',
  #8951);
#8951 = NEXT_ASSEMBLY_USAGE_OCCURRENCE('99','','',#5,#8909,$);
#8952 = PRODUCT_RELATED_PRODUCT_CATEGORY('part',$,(#8911));
#8953 = SHAPE_DEFINITION_REPRESENTATION(#8954,#8960);
#8954 = PRODUCT_DEFINITION_SHAPE('','',#8955);
#8955 = PRODUCT_DEFINITION('design','',#8956,#8959);
#8956 = PRODUCT_DEFINITION_FORMATION('','',#8957);
#8957 = PRODUCT('R37','R37','',(#8958));
#8958 = PRODUCT_CONTEXT('',#2,'mechanical');
#8959 = PRODUCT_DEFINITION_CONTEXT('part definition',#2,'design');
#8960 = SHAPE_REPRESENTATION('',(#11,#8961,#8965,#8969),#8973);
#8961 = AXIS2_PLACEMENT_3D('',#8962,#8963,#8964);
#8962 = CARTESIAN_POINT('',(-5.924992936484,7.150004717637,
    -0.911478996277));
#8963 = DIRECTION('',(0.,0.,1.));
#8964 = DIRECTION('',(1.,0.,0.));
#8965 = AXIS2_PLACEMENT_3D('',#8966,#8967,#8968);
#8966 = CARTESIAN_POINT('',(-4.524991410605,7.150004717637,
    -0.911478996277));
#8967 = DIRECTION('',(0.,0.,1.));
#8968 = DIRECTION('',(1.,0.,0.));
#8969 = AXIS2_PLACEMENT_3D('',#8970,#8971,#8972);
#8970 = CARTESIAN_POINT('',(-5.224995988242,7.150004717637,
    -0.911478996277));
#8971 = DIRECTION('',(0.,0.,1.));
#8972 = DIRECTION('',(1.,0.,0.));
#8973 = ( GEOMETRIC_REPRESENTATION_CONTEXT(3) 
GLOBAL_UNCERTAINTY_ASSIGNED_CONTEXT((#8977)) 
GLOBAL_UNIT_ASSIGNED_CONTEXT((#8974,#8975,#8976)) REPRESENTATION_CONTEXT
('Context #1','3D Context with UNIT and UNCERTAINTY') );
#8974 = ( LENGTH_UNIT() NAMED_UNIT(*) SI_UNIT(.MILLI.,.METRE.) );
#8975 = ( NAMED_UNIT(*) PLANE_ANGLE_UNIT() SI_UNIT($,.RADIAN.) );
#8976 = ( NAMED_UNIT(*) SI_UNIT($,.STERADIAN.) SOLID_ANGLE_UNIT() );
#8977 = UNCERTAINTY_MEASURE_WITH_UNIT(LENGTH_MEASURE(1.E-07),#8974,
  'distance_accuracy_value','confusion accuracy');
#8978 = CONTEXT_DEPENDENT_SHAPE_REPRESENTATION(#8979,#8981);
#8979 = ( REPRESENTATION_RELATIONSHIP('','',#1315,#8960) 
REPRESENTATION_RELATIONSHIP_WITH_TRANSFORMATION(#8980) 
SHAPE_REPRESENTATION_RELATIONSHIP() );
#8980 = ITEM_DEFINED_TRANSFORMATION('','',#11,#8961);
#8981 = PRODUCT_DEFINITION_SHAPE('Placement','Placement of an item',
  #8982);
#8982 = NEXT_ASSEMBLY_USAGE_OCCURRENCE('100','','',#8955,#1310,$);
#8983 = CONTEXT_DEPENDENT_SHAPE_REPRESENTATION(#8984,#8986);
#8984 = ( REPRESENTATION_RELATIONSHIP('','',#1315,#8960) 
REPRESENTATION_RELATIONSHIP_WITH_TRANSFORMATION(#8985) 
SHAPE_REPRESENTATION_RELATIONSHIP() );
#8985 = ITEM_DEFINED_TRANSFORMATION('','',#11,#8965);
#8986 = PRODUCT_DEFINITION_SHAPE('Placement','Placement of an item',
  #8987);
#8987 = NEXT_ASSEMBLY_USAGE_OCCURRENCE('101','','',#8955,#1310,$);
#8988 = CONTEXT_DEPENDENT_SHAPE_REPRESENTATION(#8989,#8991);
#8989 = ( REPRESENTATION_RELATIONSHIP('','',#1512,#8960) 
REPRESENTATION_RELATIONSHIP_WITH_TRANSFORMATION(#8990) 
SHAPE_REPRESENTATION_RELATIONSHIP() );
#8990 = ITEM_DEFINED_TRANSFORMATION('','',#11,#8969);
#8991 = PRODUCT_DEFINITION_SHAPE('Placement','Placement of an item',
  #8992);
#8992 = NEXT_ASSEMBLY_USAGE_OCCURRENCE('102','','',#8955,#1507,$);
#8993 = CONTEXT_DEPENDENT_SHAPE_REPRESENTATION(#8994,#8996);
#8994 = ( REPRESENTATION_RELATIONSHIP('','',#8960,#10) 
REPRESENTATION_RELATIONSHIP_WITH_TRANSFORMATION(#8995) 
SHAPE_REPRESENTATION_RELATIONSHIP() );
#8995 = ITEM_DEFINED_TRANSFORMATION('','',#11,#111);
#8996 = PRODUCT_DEFINITION_SHAPE('Placement','Placement of an item',
  #8997);
#8997 = NEXT_ASSEMBLY_USAGE_OCCURRENCE('103','','',#5,#8955,$);
#8998 = PRODUCT_RELATED_PRODUCT_CATEGORY('part',$,(#8957));
#8999 = SHAPE_DEFINITION_REPRESENTATION(#9000,#9006);
#9000 = PRODUCT_DEFINITION_SHAPE('','',#9001);
#9001 = PRODUCT_DEFINITION('design','',#9002,#9005);
#9002 = PRODUCT_DEFINITION_FORMATION('','',#9003);
#9003 = PRODUCT('R36','R36','',(#9004));
#9004 = PRODUCT_CONTEXT('',#2,'mechanical');
#9005 = PRODUCT_DEFINITION_CONTEXT('part definition',#2,'design');
#9006 = SHAPE_REPRESENTATION('',(#11,#9007,#9011,#9015),#9019);
#9007 = AXIS2_PLACEMENT_3D('',#9008,#9009,#9010);
#9008 = CARTESIAN_POINT('',(-4.474995988242,10.350001665879,
    -0.911478996277));
#9009 = DIRECTION('',(0.,0.,1.));
#9010 = DIRECTION('',(1.,0.,0.));
#9011 = AXIS2_PLACEMENT_3D('',#9012,#9013,#9014);
#9012 = CARTESIAN_POINT('',(-4.474995988242,8.95000014,-0.911478996277)
  );
#9013 = DIRECTION('',(0.,0.,1.));
#9014 = DIRECTION('',(1.,0.,0.));
#9015 = AXIS2_PLACEMENT_3D('',#9016,#9017,#9018);
#9016 = CARTESIAN_POINT('',(-4.474995988242,9.649997088242,
    -0.911478996277));
#9017 = DIRECTION('',(0.,0.,1.));
#9018 = DIRECTION('',(1.,0.,0.));
#9019 = ( GEOMETRIC_REPRESENTATION_CONTEXT(3) 
GLOBAL_UNCERTAINTY_ASSIGNED_CONTEXT((#9023)) 
GLOBAL_UNIT_ASSIGNED_CONTEXT((#9020,#9021,#9022)) REPRESENTATION_CONTEXT
('Context #1','3D Context with UNIT and UNCERTAINTY') );
#9020 = ( LENGTH_UNIT() NAMED_UNIT(*) SI_UNIT(.MILLI.,.METRE.) );
#9021 = ( NAMED_UNIT(*) PLANE_ANGLE_UNIT() SI_UNIT($,.RADIAN.) );
#9022 = ( NAMED_UNIT(*) SI_UNIT($,.STERADIAN.) SOLID_ANGLE_UNIT() );
#9023 = UNCERTAINTY_MEASURE_WITH_UNIT(LENGTH_MEASURE(1.E-07),#9020,
  'distance_accuracy_value','confusion accuracy');
#9024 = CONTEXT_DEPENDENT_SHAPE_REPRESENTATION(#9025,#9027);
#9025 = ( REPRESENTATION_RELATIONSHIP('','',#7783,#9006) 
REPRESENTATION_RELATIONSHIP_WITH_TRANSFORMATION(#9026) 
SHAPE_REPRESENTATION_RELATIONSHIP() );
#9026 = ITEM_DEFINED_TRANSFORMATION('','',#11,#9007);
#9027 = PRODUCT_DEFINITION_SHAPE('Placement','Placement of an item',
  #9028);
#9028 = NEXT_ASSEMBLY_USAGE_OCCURRENCE('104','','',#9001,#7778,$);
#9029 = CONTEXT_DEPENDENT_SHAPE_REPRESENTATION(#9030,#9032);
#9030 = ( REPRESENTATION_RELATIONSHIP('','',#7783,#9006) 
REPRESENTATION_RELATIONSHIP_WITH_TRANSFORMATION(#9031) 
SHAPE_REPRESENTATION_RELATIONSHIP() );
#9031 = ITEM_DEFINED_TRANSFORMATION('','',#11,#9011);
#9032 = PRODUCT_DEFINITION_SHAPE('Placement','Placement of an item',
  #9033);
#9033 = NEXT_ASSEMBLY_USAGE_OCCURRENCE('105','','',#9001,#7778,$);
#9034 = CONTEXT_DEPENDENT_SHAPE_REPRESENTATION(#9035,#9037);
#9035 = ( REPRESENTATION_RELATIONSHIP('','',#7980,#9006) 
REPRESENTATION_RELATIONSHIP_WITH_TRANSFORMATION(#9036) 
SHAPE_REPRESENTATION_RELATIONSHIP() );
#9036 = ITEM_DEFINED_TRANSFORMATION('','',#11,#9015);
#9037 = PRODUCT_DEFINITION_SHAPE('Placement','Placement of an item',
  #9038);
#9038 = NEXT_ASSEMBLY_USAGE_OCCURRENCE('106','','',#9001,#7975,$);
#9039 = CONTEXT_DEPENDENT_SHAPE_REPRESENTATION(#9040,#9042);
#9040 = ( REPRESENTATION_RELATIONSHIP('','',#9006,#10) 
REPRESENTATION_RELATIONSHIP_WITH_TRANSFORMATION(#9041) 
SHAPE_REPRESENTATION_RELATIONSHIP() );
#9041 = ITEM_DEFINED_TRANSFORMATION('','',#11,#115);
#9042 = PRODUCT_DEFINITION_SHAPE('Placement','Placement of an item',
  #9043);
#9043 = NEXT_ASSEMBLY_USAGE_OCCURRENCE('107','','',#5,#9001,$);
#9044 = PRODUCT_RELATED_PRODUCT_CATEGORY('part',$,(#9003));
#9045 = SHAPE_DEFINITION_REPRESENTATION(#9046,#9052);
#9046 = PRODUCT_DEFINITION_SHAPE('','',#9047);
#9047 = PRODUCT_DEFINITION('design','',#9048,#9051);
#9048 = PRODUCT_DEFINITION_FORMATION('','',#9049);
#9049 = PRODUCT('R35','R35','',(#9050));
#9050 = PRODUCT_CONTEXT('',#2,'mechanical');
#9051 = PRODUCT_DEFINITION_CONTEXT('part definition',#2,'design');
#9052 = SHAPE_REPRESENTATION('',(#11,#9053,#9057,#9061),#9065);
#9053 = AXIS2_PLACEMENT_3D('',#9054,#9055,#9056);
#9054 = CARTESIAN_POINT('',(-5.474988358848,20.20000014,-0.911478996277)
  );
#9055 = DIRECTION('',(0.,0.,1.));
#9056 = DIRECTION('',(1.,0.,0.));
#9057 = AXIS2_PLACEMENT_3D('',#9058,#9059,#9060);
#9058 = CARTESIAN_POINT('',(-5.474988358848,21.599994036484,
    -0.911478996277));
#9059 = DIRECTION('',(0.,0.,1.));
#9060 = DIRECTION('',(1.,0.,0.));
#9061 = AXIS2_PLACEMENT_3D('',#9062,#9063,#9064);
#9062 = CARTESIAN_POINT('',(-5.474988358848,20.899997088242,
    -0.911478996277));
#9063 = DIRECTION('',(0.,0.,1.));
#9064 = DIRECTION('',(1.,0.,0.));
#9065 = ( GEOMETRIC_REPRESENTATION_CONTEXT(3) 
GLOBAL_UNCERTAINTY_ASSIGNED_CONTEXT((#9069)) 
GLOBAL_UNIT_ASSIGNED_CONTEXT((#9066,#9067,#9068)) REPRESENTATION_CONTEXT
('Context #1','3D Context with UNIT and UNCERTAINTY') );
#9066 = ( LENGTH_UNIT() NAMED_UNIT(*) SI_UNIT(.MILLI.,.METRE.) );
#9067 = ( NAMED_UNIT(*) PLANE_ANGLE_UNIT() SI_UNIT($,.RADIAN.) );
#9068 = ( NAMED_UNIT(*) SI_UNIT($,.STERADIAN.) SOLID_ANGLE_UNIT() );
#9069 = UNCERTAINTY_MEASURE_WITH_UNIT(LENGTH_MEASURE(1.E-07),#9066,
  'distance_accuracy_value','confusion accuracy');
#9070 = CONTEXT_DEPENDENT_SHAPE_REPRESENTATION(#9071,#9073);
#9071 = ( REPRESENTATION_RELATIONSHIP('','',#7783,#9052) 
REPRESENTATION_RELATIONSHIP_WITH_TRANSFORMATION(#9072) 
SHAPE_REPRESENTATION_RELATIONSHIP() );
#9072 = ITEM_DEFINED_TRANSFORMATION('','',#11,#9053);
#9073 = PRODUCT_DEFINITION_SHAPE('Placement','Placement of an item',
  #9074);
#9074 = NEXT_ASSEMBLY_USAGE_OCCURRENCE('108','','',#9047,#7778,$);
#9075 = CONTEXT_DEPENDENT_SHAPE_REPRESENTATION(#9076,#9078);
#9076 = ( REPRESENTATION_RELATIONSHIP('','',#7783,#9052) 
REPRESENTATION_RELATIONSHIP_WITH_TRANSFORMATION(#9077) 
SHAPE_REPRESENTATION_RELATIONSHIP() );
#9077 = ITEM_DEFINED_TRANSFORMATION('','',#11,#9057);
#9078 = PRODUCT_DEFINITION_SHAPE('Placement','Placement of an item',
  #9079);
#9079 = NEXT_ASSEMBLY_USAGE_OCCURRENCE('109','','',#9047,#7778,$);
#9080 = CONTEXT_DEPENDENT_SHAPE_REPRESENTATION(#9081,#9083);
#9081 = ( REPRESENTATION_RELATIONSHIP('','',#7980,#9052) 
REPRESENTATION_RELATIONSHIP_WITH_TRANSFORMATION(#9082) 
SHAPE_REPRESENTATION_RELATIONSHIP() );
#9082 = ITEM_DEFINED_TRANSFORMATION('','',#11,#9061);
#9083 = PRODUCT_DEFINITION_SHAPE('Placement','Placement of an item',
  #9084);
#9084 = NEXT_ASSEMBLY_USAGE_OCCURRENCE('110','','',#9047,#7975,$);
#9085 = CONTEXT_DEPENDENT_SHAPE_REPRESENTATION(#9086,#9088);
#9086 = ( REPRESENTATION_RELATIONSHIP('','',#9052,#10) 
REPRESENTATION_RELATIONSHIP_WITH_TRANSFORMATION(#9087) 
SHAPE_REPRESENTATION_RELATIONSHIP() );
#9087 = ITEM_DEFINED_TRANSFORMATION('','',#11,#119);
#9088 = PRODUCT_DEFINITION_SHAPE('Placement','Placement of an item',
  #9089);
#9089 = NEXT_ASSEMBLY_USAGE_OCCURRENCE('111','','',#5,#9047,$);
#9090 = PRODUCT_RELATED_PRODUCT_CATEGORY('part',$,(#9049));
#9091 = SHAPE_DEFINITION_REPRESENTATION(#9092,#9098);
#9092 = PRODUCT_DEFINITION_SHAPE('','',#9093);
#9093 = PRODUCT_DEFINITION('design','',#9094,#9097);
#9094 = PRODUCT_DEFINITION_FORMATION('','',#9095);
#9095 = PRODUCT('R34','R34','',(#9096));
#9096 = PRODUCT_CONTEXT('',#2,'mechanical');
#9097 = PRODUCT_DEFINITION_CONTEXT('part definition',#2,'design');
#9098 = SHAPE_REPRESENTATION('',(#11,#9099,#9103,#9107),#9111);
#9099 = AXIS2_PLACEMENT_3D('',#9100,#9101,#9102);
#9100 = CARTESIAN_POINT('',(-5.524991410605,18.399997088242,
    -0.911478996277));
#9101 = DIRECTION('',(0.,0.,1.));
#9102 = DIRECTION('',(1.,0.,0.));
#9103 = AXIS2_PLACEMENT_3D('',#9104,#9105,#9106);
#9104 = CARTESIAN_POINT('',(-6.924992936484,18.399997088242,
    -0.911478996277));
#9105 = DIRECTION('',(0.,0.,1.));
#9106 = DIRECTION('',(1.,0.,0.));
#9107 = AXIS2_PLACEMENT_3D('',#9108,#9109,#9110);
#9108 = CARTESIAN_POINT('',(-6.224988358848,18.399997088242,
    -0.911478996277));
#9109 = DIRECTION('',(0.,0.,1.));
#9110 = DIRECTION('',(1.,0.,0.));
#9111 = ( GEOMETRIC_REPRESENTATION_CONTEXT(3) 
GLOBAL_UNCERTAINTY_ASSIGNED_CONTEXT((#9115)) 
GLOBAL_UNIT_ASSIGNED_CONTEXT((#9112,#9113,#9114)) REPRESENTATION_CONTEXT
('Context #1','3D Context with UNIT and UNCERTAINTY') );
#9112 = ( LENGTH_UNIT() NAMED_UNIT(*) SI_UNIT(.MILLI.,.METRE.) );
#9113 = ( NAMED_UNIT(*) PLANE_ANGLE_UNIT() SI_UNIT($,.RADIAN.) );
#9114 = ( NAMED_UNIT(*) SI_UNIT($,.STERADIAN.) SOLID_ANGLE_UNIT() );
#9115 = UNCERTAINTY_MEASURE_WITH_UNIT(LENGTH_MEASURE(1.E-07),#9112,
  'distance_accuracy_value','confusion accuracy');
#9116 = CONTEXT_DEPENDENT_SHAPE_REPRESENTATION(#9117,#9119);
#9117 = ( REPRESENTATION_RELATIONSHIP('','',#1315,#9098) 
REPRESENTATION_RELATIONSHIP_WITH_TRANSFORMATION(#9118) 
SHAPE_REPRESENTATION_RELATIONSHIP() );
#9118 = ITEM_DEFINED_TRANSFORMATION('','',#11,#9099);
#9119 = PRODUCT_DEFINITION_SHAPE('Placement','Placement of an item',
  #9120);
#9120 = NEXT_ASSEMBLY_USAGE_OCCURRENCE('112','','',#9093,#1310,$);
#9121 = CONTEXT_DEPENDENT_SHAPE_REPRESENTATION(#9122,#9124);
#9122 = ( REPRESENTATION_RELATIONSHIP('','',#1315,#9098) 
REPRESENTATION_RELATIONSHIP_WITH_TRANSFORMATION(#9123) 
SHAPE_REPRESENTATION_RELATIONSHIP() );
#9123 = ITEM_DEFINED_TRANSFORMATION('','',#11,#9103);
#9124 = PRODUCT_DEFINITION_SHAPE('Placement','Placement of an item',
  #9125);
#9125 = NEXT_ASSEMBLY_USAGE_OCCURRENCE('113','','',#9093,#1310,$);
#9126 = CONTEXT_DEPENDENT_SHAPE_REPRESENTATION(#9127,#9129);
#9127 = ( REPRESENTATION_RELATIONSHIP('','',#1512,#9098) 
REPRESENTATION_RELATIONSHIP_WITH_TRANSFORMATION(#9128) 
SHAPE_REPRESENTATION_RELATIONSHIP() );
#9128 = ITEM_DEFINED_TRANSFORMATION('','',#11,#9107);
#9129 = PRODUCT_DEFINITION_SHAPE('Placement','Placement of an item',
  #9130);
#9130 = NEXT_ASSEMBLY_USAGE_OCCURRENCE('114','','',#9093,#1507,$);
#9131 = CONTEXT_DEPENDENT_SHAPE_REPRESENTATION(#9132,#9134);
#9132 = ( REPRESENTATION_RELATIONSHIP('','',#9098,#10) 
REPRESENTATION_RELATIONSHIP_WITH_TRANSFORMATION(#9133) 
SHAPE_REPRESENTATION_RELATIONSHIP() );
#9133 = ITEM_DEFINED_TRANSFORMATION('','',#11,#123);
#9134 = PRODUCT_DEFINITION_SHAPE('Placement','Placement of an item',
  #9135);
#9135 = NEXT_ASSEMBLY_USAGE_OCCURRENCE('115','','',#5,#9093,$);
#9136 = PRODUCT_RELATED_PRODUCT_CATEGORY('part',$,(#9095));
#9137 = SHAPE_DEFINITION_REPRESENTATION(#9138,#9144);
#9138 = PRODUCT_DEFINITION_SHAPE('','',#9139);
#9139 = PRODUCT_DEFINITION('design','',#9140,#9143);
#9140 = PRODUCT_DEFINITION_FORMATION('','',#9141);
#9141 = PRODUCT('R33','R33','',(#9142));
#9142 = PRODUCT_CONTEXT('',#2,'mechanical');
#9143 = PRODUCT_DEFINITION_CONTEXT('part definition',#2,'design');
#9144 = SHAPE_REPRESENTATION('',(#11,#9145,#9149,#9153),#9157);
#9145 = AXIS2_PLACEMENT_3D('',#9146,#9147,#9148);
#9146 = CARTESIAN_POINT('',(-1.474988358848,20.20000014,-0.911478996277)
  );
#9147 = DIRECTION('',(0.,0.,1.));
#9148 = DIRECTION('',(1.,0.,0.));
#9149 = AXIS2_PLACEMENT_3D('',#9150,#9151,#9152);
#9150 = CARTESIAN_POINT('',(-1.474988358848,21.600001665879,
    -0.911478996277));
#9151 = DIRECTION('',(0.,0.,1.));
#9152 = DIRECTION('',(1.,0.,0.));
#9153 = AXIS2_PLACEMENT_3D('',#9154,#9155,#9156);
#9154 = CARTESIAN_POINT('',(-1.474988358848,20.899997088242,
    -0.911478996277));
#9155 = DIRECTION('',(0.,0.,1.));
#9156 = DIRECTION('',(1.,0.,0.));
#9157 = ( GEOMETRIC_REPRESENTATION_CONTEXT(3) 
GLOBAL_UNCERTAINTY_ASSIGNED_CONTEXT((#9161)) 
GLOBAL_UNIT_ASSIGNED_CONTEXT((#9158,#9159,#9160)) REPRESENTATION_CONTEXT
('Context #1','3D Context with UNIT and UNCERTAINTY') );
#9158 = ( LENGTH_UNIT() NAMED_UNIT(*) SI_UNIT(.MILLI.,.METRE.) );
#9159 = ( NAMED_UNIT(*) PLANE_ANGLE_UNIT() SI_UNIT($,.RADIAN.) );
#9160 = ( NAMED_UNIT(*) SI_UNIT($,.STERADIAN.) SOLID_ANGLE_UNIT() );
#9161 = UNCERTAINTY_MEASURE_WITH_UNIT(LENGTH_MEASURE(1.E-07),#9158,
  'distance_accuracy_value','confusion accuracy');
#9162 = CONTEXT_DEPENDENT_SHAPE_REPRESENTATION(#9163,#9165);
#9163 = ( REPRESENTATION_RELATIONSHIP('','',#7783,#9144) 
REPRESENTATION_RELATIONSHIP_WITH_TRANSFORMATION(#9164) 
SHAPE_REPRESENTATION_RELATIONSHIP() );
#9164 = ITEM_DEFINED_TRANSFORMATION('','',#11,#9145);
#9165 = PRODUCT_DEFINITION_SHAPE('Placement','Placement of an item',
  #9166);
#9166 = NEXT_ASSEMBLY_USAGE_OCCURRENCE('116','','',#9139,#7778,$);
#9167 = CONTEXT_DEPENDENT_SHAPE_REPRESENTATION(#9168,#9170);
#9168 = ( REPRESENTATION_RELATIONSHIP('','',#7783,#9144) 
REPRESENTATION_RELATIONSHIP_WITH_TRANSFORMATION(#9169) 
SHAPE_REPRESENTATION_RELATIONSHIP() );
#9169 = ITEM_DEFINED_TRANSFORMATION('','',#11,#9149);
#9170 = PRODUCT_DEFINITION_SHAPE('Placement','Placement of an item',
  #9171);
#9171 = NEXT_ASSEMBLY_USAGE_OCCURRENCE('117','','',#9139,#7778,$);
#9172 = CONTEXT_DEPENDENT_SHAPE_REPRESENTATION(#9173,#9175);
#9173 = ( REPRESENTATION_RELATIONSHIP('','',#7980,#9144) 
REPRESENTATION_RELATIONSHIP_WITH_TRANSFORMATION(#9174) 
SHAPE_REPRESENTATION_RELATIONSHIP() );
#9174 = ITEM_DEFINED_TRANSFORMATION('','',#11,#9153);
#9175 = PRODUCT_DEFINITION_SHAPE('Placement','Placement of an item',
  #9176);
#9176 = NEXT_ASSEMBLY_USAGE_OCCURRENCE('118','','',#9139,#7975,$);
#9177 = CONTEXT_DEPENDENT_SHAPE_REPRESENTATION(#9178,#9180);
#9178 = ( REPRESENTATION_RELATIONSHIP('','',#9144,#10) 
REPRESENTATION_RELATIONSHIP_WITH_TRANSFORMATION(#9179) 
SHAPE_REPRESENTATION_RELATIONSHIP() );
#9179 = ITEM_DEFINED_TRANSFORMATION('','',#11,#127);
#9180 = PRODUCT_DEFINITION_SHAPE('Placement','Placement of an item',
  #9181);
#9181 = NEXT_ASSEMBLY_USAGE_OCCURRENCE('119','','',#5,#9139,$);
#9182 = PRODUCT_RELATED_PRODUCT_CATEGORY('part',$,(#9141));
#9183 = SHAPE_DEFINITION_REPRESENTATION(#9184,#9190);
#9184 = PRODUCT_DEFINITION_SHAPE('','',#9185);
#9185 = PRODUCT_DEFINITION('design','',#9186,#9189);
#9186 = PRODUCT_DEFINITION_FORMATION('','',#9187);
#9187 = PRODUCT('R32','R32','',(#9188));
#9188 = PRODUCT_CONTEXT('',#2,'mechanical');
#9189 = PRODUCT_DEFINITION_CONTEXT('part definition',#2,'design');
#9190 = SHAPE_REPRESENTATION('',(#11,#9191,#9195,#9199),#9203);
#9191 = AXIS2_PLACEMENT_3D('',#9192,#9193,#9194);
#9192 = CARTESIAN_POINT('',(-1.524991410605,18.399997088242,
    -0.911478996277));
#9193 = DIRECTION('',(0.,0.,1.));
#9194 = DIRECTION('',(1.,0.,0.));
#9195 = AXIS2_PLACEMENT_3D('',#9196,#9197,#9198);
#9196 = CARTESIAN_POINT('',(-2.924992936484,18.399997088242,
    -0.911478996277));
#9197 = DIRECTION('',(0.,0.,1.));
#9198 = DIRECTION('',(1.,0.,0.));
#9199 = AXIS2_PLACEMENT_3D('',#9200,#9201,#9202);
#9200 = CARTESIAN_POINT('',(-2.224995988242,18.399997088242,
    -0.911478996277));
#9201 = DIRECTION('',(0.,0.,1.));
#9202 = DIRECTION('',(1.,0.,0.));
#9203 = ( GEOMETRIC_REPRESENTATION_CONTEXT(3) 
GLOBAL_UNCERTAINTY_ASSIGNED_CONTEXT((#9207)) 
GLOBAL_UNIT_ASSIGNED_CONTEXT((#9204,#9205,#9206)) REPRESENTATION_CONTEXT
('Context #1','3D Context with UNIT and UNCERTAINTY') );
#9204 = ( LENGTH_UNIT() NAMED_UNIT(*) SI_UNIT(.MILLI.,.METRE.) );
#9205 = ( NAMED_UNIT(*) PLANE_ANGLE_UNIT() SI_UNIT($,.RADIAN.) );
#9206 = ( NAMED_UNIT(*) SI_UNIT($,.STERADIAN.) SOLID_ANGLE_UNIT() );
#9207 = UNCERTAINTY_MEASURE_WITH_UNIT(LENGTH_MEASURE(1.E-07),#9204,
  'distance_accuracy_value','confusion accuracy');
#9208 = CONTEXT_DEPENDENT_SHAPE_REPRESENTATION(#9209,#9211);
#9209 = ( REPRESENTATION_RELATIONSHIP('','',#1315,#9190) 
REPRESENTATION_RELATIONSHIP_WITH_TRANSFORMATION(#9210) 
SHAPE_REPRESENTATION_RELATIONSHIP() );
#9210 = ITEM_DEFINED_TRANSFORMATION('','',#11,#9191);
#9211 = PRODUCT_DEFINITION_SHAPE('Placement','Placement of an item',
  #9212);
#9212 = NEXT_ASSEMBLY_USAGE_OCCURRENCE('120','','',#9185,#1310,$);
#9213 = CONTEXT_DEPENDENT_SHAPE_REPRESENTATION(#9214,#9216);
#9214 = ( REPRESENTATION_RELATIONSHIP('','',#1315,#9190) 
REPRESENTATION_RELATIONSHIP_WITH_TRANSFORMATION(#9215) 
SHAPE_REPRESENTATION_RELATIONSHIP() );
#9215 = ITEM_DEFINED_TRANSFORMATION('','',#11,#9195);
#9216 = PRODUCT_DEFINITION_SHAPE('Placement','Placement of an item',
  #9217);
#9217 = NEXT_ASSEMBLY_USAGE_OCCURRENCE('121','','',#9185,#1310,$);
#9218 = CONTEXT_DEPENDENT_SHAPE_REPRESENTATION(#9219,#9221);
#9219 = ( REPRESENTATION_RELATIONSHIP('','',#1512,#9190) 
REPRESENTATION_RELATIONSHIP_WITH_TRANSFORMATION(#9220) 
SHAPE_REPRESENTATION_RELATIONSHIP() );
#9220 = ITEM_DEFINED_TRANSFORMATION('','',#11,#9199);
#9221 = PRODUCT_DEFINITION_SHAPE('Placement','Placement of an item',
  #9222);
#9222 = NEXT_ASSEMBLY_USAGE_OCCURRENCE('122','','',#9185,#1507,$);
#9223 = CONTEXT_DEPENDENT_SHAPE_REPRESENTATION(#9224,#9226);
#9224 = ( REPRESENTATION_RELATIONSHIP('','',#9190,#10) 
REPRESENTATION_RELATIONSHIP_WITH_TRANSFORMATION(#9225) 
SHAPE_REPRESENTATION_RELATIONSHIP() );
#9225 = ITEM_DEFINED_TRANSFORMATION('','',#11,#131);
#9226 = PRODUCT_DEFINITION_SHAPE('Placement','Placement of an item',
  #9227);
#9227 = NEXT_ASSEMBLY_USAGE_OCCURRENCE('123','','',#5,#9185,$);
#9228 = PRODUCT_RELATED_PRODUCT_CATEGORY('part',$,(#9187));
#9229 = SHAPE_DEFINITION_REPRESENTATION(#9230,#9236);
#9230 = PRODUCT_DEFINITION_SHAPE('','',#9231);
#9231 = PRODUCT_DEFINITION('design','',#9232,#9235);
#9232 = PRODUCT_DEFINITION_FORMATION('','',#9233);
#9233 = PRODUCT('R31','R31','',(#9234));
#9234 = PRODUCT_CONTEXT('',#2,'mechanical');
#9235 = PRODUCT_DEFINITION_CONTEXT('part definition',#2,'design');
#9236 = SHAPE_REPRESENTATION('',(#11,#9237,#9241,#9245),#9249);
#9237 = AXIS2_PLACEMENT_3D('',#9238,#9239,#9240);
#9238 = CARTESIAN_POINT('',(2.525011641152,20.20000014,-0.911478996277)
  );
#9239 = DIRECTION('',(0.,0.,1.));
#9240 = DIRECTION('',(1.,0.,0.));
#9241 = AXIS2_PLACEMENT_3D('',#9242,#9243,#9244);
#9242 = CARTESIAN_POINT('',(2.525011641152,21.600001665879,
    -0.911478996277));
#9243 = DIRECTION('',(0.,0.,1.));
#9244 = DIRECTION('',(1.,0.,0.));
#9245 = AXIS2_PLACEMENT_3D('',#9246,#9247,#9248);
#9246 = CARTESIAN_POINT('',(2.525011641152,20.899997088242,
    -0.911478996277));
#9247 = DIRECTION('',(0.,0.,1.));
#9248 = DIRECTION('',(1.,0.,0.));
#9249 = ( GEOMETRIC_REPRESENTATION_CONTEXT(3) 
GLOBAL_UNCERTAINTY_ASSIGNED_CONTEXT((#9253)) 
GLOBAL_UNIT_ASSIGNED_CONTEXT((#9250,#9251,#9252)) REPRESENTATION_CONTEXT
('Context #1','3D Context with UNIT and UNCERTAINTY') );
#9250 = ( LENGTH_UNIT() NAMED_UNIT(*) SI_UNIT(.MILLI.,.METRE.) );
#9251 = ( NAMED_UNIT(*) PLANE_ANGLE_UNIT() SI_UNIT($,.RADIAN.) );
#9252 = ( NAMED_UNIT(*) SI_UNIT($,.STERADIAN.) SOLID_ANGLE_UNIT() );
#9253 = UNCERTAINTY_MEASURE_WITH_UNIT(LENGTH_MEASURE(1.E-07),#9250,
  'distance_accuracy_value','confusion accuracy');
#9254 = CONTEXT_DEPENDENT_SHAPE_REPRESENTATION(#9255,#9257);
#9255 = ( REPRESENTATION_RELATIONSHIP('','',#7783,#9236) 
REPRESENTATION_RELATIONSHIP_WITH_TRANSFORMATION(#9256) 
SHAPE_REPRESENTATION_RELATIONSHIP() );
#9256 = ITEM_DEFINED_TRANSFORMATION('','',#11,#9237);
#9257 = PRODUCT_DEFINITION_SHAPE('Placement','Placement of an item',
  #9258);
#9258 = NEXT_ASSEMBLY_USAGE_OCCURRENCE('124','','',#9231,#7778,$);
#9259 = CONTEXT_DEPENDENT_SHAPE_REPRESENTATION(#9260,#9262);
#9260 = ( REPRESENTATION_RELATIONSHIP('','',#7783,#9236) 
REPRESENTATION_RELATIONSHIP_WITH_TRANSFORMATION(#9261) 
SHAPE_REPRESENTATION_RELATIONSHIP() );
#9261 = ITEM_DEFINED_TRANSFORMATION('','',#11,#9241);
#9262 = PRODUCT_DEFINITION_SHAPE('Placement','Placement of an item',
  #9263);
#9263 = NEXT_ASSEMBLY_USAGE_OCCURRENCE('125','','',#9231,#7778,$);
#9264 = CONTEXT_DEPENDENT_SHAPE_REPRESENTATION(#9265,#9267);
#9265 = ( REPRESENTATION_RELATIONSHIP('','',#7980,#9236) 
REPRESENTATION_RELATIONSHIP_WITH_TRANSFORMATION(#9266) 
SHAPE_REPRESENTATION_RELATIONSHIP() );
#9266 = ITEM_DEFINED_TRANSFORMATION('','',#11,#9245);
#9267 = PRODUCT_DEFINITION_SHAPE('Placement','Placement of an item',
  #9268);
#9268 = NEXT_ASSEMBLY_USAGE_OCCURRENCE('126','','',#9231,#7975,$);
#9269 = CONTEXT_DEPENDENT_SHAPE_REPRESENTATION(#9270,#9272);
#9270 = ( REPRESENTATION_RELATIONSHIP('','',#9236,#10) 
REPRESENTATION_RELATIONSHIP_WITH_TRANSFORMATION(#9271) 
SHAPE_REPRESENTATION_RELATIONSHIP() );
#9271 = ITEM_DEFINED_TRANSFORMATION('','',#11,#135);
#9272 = PRODUCT_DEFINITION_SHAPE('Placement','Placement of an item',
  #9273);
#9273 = NEXT_ASSEMBLY_USAGE_OCCURRENCE('127','','',#5,#9231,$);
#9274 = PRODUCT_RELATED_PRODUCT_CATEGORY('part',$,(#9233));
#9275 = SHAPE_DEFINITION_REPRESENTATION(#9276,#9282);
#9276 = PRODUCT_DEFINITION_SHAPE('','',#9277);
#9277 = PRODUCT_DEFINITION('design','',#9278,#9281);
#9278 = PRODUCT_DEFINITION_FORMATION('','',#9279);
#9279 = PRODUCT('R30','R30','',(#9280));
#9280 = PRODUCT_CONTEXT('',#2,'mechanical');
#9281 = PRODUCT_DEFINITION_CONTEXT('part definition',#2,'design');
#9282 = SHAPE_REPRESENTATION('',(#11,#9283,#9287,#9291),#9295);
#9283 = AXIS2_PLACEMENT_3D('',#9284,#9285,#9286);
#9284 = CARTESIAN_POINT('',(2.475008589395,18.399997088242,
    -0.911478996277));
#9285 = DIRECTION('',(0.,0.,1.));
#9286 = DIRECTION('',(1.,0.,0.));
#9287 = AXIS2_PLACEMENT_3D('',#9288,#9289,#9290);
#9288 = CARTESIAN_POINT('',(1.075007063516,18.399997088242,
    -0.911478996277));
#9289 = DIRECTION('',(0.,0.,1.));
#9290 = DIRECTION('',(1.,0.,0.));
#9291 = AXIS2_PLACEMENT_3D('',#9292,#9293,#9294);
#9292 = CARTESIAN_POINT('',(1.775004011758,18.399997088242,
    -0.911478996277));
#9293 = DIRECTION('',(0.,0.,1.));
#9294 = DIRECTION('',(1.,0.,0.));
#9295 = ( GEOMETRIC_REPRESENTATION_CONTEXT(3) 
GLOBAL_UNCERTAINTY_ASSIGNED_CONTEXT((#9299)) 
GLOBAL_UNIT_ASSIGNED_CONTEXT((#9296,#9297,#9298)) REPRESENTATION_CONTEXT
('Context #1','3D Context with UNIT and UNCERTAINTY') );
#9296 = ( LENGTH_UNIT() NAMED_UNIT(*) SI_UNIT(.MILLI.,.METRE.) );
#9297 = ( NAMED_UNIT(*) PLANE_ANGLE_UNIT() SI_UNIT($,.RADIAN.) );
#9298 = ( NAMED_UNIT(*) SI_UNIT($,.STERADIAN.) SOLID_ANGLE_UNIT() );
#9299 = UNCERTAINTY_MEASURE_WITH_UNIT(LENGTH_MEASURE(1.E-07),#9296,
  'distance_accuracy_value','confusion accuracy');
#9300 = CONTEXT_DEPENDENT_SHAPE_REPRESENTATION(#9301,#9303);
#9301 = ( REPRESENTATION_RELATIONSHIP('','',#1315,#9282) 
REPRESENTATION_RELATIONSHIP_WITH_TRANSFORMATION(#9302) 
SHAPE_REPRESENTATION_RELATIONSHIP() );
#9302 = ITEM_DEFINED_TRANSFORMATION('','',#11,#9283);
#9303 = PRODUCT_DEFINITION_SHAPE('Placement','Placement of an item',
  #9304);
#9304 = NEXT_ASSEMBLY_USAGE_OCCURRENCE('128','','',#9277,#1310,$);
#9305 = CONTEXT_DEPENDENT_SHAPE_REPRESENTATION(#9306,#9308);
#9306 = ( REPRESENTATION_RELATIONSHIP('','',#1315,#9282) 
REPRESENTATION_RELATIONSHIP_WITH_TRANSFORMATION(#9307) 
SHAPE_REPRESENTATION_RELATIONSHIP() );
#9307 = ITEM_DEFINED_TRANSFORMATION('','',#11,#9287);
#9308 = PRODUCT_DEFINITION_SHAPE('Placement','Placement of an item',
  #9309);
#9309 = NEXT_ASSEMBLY_USAGE_OCCURRENCE('129','','',#9277,#1310,$);
#9310 = CONTEXT_DEPENDENT_SHAPE_REPRESENTATION(#9311,#9313);
#9311 = ( REPRESENTATION_RELATIONSHIP('','',#1512,#9282) 
REPRESENTATION_RELATIONSHIP_WITH_TRANSFORMATION(#9312) 
SHAPE_REPRESENTATION_RELATIONSHIP() );
#9312 = ITEM_DEFINED_TRANSFORMATION('','',#11,#9291);
#9313 = PRODUCT_DEFINITION_SHAPE('Placement','Placement of an item',
  #9314);
#9314 = NEXT_ASSEMBLY_USAGE_OCCURRENCE('130','','',#9277,#1507,$);
#9315 = CONTEXT_DEPENDENT_SHAPE_REPRESENTATION(#9316,#9318);
#9316 = ( REPRESENTATION_RELATIONSHIP('','',#9282,#10) 
REPRESENTATION_RELATIONSHIP_WITH_TRANSFORMATION(#9317) 
SHAPE_REPRESENTATION_RELATIONSHIP() );
#9317 = ITEM_DEFINED_TRANSFORMATION('','',#11,#139);
#9318 = PRODUCT_DEFINITION_SHAPE('Placement','Placement of an item',
  #9319);
#9319 = NEXT_ASSEMBLY_USAGE_OCCURRENCE('131','','',#5,#9277,$);
#9320 = PRODUCT_RELATED_PRODUCT_CATEGORY('part',$,(#9279));
#9321 = SHAPE_DEFINITION_REPRESENTATION(#9322,#9328);
#9322 = PRODUCT_DEFINITION_SHAPE('','',#9323);
#9323 = PRODUCT_DEFINITION('design','',#9324,#9327);
#9324 = PRODUCT_DEFINITION_FORMATION('','',#9325);
#9325 = PRODUCT('R29','R29','',(#9326));
#9326 = PRODUCT_CONTEXT('',#2,'mechanical');
#9327 = PRODUCT_DEFINITION_CONTEXT('part definition',#2,'design');
#9328 = SHAPE_REPRESENTATION('',(#11,#9329,#9333,#9337),#9341);
#9329 = AXIS2_PLACEMENT_3D('',#9330,#9331,#9332);
#9330 = CARTESIAN_POINT('',(6.525011641152,20.20000014,-0.911478996277)
  );
#9331 = DIRECTION('',(0.,0.,1.));
#9332 = DIRECTION('',(1.,0.,0.));
#9333 = AXIS2_PLACEMENT_3D('',#9334,#9335,#9336);
#9334 = CARTESIAN_POINT('',(6.525011641152,21.600001665879,
    -0.911478996277));
#9335 = DIRECTION('',(0.,0.,1.));
#9336 = DIRECTION('',(1.,0.,0.));
#9337 = AXIS2_PLACEMENT_3D('',#9338,#9339,#9340);
#9338 = CARTESIAN_POINT('',(6.525011641152,20.899997088242,
    -0.911478996277));
#9339 = DIRECTION('',(0.,0.,1.));
#9340 = DIRECTION('',(1.,0.,0.));
#9341 = ( GEOMETRIC_REPRESENTATION_CONTEXT(3) 
GLOBAL_UNCERTAINTY_ASSIGNED_CONTEXT((#9345)) 
GLOBAL_UNIT_ASSIGNED_CONTEXT((#9342,#9343,#9344)) REPRESENTATION_CONTEXT
('Context #1','3D Context with UNIT and UNCERTAINTY') );
#9342 = ( LENGTH_UNIT() NAMED_UNIT(*) SI_UNIT(.MILLI.,.METRE.) );
#9343 = ( NAMED_UNIT(*) PLANE_ANGLE_UNIT() SI_UNIT($,.RADIAN.) );
#9344 = ( NAMED_UNIT(*) SI_UNIT($,.STERADIAN.) SOLID_ANGLE_UNIT() );
#9345 = UNCERTAINTY_MEASURE_WITH_UNIT(LENGTH_MEASURE(1.E-07),#9342,
  'distance_accuracy_value','confusion accuracy');
#9346 = CONTEXT_DEPENDENT_SHAPE_REPRESENTATION(#9347,#9349);
#9347 = ( REPRESENTATION_RELATIONSHIP('','',#7783,#9328) 
REPRESENTATION_RELATIONSHIP_WITH_TRANSFORMATION(#9348) 
SHAPE_REPRESENTATION_RELATIONSHIP() );
#9348 = ITEM_DEFINED_TRANSFORMATION('','',#11,#9329);
#9349 = PRODUCT_DEFINITION_SHAPE('Placement','Placement of an item',
  #9350);
#9350 = NEXT_ASSEMBLY_USAGE_OCCURRENCE('132','','',#9323,#7778,$);
#9351 = CONTEXT_DEPENDENT_SHAPE_REPRESENTATION(#9352,#9354);
#9352 = ( REPRESENTATION_RELATIONSHIP('','',#7783,#9328) 
REPRESENTATION_RELATIONSHIP_WITH_TRANSFORMATION(#9353) 
SHAPE_REPRESENTATION_RELATIONSHIP() );
#9353 = ITEM_DEFINED_TRANSFORMATION('','',#11,#9333);
#9354 = PRODUCT_DEFINITION_SHAPE('Placement','Placement of an item',
  #9355);
#9355 = NEXT_ASSEMBLY_USAGE_OCCURRENCE('133','','',#9323,#7778,$);
#9356 = CONTEXT_DEPENDENT_SHAPE_REPRESENTATION(#9357,#9359);
#9357 = ( REPRESENTATION_RELATIONSHIP('','',#7980,#9328) 
REPRESENTATION_RELATIONSHIP_WITH_TRANSFORMATION(#9358) 
SHAPE_REPRESENTATION_RELATIONSHIP() );
#9358 = ITEM_DEFINED_TRANSFORMATION('','',#11,#9337);
#9359 = PRODUCT_DEFINITION_SHAPE('Placement','Placement of an item',
  #9360);
#9360 = NEXT_ASSEMBLY_USAGE_OCCURRENCE('134','','',#9323,#7975,$);
#9361 = CONTEXT_DEPENDENT_SHAPE_REPRESENTATION(#9362,#9364);
#9362 = ( REPRESENTATION_RELATIONSHIP('','',#9328,#10) 
REPRESENTATION_RELATIONSHIP_WITH_TRANSFORMATION(#9363) 
SHAPE_REPRESENTATION_RELATIONSHIP() );
#9363 = ITEM_DEFINED_TRANSFORMATION('','',#11,#143);
#9364 = PRODUCT_DEFINITION_SHAPE('Placement','Placement of an item',
  #9365);
#9365 = NEXT_ASSEMBLY_USAGE_OCCURRENCE('135','','',#5,#9323,$);
#9366 = PRODUCT_RELATED_PRODUCT_CATEGORY('part',$,(#9325));
#9367 = SHAPE_DEFINITION_REPRESENTATION(#9368,#9374);
#9368 = PRODUCT_DEFINITION_SHAPE('','',#9369);
#9369 = PRODUCT_DEFINITION('design','',#9370,#9373);
#9370 = PRODUCT_DEFINITION_FORMATION('','',#9371);
#9371 = PRODUCT('R28','R28','',(#9372));
#9372 = PRODUCT_CONTEXT('',#2,'mechanical');
#9373 = PRODUCT_DEFINITION_CONTEXT('part definition',#2,'design');
#9374 = SHAPE_REPRESENTATION('',(#11,#9375,#9379,#9383),#9387);
#9375 = AXIS2_PLACEMENT_3D('',#9376,#9377,#9378);
#9376 = CARTESIAN_POINT('',(6.475008589395,18.399997088242,
    -0.911478996277));
#9377 = DIRECTION('',(0.,0.,1.));
#9378 = DIRECTION('',(1.,0.,0.));
#9379 = AXIS2_PLACEMENT_3D('',#9380,#9381,#9382);
#9380 = CARTESIAN_POINT('',(5.075007063516,18.399997088242,
    -0.911478996277));
#9381 = DIRECTION('',(0.,0.,1.));
#9382 = DIRECTION('',(1.,0.,0.));
#9383 = AXIS2_PLACEMENT_3D('',#9384,#9385,#9386);
#9384 = CARTESIAN_POINT('',(5.775004011758,18.399997088242,
    -0.911478996277));
#9385 = DIRECTION('',(0.,0.,1.));
#9386 = DIRECTION('',(1.,0.,0.));
#9387 = ( GEOMETRIC_REPRESENTATION_CONTEXT(3) 
GLOBAL_UNCERTAINTY_ASSIGNED_CONTEXT((#9391)) 
GLOBAL_UNIT_ASSIGNED_CONTEXT((#9388,#9389,#9390)) REPRESENTATION_CONTEXT
('Context #1','3D Context with UNIT and UNCERTAINTY') );
#9388 = ( LENGTH_UNIT() NAMED_UNIT(*) SI_UNIT(.MILLI.,.METRE.) );
#9389 = ( NAMED_UNIT(*) PLANE_ANGLE_UNIT() SI_UNIT($,.RADIAN.) );
#9390 = ( NAMED_UNIT(*) SI_UNIT($,.STERADIAN.) SOLID_ANGLE_UNIT() );
#9391 = UNCERTAINTY_MEASURE_WITH_UNIT(LENGTH_MEASURE(1.E-07),#9388,
  'distance_accuracy_value','confusion accuracy');
#9392 = CONTEXT_DEPENDENT_SHAPE_REPRESENTATION(#9393,#9395);
#9393 = ( REPRESENTATION_RELATIONSHIP('','',#1315,#9374) 
REPRESENTATION_RELATIONSHIP_WITH_TRANSFORMATION(#9394) 
SHAPE_REPRESENTATION_RELATIONSHIP() );
#9394 = ITEM_DEFINED_TRANSFORMATION('','',#11,#9375);
#9395 = PRODUCT_DEFINITION_SHAPE('Placement','Placement of an item',
  #9396);
#9396 = NEXT_ASSEMBLY_USAGE_OCCURRENCE('136','','',#9369,#1310,$);
#9397 = CONTEXT_DEPENDENT_SHAPE_REPRESENTATION(#9398,#9400);
#9398 = ( REPRESENTATION_RELATIONSHIP('','',#1315,#9374) 
REPRESENTATION_RELATIONSHIP_WITH_TRANSFORMATION(#9399) 
SHAPE_REPRESENTATION_RELATIONSHIP() );
#9399 = ITEM_DEFINED_TRANSFORMATION('','',#11,#9379);
#9400 = PRODUCT_DEFINITION_SHAPE('Placement','Placement of an item',
  #9401);
#9401 = NEXT_ASSEMBLY_USAGE_OCCURRENCE('137','','',#9369,#1310,$);
#9402 = CONTEXT_DEPENDENT_SHAPE_REPRESENTATION(#9403,#9405);
#9403 = ( REPRESENTATION_RELATIONSHIP('','',#1512,#9374) 
REPRESENTATION_RELATIONSHIP_WITH_TRANSFORMATION(#9404) 
SHAPE_REPRESENTATION_RELATIONSHIP() );
#9404 = ITEM_DEFINED_TRANSFORMATION('','',#11,#9383);
#9405 = PRODUCT_DEFINITION_SHAPE('Placement','Placement of an item',
  #9406);
#9406 = NEXT_ASSEMBLY_USAGE_OCCURRENCE('138','','',#9369,#1507,$);
#9407 = CONTEXT_DEPENDENT_SHAPE_REPRESENTATION(#9408,#9410);
#9408 = ( REPRESENTATION_RELATIONSHIP('','',#9374,#10) 
REPRESENTATION_RELATIONSHIP_WITH_TRANSFORMATION(#9409) 
SHAPE_REPRESENTATION_RELATIONSHIP() );
#9409 = ITEM_DEFINED_TRANSFORMATION('','',#11,#147);
#9410 = PRODUCT_DEFINITION_SHAPE('Placement','Placement of an item',
  #9411);
#9411 = NEXT_ASSEMBLY_USAGE_OCCURRENCE('139','','',#5,#9369,$);
#9412 = PRODUCT_RELATED_PRODUCT_CATEGORY('part',$,(#9371));
#9413 = SHAPE_DEFINITION_REPRESENTATION(#9414,#9420);
#9414 = PRODUCT_DEFINITION_SHAPE('','',#9415);
#9415 = PRODUCT_DEFINITION('design','',#9416,#9419);
#9416 = PRODUCT_DEFINITION_FORMATION('','',#9417);
#9417 = PRODUCT('R27','R27','',(#9418));
#9418 = PRODUCT_CONTEXT('',#2,'mechanical');
#9419 = PRODUCT_DEFINITION_CONTEXT('part definition',#2,'design');
#9420 = SHAPE_REPRESENTATION('',(#11,#9421,#9425,#9429),#9433);
#9421 = AXIS2_PLACEMENT_3D('',#9422,#9423,#9424);
#9422 = CARTESIAN_POINT('',(10.525011641152,20.20000014,-0.911478996277)
  );
#9423 = DIRECTION('',(0.,0.,1.));
#9424 = DIRECTION('',(1.,0.,0.));
#9425 = AXIS2_PLACEMENT_3D('',#9426,#9427,#9428);
#9426 = CARTESIAN_POINT('',(10.525011641152,21.600001665879,
    -0.911478996277));
#9427 = DIRECTION('',(0.,0.,1.));
#9428 = DIRECTION('',(1.,0.,0.));
#9429 = AXIS2_PLACEMENT_3D('',#9430,#9431,#9432);
#9430 = CARTESIAN_POINT('',(10.525011641152,20.899997088242,
    -0.911478996277));
#9431 = DIRECTION('',(0.,0.,1.));
#9432 = DIRECTION('',(1.,0.,0.));
#9433 = ( GEOMETRIC_REPRESENTATION_CONTEXT(3) 
GLOBAL_UNCERTAINTY_ASSIGNED_CONTEXT((#9437)) 
GLOBAL_UNIT_ASSIGNED_CONTEXT((#9434,#9435,#9436)) REPRESENTATION_CONTEXT
('Context #1','3D Context with UNIT and UNCERTAINTY') );
#9434 = ( LENGTH_UNIT() NAMED_UNIT(*) SI_UNIT(.MILLI.,.METRE.) );
#9435 = ( NAMED_UNIT(*) PLANE_ANGLE_UNIT() SI_UNIT($,.RADIAN.) );
#9436 = ( NAMED_UNIT(*) SI_UNIT($,.STERADIAN.) SOLID_ANGLE_UNIT() );
#9437 = UNCERTAINTY_MEASURE_WITH_UNIT(LENGTH_MEASURE(1.E-07),#9434,
  'distance_accuracy_value','confusion accuracy');
#9438 = CONTEXT_DEPENDENT_SHAPE_REPRESENTATION(#9439,#9441);
#9439 = ( REPRESENTATION_RELATIONSHIP('','',#7783,#9420) 
REPRESENTATION_RELATIONSHIP_WITH_TRANSFORMATION(#9440) 
SHAPE_REPRESENTATION_RELATIONSHIP() );
#9440 = ITEM_DEFINED_TRANSFORMATION('','',#11,#9421);
#9441 = PRODUCT_DEFINITION_SHAPE('Placement','Placement of an item',
  #9442);
#9442 = NEXT_ASSEMBLY_USAGE_OCCURRENCE('140','','',#9415,#7778,$);
#9443 = CONTEXT_DEPENDENT_SHAPE_REPRESENTATION(#9444,#9446);
#9444 = ( REPRESENTATION_RELATIONSHIP('','',#7783,#9420) 
REPRESENTATION_RELATIONSHIP_WITH_TRANSFORMATION(#9445) 
SHAPE_REPRESENTATION_RELATIONSHIP() );
#9445 = ITEM_DEFINED_TRANSFORMATION('','',#11,#9425);
#9446 = PRODUCT_DEFINITION_SHAPE('Placement','Placement of an item',
  #9447);
#9447 = NEXT_ASSEMBLY_USAGE_OCCURRENCE('141','','',#9415,#7778,$);
#9448 = CONTEXT_DEPENDENT_SHAPE_REPRESENTATION(#9449,#9451);
#9449 = ( REPRESENTATION_RELATIONSHIP('','',#7980,#9420) 
REPRESENTATION_RELATIONSHIP_WITH_TRANSFORMATION(#9450) 
SHAPE_REPRESENTATION_RELATIONSHIP() );
#9450 = ITEM_DEFINED_TRANSFORMATION('','',#11,#9429);
#9451 = PRODUCT_DEFINITION_SHAPE('Placement','Placement of an item',
  #9452);
#9452 = NEXT_ASSEMBLY_USAGE_OCCURRENCE('142','','',#9415,#7975,$);
#9453 = CONTEXT_DEPENDENT_SHAPE_REPRESENTATION(#9454,#9456);
#9454 = ( REPRESENTATION_RELATIONSHIP('','',#9420,#10) 
REPRESENTATION_RELATIONSHIP_WITH_TRANSFORMATION(#9455) 
SHAPE_REPRESENTATION_RELATIONSHIP() );
#9455 = ITEM_DEFINED_TRANSFORMATION('','',#11,#151);
#9456 = PRODUCT_DEFINITION_SHAPE('Placement','Placement of an item',
  #9457);
#9457 = NEXT_ASSEMBLY_USAGE_OCCURRENCE('143','','',#5,#9415,$);
#9458 = PRODUCT_RELATED_PRODUCT_CATEGORY('part',$,(#9417));
#9459 = SHAPE_DEFINITION_REPRESENTATION(#9460,#9466);
#9460 = PRODUCT_DEFINITION_SHAPE('','',#9461);
#9461 = PRODUCT_DEFINITION('design','',#9462,#9465);
#9462 = PRODUCT_DEFINITION_FORMATION('','',#9463);
#9463 = PRODUCT('R26','R26','',(#9464));
#9464 = PRODUCT_CONTEXT('',#2,'mechanical');
#9465 = PRODUCT_DEFINITION_CONTEXT('part definition',#2,'design');
#9466 = SHAPE_REPRESENTATION('',(#11,#9467,#9471,#9475),#9479);
#9467 = AXIS2_PLACEMENT_3D('',#9468,#9469,#9470);
#9468 = CARTESIAN_POINT('',(10.475008589395,18.399997088242,
    -0.911478996277));
#9469 = DIRECTION('',(0.,0.,1.));
#9470 = DIRECTION('',(1.,0.,0.));
#9471 = AXIS2_PLACEMENT_3D('',#9472,#9473,#9474);
#9472 = CARTESIAN_POINT('',(9.075007063516,18.399997088242,
    -0.911478996277));
#9473 = DIRECTION('',(0.,0.,1.));
#9474 = DIRECTION('',(1.,0.,0.));
#9475 = AXIS2_PLACEMENT_3D('',#9476,#9477,#9478);
#9476 = CARTESIAN_POINT('',(9.775004011758,18.399997088242,
    -0.911478996277));
#9477 = DIRECTION('',(0.,0.,1.));
#9478 = DIRECTION('',(1.,0.,0.));
#9479 = ( GEOMETRIC_REPRESENTATION_CONTEXT(3) 
GLOBAL_UNCERTAINTY_ASSIGNED_CONTEXT((#9483)) 
GLOBAL_UNIT_ASSIGNED_CONTEXT((#9480,#9481,#9482)) REPRESENTATION_CONTEXT
('Context #1','3D Context with UNIT and UNCERTAINTY') );
#9480 = ( LENGTH_UNIT() NAMED_UNIT(*) SI_UNIT(.MILLI.,.METRE.) );
#9481 = ( NAMED_UNIT(*) PLANE_ANGLE_UNIT() SI_UNIT($,.RADIAN.) );
#9482 = ( NAMED_UNIT(*) SI_UNIT($,.STERADIAN.) SOLID_ANGLE_UNIT() );
#9483 = UNCERTAINTY_MEASURE_WITH_UNIT(LENGTH_MEASURE(1.E-07),#9480,
  'distance_accuracy_value','confusion accuracy');
#9484 = CONTEXT_DEPENDENT_SHAPE_REPRESENTATION(#9485,#9487);
#9485 = ( REPRESENTATION_RELATIONSHIP('','',#1315,#9466) 
REPRESENTATION_RELATIONSHIP_WITH_TRANSFORMATION(#9486) 
SHAPE_REPRESENTATION_RELATIONSHIP() );
#9486 = ITEM_DEFINED_TRANSFORMATION('','',#11,#9467);
#9487 = PRODUCT_DEFINITION_SHAPE('Placement','Placement of an item',
  #9488);
#9488 = NEXT_ASSEMBLY_USAGE_OCCURRENCE('144','','',#9461,#1310,$);
#9489 = CONTEXT_DEPENDENT_SHAPE_REPRESENTATION(#9490,#9492);
#9490 = ( REPRESENTATION_RELATIONSHIP('','',#1315,#9466) 
REPRESENTATION_RELATIONSHIP_WITH_TRANSFORMATION(#9491) 
SHAPE_REPRESENTATION_RELATIONSHIP() );
#9491 = ITEM_DEFINED_TRANSFORMATION('','',#11,#9471);
#9492 = PRODUCT_DEFINITION_SHAPE('Placement','Placement of an item',
  #9493);
#9493 = NEXT_ASSEMBLY_USAGE_OCCURRENCE('145','','',#9461,#1310,$);
#9494 = CONTEXT_DEPENDENT_SHAPE_REPRESENTATION(#9495,#9497);
#9495 = ( REPRESENTATION_RELATIONSHIP('','',#1512,#9466) 
REPRESENTATION_RELATIONSHIP_WITH_TRANSFORMATION(#9496) 
SHAPE_REPRESENTATION_RELATIONSHIP() );
#9496 = ITEM_DEFINED_TRANSFORMATION('','',#11,#9475);
#9497 = PRODUCT_DEFINITION_SHAPE('Placement','Placement of an item',
  #9498);
#9498 = NEXT_ASSEMBLY_USAGE_OCCURRENCE('146','','',#9461,#1507,$);
#9499 = CONTEXT_DEPENDENT_SHAPE_REPRESENTATION(#9500,#9502);
#9500 = ( REPRESENTATION_RELATIONSHIP('','',#9466,#10) 
REPRESENTATION_RELATIONSHIP_WITH_TRANSFORMATION(#9501) 
SHAPE_REPRESENTATION_RELATIONSHIP() );
#9501 = ITEM_DEFINED_TRANSFORMATION('','',#11,#155);
#9502 = PRODUCT_DEFINITION_SHAPE('Placement','Placement of an item',
  #9503);
#9503 = NEXT_ASSEMBLY_USAGE_OCCURRENCE('147','','',#5,#9461,$);
#9504 = PRODUCT_RELATED_PRODUCT_CATEGORY('part',$,(#9463));
#9505 = SHAPE_DEFINITION_REPRESENTATION(#9506,#9512);
#9506 = PRODUCT_DEFINITION_SHAPE('','',#9507);
#9507 = PRODUCT_DEFINITION('design','',#9508,#9511);
#9508 = PRODUCT_DEFINITION_FORMATION('','',#9509);
#9509 = PRODUCT('R25','R25','',(#9510));
#9510 = PRODUCT_CONTEXT('',#2,'mechanical');
#9511 = PRODUCT_DEFINITION_CONTEXT('part definition',#2,'design');
#9512 = SHAPE_REPRESENTATION('',(#11,#9513,#9517,#9521),#9525);
#9513 = AXIS2_PLACEMENT_3D('',#9514,#9515,#9516);
#9514 = CARTESIAN_POINT('',(14.525004011758,20.20000014,-0.911478996277)
  );
#9515 = DIRECTION('',(0.,0.,1.));
#9516 = DIRECTION('',(1.,0.,0.));
#9517 = AXIS2_PLACEMENT_3D('',#9518,#9519,#9520);
#9518 = CARTESIAN_POINT('',(14.525004011758,21.599994036484,
    -0.911478996277));
#9519 = DIRECTION('',(0.,0.,1.));
#9520 = DIRECTION('',(1.,0.,0.));
#9521 = AXIS2_PLACEMENT_3D('',#9522,#9523,#9524);
#9522 = CARTESIAN_POINT('',(14.525004011758,20.899997088242,
    -0.911478996277));
#9523 = DIRECTION('',(0.,0.,1.));
#9524 = DIRECTION('',(1.,0.,0.));
#9525 = ( GEOMETRIC_REPRESENTATION_CONTEXT(3) 
GLOBAL_UNCERTAINTY_ASSIGNED_CONTEXT((#9529)) 
GLOBAL_UNIT_ASSIGNED_CONTEXT((#9526,#9527,#9528)) REPRESENTATION_CONTEXT
('Context #1','3D Context with UNIT and UNCERTAINTY') );
#9526 = ( LENGTH_UNIT() NAMED_UNIT(*) SI_UNIT(.MILLI.,.METRE.) );
#9527 = ( NAMED_UNIT(*) PLANE_ANGLE_UNIT() SI_UNIT($,.RADIAN.) );
#9528 = ( NAMED_UNIT(*) SI_UNIT($,.STERADIAN.) SOLID_ANGLE_UNIT() );
#9529 = UNCERTAINTY_MEASURE_WITH_UNIT(LENGTH_MEASURE(1.E-07),#9526,
  'distance_accuracy_value','confusion accuracy');
#9530 = CONTEXT_DEPENDENT_SHAPE_REPRESENTATION(#9531,#9533);
#9531 = ( REPRESENTATION_RELATIONSHIP('','',#7783,#9512) 
REPRESENTATION_RELATIONSHIP_WITH_TRANSFORMATION(#9532) 
SHAPE_REPRESENTATION_RELATIONSHIP() );
#9532 = ITEM_DEFINED_TRANSFORMATION('','',#11,#9513);
#9533 = PRODUCT_DEFINITION_SHAPE('Placement','Placement of an item',
  #9534);
#9534 = NEXT_ASSEMBLY_USAGE_OCCURRENCE('148','','',#9507,#7778,$);
#9535 = CONTEXT_DEPENDENT_SHAPE_REPRESENTATION(#9536,#9538);
#9536 = ( REPRESENTATION_RELATIONSHIP('','',#7783,#9512) 
REPRESENTATION_RELATIONSHIP_WITH_TRANSFORMATION(#9537) 
SHAPE_REPRESENTATION_RELATIONSHIP() );
#9537 = ITEM_DEFINED_TRANSFORMATION('','',#11,#9517);
#9538 = PRODUCT_DEFINITION_SHAPE('Placement','Placement of an item',
  #9539);
#9539 = NEXT_ASSEMBLY_USAGE_OCCURRENCE('149','','',#9507,#7778,$);
#9540 = CONTEXT_DEPENDENT_SHAPE_REPRESENTATION(#9541,#9543);
#9541 = ( REPRESENTATION_RELATIONSHIP('','',#7980,#9512) 
REPRESENTATION_RELATIONSHIP_WITH_TRANSFORMATION(#9542) 
SHAPE_REPRESENTATION_RELATIONSHIP() );
#9542 = ITEM_DEFINED_TRANSFORMATION('','',#11,#9521);
#9543 = PRODUCT_DEFINITION_SHAPE('Placement','Placement of an item',
  #9544);
#9544 = NEXT_ASSEMBLY_USAGE_OCCURRENCE('150','','',#9507,#7975,$);
#9545 = CONTEXT_DEPENDENT_SHAPE_REPRESENTATION(#9546,#9548);
#9546 = ( REPRESENTATION_RELATIONSHIP('','',#9512,#10) 
REPRESENTATION_RELATIONSHIP_WITH_TRANSFORMATION(#9547) 
SHAPE_REPRESENTATION_RELATIONSHIP() );
#9547 = ITEM_DEFINED_TRANSFORMATION('','',#11,#159);
#9548 = PRODUCT_DEFINITION_SHAPE('Placement','Placement of an item',
  #9549);
#9549 = NEXT_ASSEMBLY_USAGE_OCCURRENCE('151','','',#5,#9507,$);
#9550 = PRODUCT_RELATED_PRODUCT_CATEGORY('part',$,(#9509));
#9551 = SHAPE_DEFINITION_REPRESENTATION(#9552,#9558);
#9552 = PRODUCT_DEFINITION_SHAPE('','',#9553);
#9553 = PRODUCT_DEFINITION('design','',#9554,#9557);
#9554 = PRODUCT_DEFINITION_FORMATION('','',#9555);
#9555 = PRODUCT('R24','R24','',(#9556));
#9556 = PRODUCT_CONTEXT('',#2,'mechanical');
#9557 = PRODUCT_DEFINITION_CONTEXT('part definition',#2,'design');
#9558 = SHAPE_REPRESENTATION('',(#11,#9559,#9563,#9567),#9571);
#9559 = AXIS2_PLACEMENT_3D('',#9560,#9561,#9562);
#9560 = CARTESIAN_POINT('',(14.475008589395,18.399997088242,
    -0.911478996277));
#9561 = DIRECTION('',(0.,0.,1.));
#9562 = DIRECTION('',(1.,0.,0.));
#9563 = AXIS2_PLACEMENT_3D('',#9564,#9565,#9566);
#9564 = CARTESIAN_POINT('',(13.075007063516,18.399997088242,
    -0.911478996277));
#9565 = DIRECTION('',(0.,0.,1.));
#9566 = DIRECTION('',(1.,0.,0.));
#9567 = AXIS2_PLACEMENT_3D('',#9568,#9569,#9570);
#9568 = CARTESIAN_POINT('',(13.775004011758,18.399997088242,
    -0.911478996277));
#9569 = DIRECTION('',(0.,0.,1.));
#9570 = DIRECTION('',(1.,0.,0.));
#9571 = ( GEOMETRIC_REPRESENTATION_CONTEXT(3) 
GLOBAL_UNCERTAINTY_ASSIGNED_CONTEXT((#9575)) 
GLOBAL_UNIT_ASSIGNED_CONTEXT((#9572,#9573,#9574)) REPRESENTATION_CONTEXT
('Context #1','3D Context with UNIT and UNCERTAINTY') );
#9572 = ( LENGTH_UNIT() NAMED_UNIT(*) SI_UNIT(.MILLI.,.METRE.) );
#9573 = ( NAMED_UNIT(*) PLANE_ANGLE_UNIT() SI_UNIT($,.RADIAN.) );
#9574 = ( NAMED_UNIT(*) SI_UNIT($,.STERADIAN.) SOLID_ANGLE_UNIT() );
#9575 = UNCERTAINTY_MEASURE_WITH_UNIT(LENGTH_MEASURE(1.E-07),#9572,
  'distance_accuracy_value','confusion accuracy');
#9576 = CONTEXT_DEPENDENT_SHAPE_REPRESENTATION(#9577,#9579);
#9577 = ( REPRESENTATION_RELATIONSHIP('','',#1315,#9558) 
REPRESENTATION_RELATIONSHIP_WITH_TRANSFORMATION(#9578) 
SHAPE_REPRESENTATION_RELATIONSHIP() );
#9578 = ITEM_DEFINED_TRANSFORMATION('','',#11,#9559);
#9579 = PRODUCT_DEFINITION_SHAPE('Placement','Placement of an item',
  #9580);
#9580 = NEXT_ASSEMBLY_USAGE_OCCURRENCE('152','','',#9553,#1310,$);
#9581 = CONTEXT_DEPENDENT_SHAPE_REPRESENTATION(#9582,#9584);
#9582 = ( REPRESENTATION_RELATIONSHIP('','',#1315,#9558) 
REPRESENTATION_RELATIONSHIP_WITH_TRANSFORMATION(#9583) 
SHAPE_REPRESENTATION_RELATIONSHIP() );
#9583 = ITEM_DEFINED_TRANSFORMATION('','',#11,#9563);
#9584 = PRODUCT_DEFINITION_SHAPE('Placement','Placement of an item',
  #9585);
#9585 = NEXT_ASSEMBLY_USAGE_OCCURRENCE('153','','',#9553,#1310,$);
#9586 = CONTEXT_DEPENDENT_SHAPE_REPRESENTATION(#9587,#9589);
#9587 = ( REPRESENTATION_RELATIONSHIP('','',#1512,#9558) 
REPRESENTATION_RELATIONSHIP_WITH_TRANSFORMATION(#9588) 
SHAPE_REPRESENTATION_RELATIONSHIP() );
#9588 = ITEM_DEFINED_TRANSFORMATION('','',#11,#9567);
#9589 = PRODUCT_DEFINITION_SHAPE('Placement','Placement of an item',
  #9590);
#9590 = NEXT_ASSEMBLY_USAGE_OCCURRENCE('154','','',#9553,#1507,$);
#9591 = CONTEXT_DEPENDENT_SHAPE_REPRESENTATION(#9592,#9594);
#9592 = ( REPRESENTATION_RELATIONSHIP('','',#9558,#10) 
REPRESENTATION_RELATIONSHIP_WITH_TRANSFORMATION(#9593) 
SHAPE_REPRESENTATION_RELATIONSHIP() );
#9593 = ITEM_DEFINED_TRANSFORMATION('','',#11,#163);
#9594 = PRODUCT_DEFINITION_SHAPE('Placement','Placement of an item',
  #9595);
#9595 = NEXT_ASSEMBLY_USAGE_OCCURRENCE('155','','',#5,#9553,$);
#9596 = PRODUCT_RELATED_PRODUCT_CATEGORY('part',$,(#9555));
#9597 = SHAPE_DEFINITION_REPRESENTATION(#9598,#9604);
#9598 = PRODUCT_DEFINITION_SHAPE('','',#9599);
#9599 = PRODUCT_DEFINITION('design','',#9600,#9603);
#9600 = PRODUCT_DEFINITION_FORMATION('','',#9601);
#9601 = PRODUCT('R23','R23','',(#9602));
#9602 = PRODUCT_CONTEXT('',#2,'mechanical');
#9603 = PRODUCT_DEFINITION_CONTEXT('part definition',#2,'design');
#9604 = SHAPE_REPRESENTATION('',(#11,#9605,#9609,#9613),#9617);
#9605 = AXIS2_PLACEMENT_3D('',#9606,#9607,#9608);
#9606 = CARTESIAN_POINT('',(18.725008589395,18.399997088242,
    -0.911478996277));
#9607 = DIRECTION('',(0.,0.,1.));
#9608 = DIRECTION('',(1.,0.,0.));
#9609 = AXIS2_PLACEMENT_3D('',#9610,#9611,#9612);
#9610 = CARTESIAN_POINT('',(17.325007063516,18.399997088242,
    -0.911478996277));
#9611 = DIRECTION('',(0.,0.,1.));
#9612 = DIRECTION('',(1.,0.,0.));
#9613 = AXIS2_PLACEMENT_3D('',#9614,#9615,#9616);
#9614 = CARTESIAN_POINT('',(18.025004011758,18.399997088242,
    -0.911478996277));
#9615 = DIRECTION('',(0.,0.,1.));
#9616 = DIRECTION('',(1.,0.,0.));
#9617 = ( GEOMETRIC_REPRESENTATION_CONTEXT(3) 
GLOBAL_UNCERTAINTY_ASSIGNED_CONTEXT((#9621)) 
GLOBAL_UNIT_ASSIGNED_CONTEXT((#9618,#9619,#9620)) REPRESENTATION_CONTEXT
('Context #1','3D Context with UNIT and UNCERTAINTY') );
#9618 = ( LENGTH_UNIT() NAMED_UNIT(*) SI_UNIT(.MILLI.,.METRE.) );
#9619 = ( NAMED_UNIT(*) PLANE_ANGLE_UNIT() SI_UNIT($,.RADIAN.) );
#9620 = ( NAMED_UNIT(*) SI_UNIT($,.STERADIAN.) SOLID_ANGLE_UNIT() );
#9621 = UNCERTAINTY_MEASURE_WITH_UNIT(LENGTH_MEASURE(1.E-07),#9618,
  'distance_accuracy_value','confusion accuracy');
#9622 = CONTEXT_DEPENDENT_SHAPE_REPRESENTATION(#9623,#9625);
#9623 = ( REPRESENTATION_RELATIONSHIP('','',#1315,#9604) 
REPRESENTATION_RELATIONSHIP_WITH_TRANSFORMATION(#9624) 
SHAPE_REPRESENTATION_RELATIONSHIP() );
#9624 = ITEM_DEFINED_TRANSFORMATION('','',#11,#9605);
#9625 = PRODUCT_DEFINITION_SHAPE('Placement','Placement of an item',
  #9626);
#9626 = NEXT_ASSEMBLY_USAGE_OCCURRENCE('156','','',#9599,#1310,$);
#9627 = CONTEXT_DEPENDENT_SHAPE_REPRESENTATION(#9628,#9630);
#9628 = ( REPRESENTATION_RELATIONSHIP('','',#1315,#9604) 
REPRESENTATION_RELATIONSHIP_WITH_TRANSFORMATION(#9629) 
SHAPE_REPRESENTATION_RELATIONSHIP() );
#9629 = ITEM_DEFINED_TRANSFORMATION('','',#11,#9609);
#9630 = PRODUCT_DEFINITION_SHAPE('Placement','Placement of an item',
  #9631);
#9631 = NEXT_ASSEMBLY_USAGE_OCCURRENCE('157','','',#9599,#1310,$);
#9632 = CONTEXT_DEPENDENT_SHAPE_REPRESENTATION(#9633,#9635);
#9633 = ( REPRESENTATION_RELATIONSHIP('','',#1512,#9604) 
REPRESENTATION_RELATIONSHIP_WITH_TRANSFORMATION(#9634) 
SHAPE_REPRESENTATION_RELATIONSHIP() );
#9634 = ITEM_DEFINED_TRANSFORMATION('','',#11,#9613);
#9635 = PRODUCT_DEFINITION_SHAPE('Placement','Placement of an item',
  #9636);
#9636 = NEXT_ASSEMBLY_USAGE_OCCURRENCE('158','','',#9599,#1507,$);
#9637 = CONTEXT_DEPENDENT_SHAPE_REPRESENTATION(#9638,#9640);
#9638 = ( REPRESENTATION_RELATIONSHIP('','',#9604,#10) 
REPRESENTATION_RELATIONSHIP_WITH_TRANSFORMATION(#9639) 
SHAPE_REPRESENTATION_RELATIONSHIP() );
#9639 = ITEM_DEFINED_TRANSFORMATION('','',#11,#167);
#9640 = PRODUCT_DEFINITION_SHAPE('Placement','Placement of an item',
  #9641);
#9641 = NEXT_ASSEMBLY_USAGE_OCCURRENCE('159','','',#5,#9599,$);
#9642 = PRODUCT_RELATED_PRODUCT_CATEGORY('part',$,(#9601));
#9643 = SHAPE_DEFINITION_REPRESENTATION(#9644,#9650);
#9644 = PRODUCT_DEFINITION_SHAPE('','',#9645);
#9645 = PRODUCT_DEFINITION('design','',#9646,#9649);
#9646 = PRODUCT_DEFINITION_FORMATION('','',#9647);
#9647 = PRODUCT('R22','R22','',(#9648));
#9648 = PRODUCT_CONTEXT('',#2,'mechanical');
#9649 = PRODUCT_DEFINITION_CONTEXT('part definition',#2,'design');
#9650 = SHAPE_REPRESENTATION('',(#11,#9651,#9655,#9659),#9663);
#9651 = AXIS2_PLACEMENT_3D('',#9652,#9653,#9654);
#9652 = CARTESIAN_POINT('',(18.775011641152,20.20000014,-0.911478996277)
  );
#9653 = DIRECTION('',(0.,0.,1.));
#9654 = DIRECTION('',(1.,0.,0.));
#9655 = AXIS2_PLACEMENT_3D('',#9656,#9657,#9658);
#9656 = CARTESIAN_POINT('',(18.775011641152,21.600001665879,
    -0.911478996277));
#9657 = DIRECTION('',(0.,0.,1.));
#9658 = DIRECTION('',(1.,0.,0.));
#9659 = AXIS2_PLACEMENT_3D('',#9660,#9661,#9662);
#9660 = CARTESIAN_POINT('',(18.775011641152,20.899997088242,
    -0.911478996277));
#9661 = DIRECTION('',(0.,0.,1.));
#9662 = DIRECTION('',(1.,0.,0.));
#9663 = ( GEOMETRIC_REPRESENTATION_CONTEXT(3) 
GLOBAL_UNCERTAINTY_ASSIGNED_CONTEXT((#9667)) 
GLOBAL_UNIT_ASSIGNED_CONTEXT((#9664,#9665,#9666)) REPRESENTATION_CONTEXT
('Context #1','3D Context with UNIT and UNCERTAINTY') );
#9664 = ( LENGTH_UNIT() NAMED_UNIT(*) SI_UNIT(.MILLI.,.METRE.) );
#9665 = ( NAMED_UNIT(*) PLANE_ANGLE_UNIT() SI_UNIT($,.RADIAN.) );
#9666 = ( NAMED_UNIT(*) SI_UNIT($,.STERADIAN.) SOLID_ANGLE_UNIT() );
#9667 = UNCERTAINTY_MEASURE_WITH_UNIT(LENGTH_MEASURE(1.E-07),#9664,
  'distance_accuracy_value','confusion accuracy');
#9668 = CONTEXT_DEPENDENT_SHAPE_REPRESENTATION(#9669,#9671);
#9669 = ( REPRESENTATION_RELATIONSHIP('','',#7783,#9650) 
REPRESENTATION_RELATIONSHIP_WITH_TRANSFORMATION(#9670) 
SHAPE_REPRESENTATION_RELATIONSHIP() );
#9670 = ITEM_DEFINED_TRANSFORMATION('','',#11,#9651);
#9671 = PRODUCT_DEFINITION_SHAPE('Placement','Placement of an item',
  #9672);
#9672 = NEXT_ASSEMBLY_USAGE_OCCURRENCE('160','','',#9645,#7778,$);
#9673 = CONTEXT_DEPENDENT_SHAPE_REPRESENTATION(#9674,#9676);
#9674 = ( REPRESENTATION_RELATIONSHIP('','',#7783,#9650) 
REPRESENTATION_RELATIONSHIP_WITH_TRANSFORMATION(#9675) 
SHAPE_REPRESENTATION_RELATIONSHIP() );
#9675 = ITEM_DEFINED_TRANSFORMATION('','',#11,#9655);
#9676 = PRODUCT_DEFINITION_SHAPE('Placement','Placement of an item',
  #9677);
#9677 = NEXT_ASSEMBLY_USAGE_OCCURRENCE('161','','',#9645,#7778,$);
#9678 = CONTEXT_DEPENDENT_SHAPE_REPRESENTATION(#9679,#9681);
#9679 = ( REPRESENTATION_RELATIONSHIP('','',#7980,#9650) 
REPRESENTATION_RELATIONSHIP_WITH_TRANSFORMATION(#9680) 
SHAPE_REPRESENTATION_RELATIONSHIP() );
#9680 = ITEM_DEFINED_TRANSFORMATION('','',#11,#9659);
#9681 = PRODUCT_DEFINITION_SHAPE('Placement','Placement of an item',
  #9682);
#9682 = NEXT_ASSEMBLY_USAGE_OCCURRENCE('162','','',#9645,#7975,$);
#9683 = CONTEXT_DEPENDENT_SHAPE_REPRESENTATION(#9684,#9686);
#9684 = ( REPRESENTATION_RELATIONSHIP('','',#9650,#10) 
REPRESENTATION_RELATIONSHIP_WITH_TRANSFORMATION(#9685) 
SHAPE_REPRESENTATION_RELATIONSHIP() );
#9685 = ITEM_DEFINED_TRANSFORMATION('','',#11,#171);
#9686 = PRODUCT_DEFINITION_SHAPE('Placement','Placement of an item',
  #9687);
#9687 = NEXT_ASSEMBLY_USAGE_OCCURRENCE('163','','',#5,#9645,$);
#9688 = PRODUCT_RELATED_PRODUCT_CATEGORY('part',$,(#9647));
#9689 = SHAPE_DEFINITION_REPRESENTATION(#9690,#9696);
#9690 = PRODUCT_DEFINITION_SHAPE('','',#9691);
#9691 = PRODUCT_DEFINITION('design','',#9692,#9695);
#9692 = PRODUCT_DEFINITION_FORMATION('','',#9693);
#9693 = PRODUCT('R20','R20','',(#9694));
#9694 = PRODUCT_CONTEXT('',#2,'mechanical');
#9695 = PRODUCT_DEFINITION_CONTEXT('part definition',#2,'design');
#9696 = SHAPE_REPRESENTATION('',(#11,#9697,#9701,#9705),#9709);
#9697 = AXIS2_PLACEMENT_3D('',#9698,#9699,#9700);
#9698 = CARTESIAN_POINT('',(-21.11446132027,25.61429915123,
    -0.911478996277));
#9699 = DIRECTION('',(0.,0.,1.));
#9700 = DIRECTION('',(1.,0.,0.));
#9701 = AXIS2_PLACEMENT_3D('',#9702,#9703,#9704);
#9702 = CARTESIAN_POINT('',(-21.11446132027,24.214305254746,
    -0.911478996277));
#9703 = DIRECTION('',(0.,0.,1.));
#9704 = DIRECTION('',(1.,0.,0.));
#9705 = AXIS2_PLACEMENT_3D('',#9706,#9707,#9708);
#9706 = CARTESIAN_POINT('',(-21.11446132027,24.914302202988,
    -0.911478996277));
#9707 = DIRECTION('',(0.,0.,1.));
#9708 = DIRECTION('',(1.,0.,0.));
#9709 = ( GEOMETRIC_REPRESENTATION_CONTEXT(3) 
GLOBAL_UNCERTAINTY_ASSIGNED_CONTEXT((#9713)) 
GLOBAL_UNIT_ASSIGNED_CONTEXT((#9710,#9711,#9712)) REPRESENTATION_CONTEXT
('Context #1','3D Context with UNIT and UNCERTAINTY') );
#9710 = ( LENGTH_UNIT() NAMED_UNIT(*) SI_UNIT(.MILLI.,.METRE.) );
#9711 = ( NAMED_UNIT(*) PLANE_ANGLE_UNIT() SI_UNIT($,.RADIAN.) );
#9712 = ( NAMED_UNIT(*) SI_UNIT($,.STERADIAN.) SOLID_ANGLE_UNIT() );
#9713 = UNCERTAINTY_MEASURE_WITH_UNIT(LENGTH_MEASURE(1.E-07),#9710,
  'distance_accuracy_value','confusion accuracy');
#9714 = CONTEXT_DEPENDENT_SHAPE_REPRESENTATION(#9715,#9717);
#9715 = ( REPRESENTATION_RELATIONSHIP('','',#7783,#9696) 
REPRESENTATION_RELATIONSHIP_WITH_TRANSFORMATION(#9716) 
SHAPE_REPRESENTATION_RELATIONSHIP() );
#9716 = ITEM_DEFINED_TRANSFORMATION('','',#11,#9697);
#9717 = PRODUCT_DEFINITION_SHAPE('Placement','Placement of an item',
  #9718);
#9718 = NEXT_ASSEMBLY_USAGE_OCCURRENCE('164','','',#9691,#7778,$);
#9719 = CONTEXT_DEPENDENT_SHAPE_REPRESENTATION(#9720,#9722);
#9720 = ( REPRESENTATION_RELATIONSHIP('','',#7783,#9696) 
REPRESENTATION_RELATIONSHIP_WITH_TRANSFORMATION(#9721) 
SHAPE_REPRESENTATION_RELATIONSHIP() );
#9721 = ITEM_DEFINED_TRANSFORMATION('','',#11,#9701);
#9722 = PRODUCT_DEFINITION_SHAPE('Placement','Placement of an item',
  #9723);
#9723 = NEXT_ASSEMBLY_USAGE_OCCURRENCE('165','','',#9691,#7778,$);
#9724 = CONTEXT_DEPENDENT_SHAPE_REPRESENTATION(#9725,#9727);
#9725 = ( REPRESENTATION_RELATIONSHIP('','',#7980,#9696) 
REPRESENTATION_RELATIONSHIP_WITH_TRANSFORMATION(#9726) 
SHAPE_REPRESENTATION_RELATIONSHIP() );
#9726 = ITEM_DEFINED_TRANSFORMATION('','',#11,#9705);
#9727 = PRODUCT_DEFINITION_SHAPE('Placement','Placement of an item',
  #9728);
#9728 = NEXT_ASSEMBLY_USAGE_OCCURRENCE('166','','',#9691,#7975,$);
#9729 = CONTEXT_DEPENDENT_SHAPE_REPRESENTATION(#9730,#9732);
#9730 = ( REPRESENTATION_RELATIONSHIP('','',#9696,#10) 
REPRESENTATION_RELATIONSHIP_WITH_TRANSFORMATION(#9731) 
SHAPE_REPRESENTATION_RELATIONSHIP() );
#9731 = ITEM_DEFINED_TRANSFORMATION('','',#11,#175);
#9732 = PRODUCT_DEFINITION_SHAPE('Placement','Placement of an item',
  #9733);
#9733 = NEXT_ASSEMBLY_USAGE_OCCURRENCE('167','','',#5,#9691,$);
#9734 = PRODUCT_RELATED_PRODUCT_CATEGORY('part',$,(#9693));
#9735 = SHAPE_DEFINITION_REPRESENTATION(#9736,#9742);
#9736 = PRODUCT_DEFINITION_SHAPE('','',#9737);
#9737 = PRODUCT_DEFINITION('design','',#9738,#9741);
#9738 = PRODUCT_DEFINITION_FORMATION('','',#9739);
#9739 = PRODUCT('R19','R19','',(#9740));
#9740 = PRODUCT_CONTEXT('',#2,'mechanical');
#9741 = PRODUCT_DEFINITION_CONTEXT('part definition',#2,'design');
#9742 = SHAPE_REPRESENTATION('',(#11,#9743,#9747,#9751),#9755);
#9743 = AXIS2_PLACEMENT_3D('',#9744,#9745,#9746);
#9744 = CARTESIAN_POINT('',(-31.81445063912,24.664302202988,
    -0.911478996277));
#9745 = DIRECTION('',(0.,0.,1.));
#9746 = DIRECTION('',(1.,0.,0.));
#9747 = AXIS2_PLACEMENT_3D('',#9748,#9749,#9750);
#9748 = CARTESIAN_POINT('',(-30.41445292793,24.664302202988,
    -0.911478996277));
#9749 = DIRECTION('',(0.,0.,1.));
#9750 = DIRECTION('',(1.,0.,0.));
#9751 = AXIS2_PLACEMENT_3D('',#9752,#9753,#9754);
#9752 = CARTESIAN_POINT('',(-31.11445369087,24.664302202988,
    -0.911478996277));
#9753 = DIRECTION('',(0.,0.,1.));
#9754 = DIRECTION('',(1.,0.,0.));
#9755 = ( GEOMETRIC_REPRESENTATION_CONTEXT(3) 
GLOBAL_UNCERTAINTY_ASSIGNED_CONTEXT((#9759)) 
GLOBAL_UNIT_ASSIGNED_CONTEXT((#9756,#9757,#9758)) REPRESENTATION_CONTEXT
('Context #1','3D Context with UNIT and UNCERTAINTY') );
#9756 = ( LENGTH_UNIT() NAMED_UNIT(*) SI_UNIT(.MILLI.,.METRE.) );
#9757 = ( NAMED_UNIT(*) PLANE_ANGLE_UNIT() SI_UNIT($,.RADIAN.) );
#9758 = ( NAMED_UNIT(*) SI_UNIT($,.STERADIAN.) SOLID_ANGLE_UNIT() );
#9759 = UNCERTAINTY_MEASURE_WITH_UNIT(LENGTH_MEASURE(1.E-07),#9756,
  'distance_accuracy_value','confusion accuracy');
#9760 = CONTEXT_DEPENDENT_SHAPE_REPRESENTATION(#9761,#9763);
#9761 = ( REPRESENTATION_RELATIONSHIP('','',#1315,#9742) 
REPRESENTATION_RELATIONSHIP_WITH_TRANSFORMATION(#9762) 
SHAPE_REPRESENTATION_RELATIONSHIP() );
#9762 = ITEM_DEFINED_TRANSFORMATION('','',#11,#9743);
#9763 = PRODUCT_DEFINITION_SHAPE('Placement','Placement of an item',
  #9764);
#9764 = NEXT_ASSEMBLY_USAGE_OCCURRENCE('168','','',#9737,#1310,$);
#9765 = CONTEXT_DEPENDENT_SHAPE_REPRESENTATION(#9766,#9768);
#9766 = ( REPRESENTATION_RELATIONSHIP('','',#1315,#9742) 
REPRESENTATION_RELATIONSHIP_WITH_TRANSFORMATION(#9767) 
SHAPE_REPRESENTATION_RELATIONSHIP() );
#9767 = ITEM_DEFINED_TRANSFORMATION('','',#11,#9747);
#9768 = PRODUCT_DEFINITION_SHAPE('Placement','Placement of an item',
  #9769);
#9769 = NEXT_ASSEMBLY_USAGE_OCCURRENCE('169','','',#9737,#1310,$);
#9770 = CONTEXT_DEPENDENT_SHAPE_REPRESENTATION(#9771,#9773);
#9771 = ( REPRESENTATION_RELATIONSHIP('','',#1512,#9742) 
REPRESENTATION_RELATIONSHIP_WITH_TRANSFORMATION(#9772) 
SHAPE_REPRESENTATION_RELATIONSHIP() );
#9772 = ITEM_DEFINED_TRANSFORMATION('','',#11,#9751);
#9773 = PRODUCT_DEFINITION_SHAPE('Placement','Placement of an item',
  #9774);
#9774 = NEXT_ASSEMBLY_USAGE_OCCURRENCE('170','','',#9737,#1507,$);
#9775 = CONTEXT_DEPENDENT_SHAPE_REPRESENTATION(#9776,#9778);
#9776 = ( REPRESENTATION_RELATIONSHIP('','',#9742,#10) 
REPRESENTATION_RELATIONSHIP_WITH_TRANSFORMATION(#9777) 
SHAPE_REPRESENTATION_RELATIONSHIP() );
#9777 = ITEM_DEFINED_TRANSFORMATION('','',#11,#179);
#9778 = PRODUCT_DEFINITION_SHAPE('Placement','Placement of an item',
  #9779);
#9779 = NEXT_ASSEMBLY_USAGE_OCCURRENCE('171','','',#5,#9737,$);
#9780 = PRODUCT_RELATED_PRODUCT_CATEGORY('part',$,(#9739));
#9781 = SHAPE_DEFINITION_REPRESENTATION(#9782,#9788);
#9782 = PRODUCT_DEFINITION_SHAPE('','',#9783);
#9783 = PRODUCT_DEFINITION('design','',#9784,#9787);
#9784 = PRODUCT_DEFINITION_FORMATION('','',#9785);
#9785 = PRODUCT('R17','R17','',(#9786));
#9786 = PRODUCT_CONTEXT('',#2,'mechanical');
#9787 = PRODUCT_DEFINITION_CONTEXT('part definition',#2,'design');
#9788 = SHAPE_REPRESENTATION('',(#11,#9789,#9793,#9797),#9801);
#9789 = AXIS2_PLACEMENT_3D('',#9790,#9791,#9792);
#9790 = CARTESIAN_POINT('',(-20.86446132027,20.36429915123,
    -0.911478996277));
#9791 = DIRECTION('',(0.,0.,1.));
#9792 = DIRECTION('',(1.,0.,0.));
#9793 = AXIS2_PLACEMENT_3D('',#9794,#9795,#9796);
#9794 = CARTESIAN_POINT('',(-20.86446132027,18.964305254746,
    -0.911478996277));
#9795 = DIRECTION('',(0.,0.,1.));
#9796 = DIRECTION('',(1.,0.,0.));
#9797 = AXIS2_PLACEMENT_3D('',#9798,#9799,#9800);
#9798 = CARTESIAN_POINT('',(-20.86446132027,19.664302202988,
    -0.911478996277));
#9799 = DIRECTION('',(0.,0.,1.));
#9800 = DIRECTION('',(1.,0.,0.));
#9801 = ( GEOMETRIC_REPRESENTATION_CONTEXT(3) 
GLOBAL_UNCERTAINTY_ASSIGNED_CONTEXT((#9805)) 
GLOBAL_UNIT_ASSIGNED_CONTEXT((#9802,#9803,#9804)) REPRESENTATION_CONTEXT
('Context #1','3D Context with UNIT and UNCERTAINTY') );
#9802 = ( LENGTH_UNIT() NAMED_UNIT(*) SI_UNIT(.MILLI.,.METRE.) );
#9803 = ( NAMED_UNIT(*) PLANE_ANGLE_UNIT() SI_UNIT($,.RADIAN.) );
#9804 = ( NAMED_UNIT(*) SI_UNIT($,.STERADIAN.) SOLID_ANGLE_UNIT() );
#9805 = UNCERTAINTY_MEASURE_WITH_UNIT(LENGTH_MEASURE(1.E-07),#9802,
  'distance_accuracy_value','confusion accuracy');
#9806 = CONTEXT_DEPENDENT_SHAPE_REPRESENTATION(#9807,#9809);
#9807 = ( REPRESENTATION_RELATIONSHIP('','',#7783,#9788) 
REPRESENTATION_RELATIONSHIP_WITH_TRANSFORMATION(#9808) 
SHAPE_REPRESENTATION_RELATIONSHIP() );
#9808 = ITEM_DEFINED_TRANSFORMATION('','',#11,#9789);
#9809 = PRODUCT_DEFINITION_SHAPE('Placement','Placement of an item',
  #9810);
#9810 = NEXT_ASSEMBLY_USAGE_OCCURRENCE('172','','',#9783,#7778,$);
#9811 = CONTEXT_DEPENDENT_SHAPE_REPRESENTATION(#9812,#9814);
#9812 = ( REPRESENTATION_RELATIONSHIP('','',#7783,#9788) 
REPRESENTATION_RELATIONSHIP_WITH_TRANSFORMATION(#9813) 
SHAPE_REPRESENTATION_RELATIONSHIP() );
#9813 = ITEM_DEFINED_TRANSFORMATION('','',#11,#9793);
#9814 = PRODUCT_DEFINITION_SHAPE('Placement','Placement of an item',
  #9815);
#9815 = NEXT_ASSEMBLY_USAGE_OCCURRENCE('173','','',#9783,#7778,$);
#9816 = CONTEXT_DEPENDENT_SHAPE_REPRESENTATION(#9817,#9819);
#9817 = ( REPRESENTATION_RELATIONSHIP('','',#7980,#9788) 
REPRESENTATION_RELATIONSHIP_WITH_TRANSFORMATION(#9818) 
SHAPE_REPRESENTATION_RELATIONSHIP() );
#9818 = ITEM_DEFINED_TRANSFORMATION('','',#11,#9797);
#9819 = PRODUCT_DEFINITION_SHAPE('Placement','Placement of an item',
  #9820);
#9820 = NEXT_ASSEMBLY_USAGE_OCCURRENCE('174','','',#9783,#7975,$);
#9821 = CONTEXT_DEPENDENT_SHAPE_REPRESENTATION(#9822,#9824);
#9822 = ( REPRESENTATION_RELATIONSHIP('','',#9788,#10) 
REPRESENTATION_RELATIONSHIP_WITH_TRANSFORMATION(#9823) 
SHAPE_REPRESENTATION_RELATIONSHIP() );
#9823 = ITEM_DEFINED_TRANSFORMATION('','',#11,#183);
#9824 = PRODUCT_DEFINITION_SHAPE('Placement','Placement of an item',
  #9825);
#9825 = NEXT_ASSEMBLY_USAGE_OCCURRENCE('175','','',#5,#9783,$);
#9826 = PRODUCT_RELATED_PRODUCT_CATEGORY('part',$,(#9785));
#9827 = SHAPE_DEFINITION_REPRESENTATION(#9828,#9834);
#9828 = PRODUCT_DEFINITION_SHAPE('','',#9829);
#9829 = PRODUCT_DEFINITION('design','',#9830,#9833);
#9830 = PRODUCT_DEFINITION_FORMATION('','',#9831);
#9831 = PRODUCT('R16','R16','',(#9832));
#9832 = PRODUCT_CONTEXT('',#2,'mechanical');
#9833 = PRODUCT_DEFINITION_CONTEXT('part definition',#2,'design');
#9834 = SHAPE_REPRESENTATION('',(#11,#9835,#9839,#9843),#9847);
#9835 = AXIS2_PLACEMENT_3D('',#9836,#9837,#9838);
#9836 = CARTESIAN_POINT('',(-31.56445445381,19.414302202988,
    -0.911478996277));
#9837 = DIRECTION('',(0.,0.,1.));
#9838 = DIRECTION('',(1.,0.,0.));
#9839 = AXIS2_PLACEMENT_3D('',#9840,#9841,#9842);
#9840 = CARTESIAN_POINT('',(-30.16445674263,19.414302202988,
    -0.911478996277));
#9841 = DIRECTION('',(0.,0.,1.));
#9842 = DIRECTION('',(1.,0.,0.));
#9843 = AXIS2_PLACEMENT_3D('',#9844,#9845,#9846);
#9844 = CARTESIAN_POINT('',(-30.86445750557,19.414302202988,
    -0.911478996277));
#9845 = DIRECTION('',(0.,0.,1.));
#9846 = DIRECTION('',(1.,0.,0.));
#9847 = ( GEOMETRIC_REPRESENTATION_CONTEXT(3) 
GLOBAL_UNCERTAINTY_ASSIGNED_CONTEXT((#9851)) 
GLOBAL_UNIT_ASSIGNED_CONTEXT((#9848,#9849,#9850)) REPRESENTATION_CONTEXT
('Context #1','3D Context with UNIT and UNCERTAINTY') );
#9848 = ( LENGTH_UNIT() NAMED_UNIT(*) SI_UNIT(.MILLI.,.METRE.) );
#9849 = ( NAMED_UNIT(*) PLANE_ANGLE_UNIT() SI_UNIT($,.RADIAN.) );
#9850 = ( NAMED_UNIT(*) SI_UNIT($,.STERADIAN.) SOLID_ANGLE_UNIT() );
#9851 = UNCERTAINTY_MEASURE_WITH_UNIT(LENGTH_MEASURE(1.E-07),#9848,
  'distance_accuracy_value','confusion accuracy');
#9852 = CONTEXT_DEPENDENT_SHAPE_REPRESENTATION(#9853,#9855);
#9853 = ( REPRESENTATION_RELATIONSHIP('','',#1315,#9834) 
REPRESENTATION_RELATIONSHIP_WITH_TRANSFORMATION(#9854) 
SHAPE_REPRESENTATION_RELATIONSHIP() );
#9854 = ITEM_DEFINED_TRANSFORMATION('','',#11,#9835);
#9855 = PRODUCT_DEFINITION_SHAPE('Placement','Placement of an item',
  #9856);
#9856 = NEXT_ASSEMBLY_USAGE_OCCURRENCE('176','','',#9829,#1310,$);
#9857 = CONTEXT_DEPENDENT_SHAPE_REPRESENTATION(#9858,#9860);
#9858 = ( REPRESENTATION_RELATIONSHIP('','',#1315,#9834) 
REPRESENTATION_RELATIONSHIP_WITH_TRANSFORMATION(#9859) 
SHAPE_REPRESENTATION_RELATIONSHIP() );
#9859 = ITEM_DEFINED_TRANSFORMATION('','',#11,#9839);
#9860 = PRODUCT_DEFINITION_SHAPE('Placement','Placement of an item',
  #9861);
#9861 = NEXT_ASSEMBLY_USAGE_OCCURRENCE('177','','',#9829,#1310,$);
#9862 = CONTEXT_DEPENDENT_SHAPE_REPRESENTATION(#9863,#9865);
#9863 = ( REPRESENTATION_RELATIONSHIP('','',#1512,#9834) 
REPRESENTATION_RELATIONSHIP_WITH_TRANSFORMATION(#9864) 
SHAPE_REPRESENTATION_RELATIONSHIP() );
#9864 = ITEM_DEFINED_TRANSFORMATION('','',#11,#9843);
#9865 = PRODUCT_DEFINITION_SHAPE('Placement','Placement of an item',
  #9866);
#9866 = NEXT_ASSEMBLY_USAGE_OCCURRENCE('178','','',#9829,#1507,$);
#9867 = CONTEXT_DEPENDENT_SHAPE_REPRESENTATION(#9868,#9870);
#9868 = ( REPRESENTATION_RELATIONSHIP('','',#9834,#10) 
REPRESENTATION_RELATIONSHIP_WITH_TRANSFORMATION(#9869) 
SHAPE_REPRESENTATION_RELATIONSHIP() );
#9869 = ITEM_DEFINED_TRANSFORMATION('','',#11,#187);
#9870 = PRODUCT_DEFINITION_SHAPE('Placement','Placement of an item',
  #9871);
#9871 = NEXT_ASSEMBLY_USAGE_OCCURRENCE('179','','',#5,#9829,$);
#9872 = PRODUCT_RELATED_PRODUCT_CATEGORY('part',$,(#9831));
#9873 = SHAPE_DEFINITION_REPRESENTATION(#9874,#9880);
#9874 = PRODUCT_DEFINITION_SHAPE('','',#9875);
#9875 = PRODUCT_DEFINITION('design','',#9876,#9879);
#9876 = PRODUCT_DEFINITION_FORMATION('','',#9877);
#9877 = PRODUCT('R15','R15','',(#9878));
#9878 = PRODUCT_CONTEXT('',#2,'mechanical');
#9879 = PRODUCT_DEFINITION_CONTEXT('part definition',#2,'design');
#9880 = SHAPE_REPRESENTATION('',(#11,#9881,#9885,#9889),#9893);
#9881 = AXIS2_PLACEMENT_3D('',#9882,#9883,#9884);
#9882 = CARTESIAN_POINT('',(-24.31445826851,15.164302202988,
    -0.911478996277));
#9883 = DIRECTION('',(0.,0.,1.));
#9884 = DIRECTION('',(1.,0.,0.));
#9885 = AXIS2_PLACEMENT_3D('',#9886,#9887,#9888);
#9886 = CARTESIAN_POINT('',(-22.91445674263,15.164302202988,
    -0.911478996277));
#9887 = DIRECTION('',(0.,0.,1.));
#9888 = DIRECTION('',(1.,0.,0.));
#9889 = AXIS2_PLACEMENT_3D('',#9890,#9891,#9892);
#9890 = CARTESIAN_POINT('',(-23.61445369087,15.164302202988,
    -0.911478996277));
#9891 = DIRECTION('',(0.,0.,1.));
#9892 = DIRECTION('',(1.,0.,0.));
#9893 = ( GEOMETRIC_REPRESENTATION_CONTEXT(3) 
GLOBAL_UNCERTAINTY_ASSIGNED_CONTEXT((#9897)) 
GLOBAL_UNIT_ASSIGNED_CONTEXT((#9894,#9895,#9896)) REPRESENTATION_CONTEXT
('Context #1','3D Context with UNIT and UNCERTAINTY') );
#9894 = ( LENGTH_UNIT() NAMED_UNIT(*) SI_UNIT(.MILLI.,.METRE.) );
#9895 = ( NAMED_UNIT(*) PLANE_ANGLE_UNIT() SI_UNIT($,.RADIAN.) );
#9896 = ( NAMED_UNIT(*) SI_UNIT($,.STERADIAN.) SOLID_ANGLE_UNIT() );
#9897 = UNCERTAINTY_MEASURE_WITH_UNIT(LENGTH_MEASURE(1.E-07),#9894,
  'distance_accuracy_value','confusion accuracy');
#9898 = CONTEXT_DEPENDENT_SHAPE_REPRESENTATION(#9899,#9901);
#9899 = ( REPRESENTATION_RELATIONSHIP('','',#1315,#9880) 
REPRESENTATION_RELATIONSHIP_WITH_TRANSFORMATION(#9900) 
SHAPE_REPRESENTATION_RELATIONSHIP() );
#9900 = ITEM_DEFINED_TRANSFORMATION('','',#11,#9881);
#9901 = PRODUCT_DEFINITION_SHAPE('Placement','Placement of an item',
  #9902);
#9902 = NEXT_ASSEMBLY_USAGE_OCCURRENCE('180','','',#9875,#1310,$);
#9903 = CONTEXT_DEPENDENT_SHAPE_REPRESENTATION(#9904,#9906);
#9904 = ( REPRESENTATION_RELATIONSHIP('','',#1315,#9880) 
REPRESENTATION_RELATIONSHIP_WITH_TRANSFORMATION(#9905) 
SHAPE_REPRESENTATION_RELATIONSHIP() );
#9905 = ITEM_DEFINED_TRANSFORMATION('','',#11,#9885);
#9906 = PRODUCT_DEFINITION_SHAPE('Placement','Placement of an item',
  #9907);
#9907 = NEXT_ASSEMBLY_USAGE_OCCURRENCE('181','','',#9875,#1310,$);
#9908 = CONTEXT_DEPENDENT_SHAPE_REPRESENTATION(#9909,#9911);
#9909 = ( REPRESENTATION_RELATIONSHIP('','',#1512,#9880) 
REPRESENTATION_RELATIONSHIP_WITH_TRANSFORMATION(#9910) 
SHAPE_REPRESENTATION_RELATIONSHIP() );
#9910 = ITEM_DEFINED_TRANSFORMATION('','',#11,#9889);
#9911 = PRODUCT_DEFINITION_SHAPE('Placement','Placement of an item',
  #9912);
#9912 = NEXT_ASSEMBLY_USAGE_OCCURRENCE('182','','',#9875,#1507,$);
#9913 = CONTEXT_DEPENDENT_SHAPE_REPRESENTATION(#9914,#9916);
#9914 = ( REPRESENTATION_RELATIONSHIP('','',#9880,#10) 
REPRESENTATION_RELATIONSHIP_WITH_TRANSFORMATION(#9915) 
SHAPE_REPRESENTATION_RELATIONSHIP() );
#9915 = ITEM_DEFINED_TRANSFORMATION('','',#11,#191);
#9916 = PRODUCT_DEFINITION_SHAPE('Placement','Placement of an item',
  #9917);
#9917 = NEXT_ASSEMBLY_USAGE_OCCURRENCE('183','','',#5,#9875,$);
#9918 = PRODUCT_RELATED_PRODUCT_CATEGORY('part',$,(#9877));
#9919 = SHAPE_DEFINITION_REPRESENTATION(#9920,#9926);
#9920 = PRODUCT_DEFINITION_SHAPE('','',#9921);
#9921 = PRODUCT_DEFINITION('design','',#9922,#9925);
#9922 = PRODUCT_DEFINITION_FORMATION('','',#9923);
#9923 = PRODUCT('R14','R14','',(#9924));
#9924 = PRODUCT_CONTEXT('',#2,'mechanical');
#9925 = PRODUCT_DEFINITION_CONTEXT('part definition',#2,'design');
#9926 = SHAPE_REPRESENTATION('',(#11,#9927,#9931,#9935),#9939);
#9927 = AXIS2_PLACEMENT_3D('',#9928,#9929,#9930);
#9928 = CARTESIAN_POINT('',(-21.11446132027,15.11429915123,
    -0.911478996277));
#9929 = DIRECTION('',(0.,0.,1.));
#9930 = DIRECTION('',(1.,0.,0.));
#9931 = AXIS2_PLACEMENT_3D('',#9932,#9933,#9934);
#9932 = CARTESIAN_POINT('',(-21.11446132027,13.714297625352,
    -0.911478996277));
#9933 = DIRECTION('',(0.,0.,1.));
#9934 = DIRECTION('',(1.,0.,0.));
#9935 = AXIS2_PLACEMENT_3D('',#9936,#9937,#9938);
#9936 = CARTESIAN_POINT('',(-21.11446132027,14.414302202988,
    -0.911478996277));
#9937 = DIRECTION('',(0.,0.,1.));
#9938 = DIRECTION('',(1.,0.,0.));
#9939 = ( GEOMETRIC_REPRESENTATION_CONTEXT(3) 
GLOBAL_UNCERTAINTY_ASSIGNED_CONTEXT((#9943)) 
GLOBAL_UNIT_ASSIGNED_CONTEXT((#9940,#9941,#9942)) REPRESENTATION_CONTEXT
('Context #1','3D Context with UNIT and UNCERTAINTY') );
#9940 = ( LENGTH_UNIT() NAMED_UNIT(*) SI_UNIT(.MILLI.,.METRE.) );
#9941 = ( NAMED_UNIT(*) PLANE_ANGLE_UNIT() SI_UNIT($,.RADIAN.) );
#9942 = ( NAMED_UNIT(*) SI_UNIT($,.STERADIAN.) SOLID_ANGLE_UNIT() );
#9943 = UNCERTAINTY_MEASURE_WITH_UNIT(LENGTH_MEASURE(1.E-07),#9940,
  'distance_accuracy_value','confusion accuracy');
#9944 = CONTEXT_DEPENDENT_SHAPE_REPRESENTATION(#9945,#9947);
#9945 = ( REPRESENTATION_RELATIONSHIP('','',#7783,#9926) 
REPRESENTATION_RELATIONSHIP_WITH_TRANSFORMATION(#9946) 
SHAPE_REPRESENTATION_RELATIONSHIP() );
#9946 = ITEM_DEFINED_TRANSFORMATION('','',#11,#9927);
#9947 = PRODUCT_DEFINITION_SHAPE('Placement','Placement of an item',
  #9948);
#9948 = NEXT_ASSEMBLY_USAGE_OCCURRENCE('184','','',#9921,#7778,$);
#9949 = CONTEXT_DEPENDENT_SHAPE_REPRESENTATION(#9950,#9952);
#9950 = ( REPRESENTATION_RELATIONSHIP('','',#7783,#9926) 
REPRESENTATION_RELATIONSHIP_WITH_TRANSFORMATION(#9951) 
SHAPE_REPRESENTATION_RELATIONSHIP() );
#9951 = ITEM_DEFINED_TRANSFORMATION('','',#11,#9931);
#9952 = PRODUCT_DEFINITION_SHAPE('Placement','Placement of an item',
  #9953);
#9953 = NEXT_ASSEMBLY_USAGE_OCCURRENCE('185','','',#9921,#7778,$);
#9954 = CONTEXT_DEPENDENT_SHAPE_REPRESENTATION(#9955,#9957);
#9955 = ( REPRESENTATION_RELATIONSHIP('','',#7980,#9926) 
REPRESENTATION_RELATIONSHIP_WITH_TRANSFORMATION(#9956) 
SHAPE_REPRESENTATION_RELATIONSHIP() );
#9956 = ITEM_DEFINED_TRANSFORMATION('','',#11,#9935);
#9957 = PRODUCT_DEFINITION_SHAPE('Placement','Placement of an item',
  #9958);
#9958 = NEXT_ASSEMBLY_USAGE_OCCURRENCE('186','','',#9921,#7975,$);
#9959 = CONTEXT_DEPENDENT_SHAPE_REPRESENTATION(#9960,#9962);
#9960 = ( REPRESENTATION_RELATIONSHIP('','',#9926,#10) 
REPRESENTATION_RELATIONSHIP_WITH_TRANSFORMATION(#9961) 
SHAPE_REPRESENTATION_RELATIONSHIP() );
#9961 = ITEM_DEFINED_TRANSFORMATION('','',#11,#195);
#9962 = PRODUCT_DEFINITION_SHAPE('Placement','Placement of an item',
  #9963);
#9963 = NEXT_ASSEMBLY_USAGE_OCCURRENCE('187','','',#5,#9921,$);
#9964 = PRODUCT_RELATED_PRODUCT_CATEGORY('part',$,(#9923));
#9965 = SHAPE_DEFINITION_REPRESENTATION(#9966,#9972);
#9966 = PRODUCT_DEFINITION_SHAPE('','',#9967);
#9967 = PRODUCT_DEFINITION('design','',#9968,#9971);
#9968 = PRODUCT_DEFINITION_FORMATION('','',#9969);
#9969 = PRODUCT('R13','R13','',(#9970));
#9970 = PRODUCT_CONTEXT('',#2,'mechanical');
#9971 = PRODUCT_DEFINITION_CONTEXT('part definition',#2,'design');
#9972 = SHAPE_REPRESENTATION('',(#11,#9973,#9977,#9981),#9985);
#9973 = AXIS2_PLACEMENT_3D('',#9974,#9975,#9976);
#9974 = CARTESIAN_POINT('',(-31.81445826851,14.414302202988,
    -0.911478996277));
#9975 = DIRECTION('',(0.,0.,1.));
#9976 = DIRECTION('',(1.,0.,0.));
#9977 = AXIS2_PLACEMENT_3D('',#9978,#9979,#9980);
#9978 = CARTESIAN_POINT('',(-30.41445674263,14.414302202988,
    -0.911478996277));
#9979 = DIRECTION('',(0.,0.,1.));
#9980 = DIRECTION('',(1.,0.,0.));
#9981 = AXIS2_PLACEMENT_3D('',#9982,#9983,#9984);
#9982 = CARTESIAN_POINT('',(-31.11445750557,14.414302202988,
    -0.911478996277));
#9983 = DIRECTION('',(0.,0.,1.));
#9984 = DIRECTION('',(1.,0.,0.));
#9985 = ( GEOMETRIC_REPRESENTATION_CONTEXT(3) 
GLOBAL_UNCERTAINTY_ASSIGNED_CONTEXT((#9989)) 
GLOBAL_UNIT_ASSIGNED_CONTEXT((#9986,#9987,#9988)) REPRESENTATION_CONTEXT
('Context #1','3D Context with UNIT and UNCERTAINTY') );
#9986 = ( LENGTH_UNIT() NAMED_UNIT(*) SI_UNIT(.MILLI.,.METRE.) );
#9987 = ( NAMED_UNIT(*) PLANE_ANGLE_UNIT() SI_UNIT($,.RADIAN.) );
#9988 = ( NAMED_UNIT(*) SI_UNIT($,.STERADIAN.) SOLID_ANGLE_UNIT() );
#9989 = UNCERTAINTY_MEASURE_WITH_UNIT(LENGTH_MEASURE(1.E-07),#9986,
  'distance_accuracy_value','confusion accuracy');
#9990 = CONTEXT_DEPENDENT_SHAPE_REPRESENTATION(#9991,#9993);
#9991 = ( REPRESENTATION_RELATIONSHIP('','',#1315,#9972) 
REPRESENTATION_RELATIONSHIP_WITH_TRANSFORMATION(#9992) 
SHAPE_REPRESENTATION_RELATIONSHIP() );
#9992 = ITEM_DEFINED_TRANSFORMATION('','',#11,#9973);
#9993 = PRODUCT_DEFINITION_SHAPE('Placement','Placement of an item',
  #9994);
#9994 = NEXT_ASSEMBLY_USAGE_OCCURRENCE('188','','',#9967,#1310,$);
#9995 = CONTEXT_DEPENDENT_SHAPE_REPRESENTATION(#9996,#9998);
#9996 = ( REPRESENTATION_RELATIONSHIP('','',#1315,#9972) 
REPRESENTATION_RELATIONSHIP_WITH_TRANSFORMATION(#9997) 
SHAPE_REPRESENTATION_RELATIONSHIP() );
#9997 = ITEM_DEFINED_TRANSFORMATION('','',#11,#9977);
#9998 = PRODUCT_DEFINITION_SHAPE('Placement','Placement of an item',
  #9999);
#9999 = NEXT_ASSEMBLY_USAGE_OCCURRENCE('189','','',#9967,#1310,$);
#10000 = CONTEXT_DEPENDENT_SHAPE_REPRESENTATION(#10001,#10003);
#10001 = ( REPRESENTATION_RELATIONSHIP('','',#1512,#9972) 
REPRESENTATION_RELATIONSHIP_WITH_TRANSFORMATION(#10002) 
SHAPE_REPRESENTATION_RELATIONSHIP() );
#10002 = ITEM_DEFINED_TRANSFORMATION('','',#11,#9981);
#10003 = PRODUCT_DEFINITION_SHAPE('Placement','Placement of an item',
  #10004);
#10004 = NEXT_ASSEMBLY_USAGE_OCCURRENCE('190','','',#9967,#1507,$);
#10005 = CONTEXT_DEPENDENT_SHAPE_REPRESENTATION(#10006,#10008);
#10006 = ( REPRESENTATION_RELATIONSHIP('','',#9972,#10) 
REPRESENTATION_RELATIONSHIP_WITH_TRANSFORMATION(#10007) 
SHAPE_REPRESENTATION_RELATIONSHIP() );
#10007 = ITEM_DEFINED_TRANSFORMATION('','',#11,#199);
#10008 = PRODUCT_DEFINITION_SHAPE('Placement','Placement of an item',
  #10009);
#10009 = NEXT_ASSEMBLY_USAGE_OCCURRENCE('191','','',#5,#9967,$);
#10010 = PRODUCT_RELATED_PRODUCT_CATEGORY('part',$,(#9969));
#10011 = SHAPE_DEFINITION_REPRESENTATION(#10012,#10018);
#10012 = PRODUCT_DEFINITION_SHAPE('','',#10013);
#10013 = PRODUCT_DEFINITION('design','',#10014,#10017);
#10014 = PRODUCT_DEFINITION_FORMATION('','',#10015);
#10015 = PRODUCT('R12','R12','',(#10016));
#10016 = PRODUCT_CONTEXT('',#2,'mechanical');
#10017 = PRODUCT_DEFINITION_CONTEXT('part definition',#2,'design');
#10018 = SHAPE_REPRESENTATION('',(#11,#10019,#10023,#10027),#10031);
#10019 = AXIS2_PLACEMENT_3D('',#10020,#10021,#10022);
#10020 = CARTESIAN_POINT('',(-24.31445826851,10.664302202988,
    -0.911478996277));
#10021 = DIRECTION('',(0.,0.,1.));
#10022 = DIRECTION('',(1.,0.,0.));
#10023 = AXIS2_PLACEMENT_3D('',#10024,#10025,#10026);
#10024 = CARTESIAN_POINT('',(-22.91445674263,10.664302202988,
    -0.911478996277));
#10025 = DIRECTION('',(0.,0.,1.));
#10026 = DIRECTION('',(1.,0.,0.));
#10027 = AXIS2_PLACEMENT_3D('',#10028,#10029,#10030);
#10028 = CARTESIAN_POINT('',(-23.61445369087,10.664302202988,
    -0.911478996277));
#10029 = DIRECTION('',(0.,0.,1.));
#10030 = DIRECTION('',(1.,0.,0.));
#10031 = ( GEOMETRIC_REPRESENTATION_CONTEXT(3) 
GLOBAL_UNCERTAINTY_ASSIGNED_CONTEXT((#10035)) 
GLOBAL_UNIT_ASSIGNED_CONTEXT((#10032,#10033,#10034)) 
REPRESENTATION_CONTEXT('Context #1',
  '3D Context with UNIT and UNCERTAINTY') );
#10032 = ( LENGTH_UNIT() NAMED_UNIT(*) SI_UNIT(.MILLI.,.METRE.) );
#10033 = ( NAMED_UNIT(*) PLANE_ANGLE_UNIT() SI_UNIT($,.RADIAN.) );
#10034 = ( NAMED_UNIT(*) SI_UNIT($,.STERADIAN.) SOLID_ANGLE_UNIT() );
#10035 = UNCERTAINTY_MEASURE_WITH_UNIT(LENGTH_MEASURE(1.E-07),#10032,
  'distance_accuracy_value','confusion accuracy');
#10036 = CONTEXT_DEPENDENT_SHAPE_REPRESENTATION(#10037,#10039);
#10037 = ( REPRESENTATION_RELATIONSHIP('','',#1315,#10018) 
REPRESENTATION_RELATIONSHIP_WITH_TRANSFORMATION(#10038) 
SHAPE_REPRESENTATION_RELATIONSHIP() );
#10038 = ITEM_DEFINED_TRANSFORMATION('','',#11,#10019);
#10039 = PRODUCT_DEFINITION_SHAPE('Placement','Placement of an item',
  #10040);
#10040 = NEXT_ASSEMBLY_USAGE_OCCURRENCE('192','','',#10013,#1310,$);
#10041 = CONTEXT_DEPENDENT_SHAPE_REPRESENTATION(#10042,#10044);
#10042 = ( REPRESENTATION_RELATIONSHIP('','',#1315,#10018) 
REPRESENTATION_RELATIONSHIP_WITH_TRANSFORMATION(#10043) 
SHAPE_REPRESENTATION_RELATIONSHIP() );
#10043 = ITEM_DEFINED_TRANSFORMATION('','',#11,#10023);
#10044 = PRODUCT_DEFINITION_SHAPE('Placement','Placement of an item',
  #10045);
#10045 = NEXT_ASSEMBLY_USAGE_OCCURRENCE('193','','',#10013,#1310,$);
#10046 = CONTEXT_DEPENDENT_SHAPE_REPRESENTATION(#10047,#10049);
#10047 = ( REPRESENTATION_RELATIONSHIP('','',#1512,#10018) 
REPRESENTATION_RELATIONSHIP_WITH_TRANSFORMATION(#10048) 
SHAPE_REPRESENTATION_RELATIONSHIP() );
#10048 = ITEM_DEFINED_TRANSFORMATION('','',#11,#10027);
#10049 = PRODUCT_DEFINITION_SHAPE('Placement','Placement of an item',
  #10050);
#10050 = NEXT_ASSEMBLY_USAGE_OCCURRENCE('194','','',#10013,#1507,$);
#10051 = CONTEXT_DEPENDENT_SHAPE_REPRESENTATION(#10052,#10054);
#10052 = ( REPRESENTATION_RELATIONSHIP('','',#10018,#10) 
REPRESENTATION_RELATIONSHIP_WITH_TRANSFORMATION(#10053) 
SHAPE_REPRESENTATION_RELATIONSHIP() );
#10053 = ITEM_DEFINED_TRANSFORMATION('','',#11,#203);
#10054 = PRODUCT_DEFINITION_SHAPE('Placement','Placement of an item',
  #10055);
#10055 = NEXT_ASSEMBLY_USAGE_OCCURRENCE('195','','',#5,#10013,$);
#10056 = PRODUCT_RELATED_PRODUCT_CATEGORY('part',$,(#10015));
#10057 = SHAPE_DEFINITION_REPRESENTATION(#10058,#10064);
#10058 = PRODUCT_DEFINITION_SHAPE('','',#10059);
#10059 = PRODUCT_DEFINITION('design','',#10060,#10063);
#10060 = PRODUCT_DEFINITION_FORMATION('','',#10061);
#10061 = PRODUCT('R11','R11','',(#10062));
#10062 = PRODUCT_CONTEXT('',#2,'mechanical');
#10063 = PRODUCT_DEFINITION_CONTEXT('part definition',#2,'design');
#10064 = SHAPE_REPRESENTATION('',(#11,#10065,#10069,#10073),#10077);
#10065 = AXIS2_PLACEMENT_3D('',#10066,#10067,#10068);
#10066 = CARTESIAN_POINT('',(-21.14999904,10.649997088242,
    -0.911478996277));
#10067 = DIRECTION('',(0.,0.,1.));
#10068 = DIRECTION('',(1.,0.,0.));
#10069 = AXIS2_PLACEMENT_3D('',#10070,#10071,#10072);
#10070 = CARTESIAN_POINT('',(-21.14999904,9.249995562363,-0.911478996277
    ));
#10071 = DIRECTION('',(0.,0.,1.));
#10072 = DIRECTION('',(1.,0.,0.));
#10073 = AXIS2_PLACEMENT_3D('',#10074,#10075,#10076);
#10074 = CARTESIAN_POINT('',(-21.14999904,9.95000014,-0.911478996277));
#10075 = DIRECTION('',(0.,0.,1.));
#10076 = DIRECTION('',(1.,0.,0.));
#10077 = ( GEOMETRIC_REPRESENTATION_CONTEXT(3) 
GLOBAL_UNCERTAINTY_ASSIGNED_CONTEXT((#10081)) 
GLOBAL_UNIT_ASSIGNED_CONTEXT((#10078,#10079,#10080)) 
REPRESENTATION_CONTEXT('Context #1',
  '3D Context with UNIT and UNCERTAINTY') );
#10078 = ( LENGTH_UNIT() NAMED_UNIT(*) SI_UNIT(.MILLI.,.METRE.) );
#10079 = ( NAMED_UNIT(*) PLANE_ANGLE_UNIT() SI_UNIT($,.RADIAN.) );
#10080 = ( NAMED_UNIT(*) SI_UNIT($,.STERADIAN.) SOLID_ANGLE_UNIT() );
#10081 = UNCERTAINTY_MEASURE_WITH_UNIT(LENGTH_MEASURE(1.E-07),#10078,
  'distance_accuracy_value','confusion accuracy');
#10082 = CONTEXT_DEPENDENT_SHAPE_REPRESENTATION(#10083,#10085);
#10083 = ( REPRESENTATION_RELATIONSHIP('','',#7783,#10064) 
REPRESENTATION_RELATIONSHIP_WITH_TRANSFORMATION(#10084) 
SHAPE_REPRESENTATION_RELATIONSHIP() );
#10084 = ITEM_DEFINED_TRANSFORMATION('','',#11,#10065);
#10085 = PRODUCT_DEFINITION_SHAPE('Placement','Placement of an item',
  #10086);
#10086 = NEXT_ASSEMBLY_USAGE_OCCURRENCE('196','','',#10059,#7778,$);
#10087 = CONTEXT_DEPENDENT_SHAPE_REPRESENTATION(#10088,#10090);
#10088 = ( REPRESENTATION_RELATIONSHIP('','',#7783,#10064) 
REPRESENTATION_RELATIONSHIP_WITH_TRANSFORMATION(#10089) 
SHAPE_REPRESENTATION_RELATIONSHIP() );
#10089 = ITEM_DEFINED_TRANSFORMATION('','',#11,#10069);
#10090 = PRODUCT_DEFINITION_SHAPE('Placement','Placement of an item',
  #10091);
#10091 = NEXT_ASSEMBLY_USAGE_OCCURRENCE('197','','',#10059,#7778,$);
#10092 = CONTEXT_DEPENDENT_SHAPE_REPRESENTATION(#10093,#10095);
#10093 = ( REPRESENTATION_RELATIONSHIP('','',#7980,#10064) 
REPRESENTATION_RELATIONSHIP_WITH_TRANSFORMATION(#10094) 
SHAPE_REPRESENTATION_RELATIONSHIP() );
#10094 = ITEM_DEFINED_TRANSFORMATION('','',#11,#10073);
#10095 = PRODUCT_DEFINITION_SHAPE('Placement','Placement of an item',
  #10096);
#10096 = NEXT_ASSEMBLY_USAGE_OCCURRENCE('198','','',#10059,#7975,$);
#10097 = CONTEXT_DEPENDENT_SHAPE_REPRESENTATION(#10098,#10100);
#10098 = ( REPRESENTATION_RELATIONSHIP('','',#10064,#10) 
REPRESENTATION_RELATIONSHIP_WITH_TRANSFORMATION(#10099) 
SHAPE_REPRESENTATION_RELATIONSHIP() );
#10099 = ITEM_DEFINED_TRANSFORMATION('','',#11,#207);
#10100 = PRODUCT_DEFINITION_SHAPE('Placement','Placement of an item',
  #10101);
#10101 = NEXT_ASSEMBLY_USAGE_OCCURRENCE('199','','',#5,#10059,$);
#10102 = PRODUCT_RELATED_PRODUCT_CATEGORY('part',$,(#10061));
#10103 = SHAPE_DEFINITION_REPRESENTATION(#10104,#10110);
#10104 = PRODUCT_DEFINITION_SHAPE('','',#10105);
#10105 = PRODUCT_DEFINITION('design','',#10106,#10109);
#10106 = PRODUCT_DEFINITION_FORMATION('','',#10107);
#10107 = PRODUCT('R10','R10','',(#10108));
#10108 = PRODUCT_CONTEXT('',#2,'mechanical');
#10109 = PRODUCT_DEFINITION_CONTEXT('part definition',#2,'design');
#10110 = SHAPE_REPRESENTATION('',(#11,#10111,#10115,#10119),#10123);
#10111 = AXIS2_PLACEMENT_3D('',#10112,#10113,#10114);
#10112 = CARTESIAN_POINT('',(-31.81445826851,9.664294573594,
    -0.911478996277));
#10113 = DIRECTION('',(0.,0.,1.));
#10114 = DIRECTION('',(1.,0.,0.));
#10115 = AXIS2_PLACEMENT_3D('',#10116,#10117,#10118);
#10116 = CARTESIAN_POINT('',(-30.41445674263,9.664294573594,
    -0.911478996277));
#10117 = DIRECTION('',(0.,0.,1.));
#10118 = DIRECTION('',(1.,0.,0.));
#10119 = AXIS2_PLACEMENT_3D('',#10120,#10121,#10122);
#10120 = CARTESIAN_POINT('',(-31.11445750557,9.664294573594,
    -0.911478996277));
#10121 = DIRECTION('',(0.,0.,1.));
#10122 = DIRECTION('',(1.,0.,0.));
#10123 = ( GEOMETRIC_REPRESENTATION_CONTEXT(3) 
GLOBAL_UNCERTAINTY_ASSIGNED_CONTEXT((#10127)) 
GLOBAL_UNIT_ASSIGNED_CONTEXT((#10124,#10125,#10126)) 
REPRESENTATION_CONTEXT('Context #1',
  '3D Context with UNIT and UNCERTAINTY') );
#10124 = ( LENGTH_UNIT() NAMED_UNIT(*) SI_UNIT(.MILLI.,.METRE.) );
#10125 = ( NAMED_UNIT(*) PLANE_ANGLE_UNIT() SI_UNIT($,.RADIAN.) );
#10126 = ( NAMED_UNIT(*) SI_UNIT($,.STERADIAN.) SOLID_ANGLE_UNIT() );
#10127 = UNCERTAINTY_MEASURE_WITH_UNIT(LENGTH_MEASURE(1.E-07),#10124,
  'distance_accuracy_value','confusion accuracy');
#10128 = CONTEXT_DEPENDENT_SHAPE_REPRESENTATION(#10129,#10131);
#10129 = ( REPRESENTATION_RELATIONSHIP('','',#1315,#10110) 
REPRESENTATION_RELATIONSHIP_WITH_TRANSFORMATION(#10130) 
SHAPE_REPRESENTATION_RELATIONSHIP() );
#10130 = ITEM_DEFINED_TRANSFORMATION('','',#11,#10111);
#10131 = PRODUCT_DEFINITION_SHAPE('Placement','Placement of an item',
  #10132);
#10132 = NEXT_ASSEMBLY_USAGE_OCCURRENCE('200','','',#10105,#1310,$);
#10133 = CONTEXT_DEPENDENT_SHAPE_REPRESENTATION(#10134,#10136);
#10134 = ( REPRESENTATION_RELATIONSHIP('','',#1315,#10110) 
REPRESENTATION_RELATIONSHIP_WITH_TRANSFORMATION(#10135) 
SHAPE_REPRESENTATION_RELATIONSHIP() );
#10135 = ITEM_DEFINED_TRANSFORMATION('','',#11,#10115);
#10136 = PRODUCT_DEFINITION_SHAPE('Placement','Placement of an item',
  #10137);
#10137 = NEXT_ASSEMBLY_USAGE_OCCURRENCE('201','','',#10105,#1310,$);
#10138 = CONTEXT_DEPENDENT_SHAPE_REPRESENTATION(#10139,#10141);
#10139 = ( REPRESENTATION_RELATIONSHIP('','',#1512,#10110) 
REPRESENTATION_RELATIONSHIP_WITH_TRANSFORMATION(#10140) 
SHAPE_REPRESENTATION_RELATIONSHIP() );
#10140 = ITEM_DEFINED_TRANSFORMATION('','',#11,#10119);
#10141 = PRODUCT_DEFINITION_SHAPE('Placement','Placement of an item',
  #10142);
#10142 = NEXT_ASSEMBLY_USAGE_OCCURRENCE('202','','',#10105,#1507,$);
#10143 = CONTEXT_DEPENDENT_SHAPE_REPRESENTATION(#10144,#10146);
#10144 = ( REPRESENTATION_RELATIONSHIP('','',#10110,#10) 
REPRESENTATION_RELATIONSHIP_WITH_TRANSFORMATION(#10145) 
SHAPE_REPRESENTATION_RELATIONSHIP() );
#10145 = ITEM_DEFINED_TRANSFORMATION('','',#11,#211);
#10146 = PRODUCT_DEFINITION_SHAPE('Placement','Placement of an item',
  #10147);
#10147 = NEXT_ASSEMBLY_USAGE_OCCURRENCE('203','','',#5,#10105,$);
#10148 = PRODUCT_RELATED_PRODUCT_CATEGORY('part',$,(#10107));
#10149 = SHAPE_DEFINITION_REPRESENTATION(#10150,#10156);
#10150 = PRODUCT_DEFINITION_SHAPE('','',#10151);
#10151 = PRODUCT_DEFINITION('design','',#10152,#10155);
#10152 = PRODUCT_DEFINITION_FORMATION('','',#10153);
#10153 = PRODUCT('R9','R9','',(#10154));
#10154 = PRODUCT_CONTEXT('',#2,'mechanical');
#10155 = PRODUCT_DEFINITION_CONTEXT('part definition',#2,'design');
#10156 = SHAPE_REPRESENTATION('',(#11,#10157,#10161,#10165),#10169);
#10157 = AXIS2_PLACEMENT_3D('',#10158,#10159,#10160);
#10158 = CARTESIAN_POINT('',(-24.56445826851,5.664302202988,
    -0.911478996277));
#10159 = DIRECTION('',(0.,0.,1.));
#10160 = DIRECTION('',(1.,0.,0.));
#10161 = AXIS2_PLACEMENT_3D('',#10162,#10163,#10164);
#10162 = CARTESIAN_POINT('',(-23.16445674263,5.664302202988,
    -0.911478996277));
#10163 = DIRECTION('',(0.,0.,1.));
#10164 = DIRECTION('',(1.,0.,0.));
#10165 = AXIS2_PLACEMENT_3D('',#10166,#10167,#10168);
#10166 = CARTESIAN_POINT('',(-23.86446132027,5.664302202988,
    -0.911478996277));
#10167 = DIRECTION('',(0.,0.,1.));
#10168 = DIRECTION('',(1.,0.,0.));
#10169 = ( GEOMETRIC_REPRESENTATION_CONTEXT(3) 
GLOBAL_UNCERTAINTY_ASSIGNED_CONTEXT((#10173)) 
GLOBAL_UNIT_ASSIGNED_CONTEXT((#10170,#10171,#10172)) 
REPRESENTATION_CONTEXT('Context #1',
  '3D Context with UNIT and UNCERTAINTY') );
#10170 = ( LENGTH_UNIT() NAMED_UNIT(*) SI_UNIT(.MILLI.,.METRE.) );
#10171 = ( NAMED_UNIT(*) PLANE_ANGLE_UNIT() SI_UNIT($,.RADIAN.) );
#10172 = ( NAMED_UNIT(*) SI_UNIT($,.STERADIAN.) SOLID_ANGLE_UNIT() );
#10173 = UNCERTAINTY_MEASURE_WITH_UNIT(LENGTH_MEASURE(1.E-07),#10170,
  'distance_accuracy_value','confusion accuracy');
#10174 = CONTEXT_DEPENDENT_SHAPE_REPRESENTATION(#10175,#10177);
#10175 = ( REPRESENTATION_RELATIONSHIP('','',#1315,#10156) 
REPRESENTATION_RELATIONSHIP_WITH_TRANSFORMATION(#10176) 
SHAPE_REPRESENTATION_RELATIONSHIP() );
#10176 = ITEM_DEFINED_TRANSFORMATION('','',#11,#10157);
#10177 = PRODUCT_DEFINITION_SHAPE('Placement','Placement of an item',
  #10178);
#10178 = NEXT_ASSEMBLY_USAGE_OCCURRENCE('204','','',#10151,#1310,$);
#10179 = CONTEXT_DEPENDENT_SHAPE_REPRESENTATION(#10180,#10182);
#10180 = ( REPRESENTATION_RELATIONSHIP('','',#1315,#10156) 
REPRESENTATION_RELATIONSHIP_WITH_TRANSFORMATION(#10181) 
SHAPE_REPRESENTATION_RELATIONSHIP() );
#10181 = ITEM_DEFINED_TRANSFORMATION('','',#11,#10161);
#10182 = PRODUCT_DEFINITION_SHAPE('Placement','Placement of an item',
  #10183);
#10183 = NEXT_ASSEMBLY_USAGE_OCCURRENCE('205','','',#10151,#1310,$);
#10184 = CONTEXT_DEPENDENT_SHAPE_REPRESENTATION(#10185,#10187);
#10185 = ( REPRESENTATION_RELATIONSHIP('','',#1512,#10156) 
REPRESENTATION_RELATIONSHIP_WITH_TRANSFORMATION(#10186) 
SHAPE_REPRESENTATION_RELATIONSHIP() );
#10186 = ITEM_DEFINED_TRANSFORMATION('','',#11,#10165);
#10187 = PRODUCT_DEFINITION_SHAPE('Placement','Placement of an item',
  #10188);
#10188 = NEXT_ASSEMBLY_USAGE_OCCURRENCE('206','','',#10151,#1507,$);
#10189 = CONTEXT_DEPENDENT_SHAPE_REPRESENTATION(#10190,#10192);
#10190 = ( REPRESENTATION_RELATIONSHIP('','',#10156,#10) 
REPRESENTATION_RELATIONSHIP_WITH_TRANSFORMATION(#10191) 
SHAPE_REPRESENTATION_RELATIONSHIP() );
#10191 = ITEM_DEFINED_TRANSFORMATION('','',#11,#215);
#10192 = PRODUCT_DEFINITION_SHAPE('Placement','Placement of an item',
  #10193);
#10193 = NEXT_ASSEMBLY_USAGE_OCCURRENCE('207','','',#5,#10151,$);
#10194 = PRODUCT_RELATED_PRODUCT_CATEGORY('part',$,(#10153));
#10195 = SHAPE_DEFINITION_REPRESENTATION(#10196,#10202);
#10196 = PRODUCT_DEFINITION_SHAPE('','',#10197);
#10197 = PRODUCT_DEFINITION('design','',#10198,#10201);
#10198 = PRODUCT_DEFINITION_FORMATION('','',#10199);
#10199 = PRODUCT('R8','R8','',(#10200));
#10200 = PRODUCT_CONTEXT('',#2,'mechanical');
#10201 = PRODUCT_DEFINITION_CONTEXT('part definition',#2,'design');
#10202 = SHAPE_REPRESENTATION('',(#11,#10203,#10207,#10211),#10215);
#10203 = AXIS2_PLACEMENT_3D('',#10204,#10205,#10206);
#10204 = CARTESIAN_POINT('',(-21.39999904,5.649997088242,-0.911478996277
    ));
#10205 = DIRECTION('',(0.,0.,1.));
#10206 = DIRECTION('',(1.,0.,0.));
#10207 = AXIS2_PLACEMENT_3D('',#10208,#10209,#10210);
#10208 = CARTESIAN_POINT('',(-21.39999904,4.249995562363,-0.911478996277
    ));
#10209 = DIRECTION('',(0.,0.,1.));
#10210 = DIRECTION('',(1.,0.,0.));
#10211 = AXIS2_PLACEMENT_3D('',#10212,#10213,#10214);
#10212 = CARTESIAN_POINT('',(-21.39999904,4.95000014,-0.911478996277));
#10213 = DIRECTION('',(0.,0.,1.));
#10214 = DIRECTION('',(1.,0.,0.));
#10215 = ( GEOMETRIC_REPRESENTATION_CONTEXT(3) 
GLOBAL_UNCERTAINTY_ASSIGNED_CONTEXT((#10219)) 
GLOBAL_UNIT_ASSIGNED_CONTEXT((#10216,#10217,#10218)) 
REPRESENTATION_CONTEXT('Context #1',
  '3D Context with UNIT and UNCERTAINTY') );
#10216 = ( LENGTH_UNIT() NAMED_UNIT(*) SI_UNIT(.MILLI.,.METRE.) );
#10217 = ( NAMED_UNIT(*) PLANE_ANGLE_UNIT() SI_UNIT($,.RADIAN.) );
#10218 = ( NAMED_UNIT(*) SI_UNIT($,.STERADIAN.) SOLID_ANGLE_UNIT() );
#10219 = UNCERTAINTY_MEASURE_WITH_UNIT(LENGTH_MEASURE(1.E-07),#10216,
  'distance_accuracy_value','confusion accuracy');
#10220 = CONTEXT_DEPENDENT_SHAPE_REPRESENTATION(#10221,#10223);
#10221 = ( REPRESENTATION_RELATIONSHIP('','',#7783,#10202) 
REPRESENTATION_RELATIONSHIP_WITH_TRANSFORMATION(#10222) 
SHAPE_REPRESENTATION_RELATIONSHIP() );
#10222 = ITEM_DEFINED_TRANSFORMATION('','',#11,#10203);
#10223 = PRODUCT_DEFINITION_SHAPE('Placement','Placement of an item',
  #10224);
#10224 = NEXT_ASSEMBLY_USAGE_OCCURRENCE('208','','',#10197,#7778,$);
#10225 = CONTEXT_DEPENDENT_SHAPE_REPRESENTATION(#10226,#10228);
#10226 = ( REPRESENTATION_RELATIONSHIP('','',#7783,#10202) 
REPRESENTATION_RELATIONSHIP_WITH_TRANSFORMATION(#10227) 
SHAPE_REPRESENTATION_RELATIONSHIP() );
#10227 = ITEM_DEFINED_TRANSFORMATION('','',#11,#10207);
#10228 = PRODUCT_DEFINITION_SHAPE('Placement','Placement of an item',
  #10229);
#10229 = NEXT_ASSEMBLY_USAGE_OCCURRENCE('209','','',#10197,#7778,$);
#10230 = CONTEXT_DEPENDENT_SHAPE_REPRESENTATION(#10231,#10233);
#10231 = ( REPRESENTATION_RELATIONSHIP('','',#7980,#10202) 
REPRESENTATION_RELATIONSHIP_WITH_TRANSFORMATION(#10232) 
SHAPE_REPRESENTATION_RELATIONSHIP() );
#10232 = ITEM_DEFINED_TRANSFORMATION('','',#11,#10211);
#10233 = PRODUCT_DEFINITION_SHAPE('Placement','Placement of an item',
  #10234);
#10234 = NEXT_ASSEMBLY_USAGE_OCCURRENCE('210','','',#10197,#7975,$);
#10235 = CONTEXT_DEPENDENT_SHAPE_REPRESENTATION(#10236,#10238);
#10236 = ( REPRESENTATION_RELATIONSHIP('','',#10202,#10) 
REPRESENTATION_RELATIONSHIP_WITH_TRANSFORMATION(#10237) 
SHAPE_REPRESENTATION_RELATIONSHIP() );
#10237 = ITEM_DEFINED_TRANSFORMATION('','',#11,#219);
#10238 = PRODUCT_DEFINITION_SHAPE('Placement','Placement of an item',
  #10239);
#10239 = NEXT_ASSEMBLY_USAGE_OCCURRENCE('211','','',#5,#10197,$);
#10240 = PRODUCT_RELATED_PRODUCT_CATEGORY('part',$,(#10199));
#10241 = SHAPE_DEFINITION_REPRESENTATION(#10242,#10248);
#10242 = PRODUCT_DEFINITION_SHAPE('','',#10243);
#10243 = PRODUCT_DEFINITION('design','',#10244,#10247);
#10244 = PRODUCT_DEFINITION_FORMATION('','',#10245);
#10245 = PRODUCT('R7','R7','',(#10246));
#10246 = PRODUCT_CONTEXT('',#2,'mechanical');
#10247 = PRODUCT_DEFINITION_CONTEXT('part definition',#2,'design');
#10248 = SHAPE_REPRESENTATION('',(#11,#10249,#10253,#10257),#10261);
#10249 = AXIS2_PLACEMENT_3D('',#10250,#10251,#10252);
#10250 = CARTESIAN_POINT('',(-31.81445445381,4.664302202988,
    -0.911478996277));
#10251 = DIRECTION('',(0.,0.,1.));
#10252 = DIRECTION('',(1.,0.,0.));
#10253 = AXIS2_PLACEMENT_3D('',#10254,#10255,#10256);
#10254 = CARTESIAN_POINT('',(-30.41445674263,4.664302202988,
    -0.911478996277));
#10255 = DIRECTION('',(0.,0.,1.));
#10256 = DIRECTION('',(1.,0.,0.));
#10257 = AXIS2_PLACEMENT_3D('',#10258,#10259,#10260);
#10258 = CARTESIAN_POINT('',(-31.11445750557,4.664302202988,
    -0.911478996277));
#10259 = DIRECTION('',(0.,0.,1.));
#10260 = DIRECTION('',(1.,0.,0.));
#10261 = ( GEOMETRIC_REPRESENTATION_CONTEXT(3) 
GLOBAL_UNCERTAINTY_ASSIGNED_CONTEXT((#10265)) 
GLOBAL_UNIT_ASSIGNED_CONTEXT((#10262,#10263,#10264)) 
REPRESENTATION_CONTEXT('Context #1',
  '3D Context with UNIT and UNCERTAINTY') );
#10262 = ( LENGTH_UNIT() NAMED_UNIT(*) SI_UNIT(.MILLI.,.METRE.) );
#10263 = ( NAMED_UNIT(*) PLANE_ANGLE_UNIT() SI_UNIT($,.RADIAN.) );
#10264 = ( NAMED_UNIT(*) SI_UNIT($,.STERADIAN.) SOLID_ANGLE_UNIT() );
#10265 = UNCERTAINTY_MEASURE_WITH_UNIT(LENGTH_MEASURE(1.E-07),#10262,
  'distance_accuracy_value','confusion accuracy');
#10266 = CONTEXT_DEPENDENT_SHAPE_REPRESENTATION(#10267,#10269);
#10267 = ( REPRESENTATION_RELATIONSHIP('','',#1315,#10248) 
REPRESENTATION_RELATIONSHIP_WITH_TRANSFORMATION(#10268) 
SHAPE_REPRESENTATION_RELATIONSHIP() );
#10268 = ITEM_DEFINED_TRANSFORMATION('','',#11,#10249);
#10269 = PRODUCT_DEFINITION_SHAPE('Placement','Placement of an item',
  #10270);
#10270 = NEXT_ASSEMBLY_USAGE_OCCURRENCE('212','','',#10243,#1310,$);
#10271 = CONTEXT_DEPENDENT_SHAPE_REPRESENTATION(#10272,#10274);
#10272 = ( REPRESENTATION_RELATIONSHIP('','',#1315,#10248) 
REPRESENTATION_RELATIONSHIP_WITH_TRANSFORMATION(#10273) 
SHAPE_REPRESENTATION_RELATIONSHIP() );
#10273 = ITEM_DEFINED_TRANSFORMATION('','',#11,#10253);
#10274 = PRODUCT_DEFINITION_SHAPE('Placement','Placement of an item',
  #10275);
#10275 = NEXT_ASSEMBLY_USAGE_OCCURRENCE('213','','',#10243,#1310,$);
#10276 = CONTEXT_DEPENDENT_SHAPE_REPRESENTATION(#10277,#10279);
#10277 = ( REPRESENTATION_RELATIONSHIP('','',#1512,#10248) 
REPRESENTATION_RELATIONSHIP_WITH_TRANSFORMATION(#10278) 
SHAPE_REPRESENTATION_RELATIONSHIP() );
#10278 = ITEM_DEFINED_TRANSFORMATION('','',#11,#10257);
#10279 = PRODUCT_DEFINITION_SHAPE('Placement','Placement of an item',
  #10280);
#10280 = NEXT_ASSEMBLY_USAGE_OCCURRENCE('214','','',#10243,#1507,$);
#10281 = CONTEXT_DEPENDENT_SHAPE_REPRESENTATION(#10282,#10284);
#10282 = ( REPRESENTATION_RELATIONSHIP('','',#10248,#10) 
REPRESENTATION_RELATIONSHIP_WITH_TRANSFORMATION(#10283) 
SHAPE_REPRESENTATION_RELATIONSHIP() );
#10283 = ITEM_DEFINED_TRANSFORMATION('','',#11,#223);
#10284 = PRODUCT_DEFINITION_SHAPE('Placement','Placement of an item',
  #10285);
#10285 = NEXT_ASSEMBLY_USAGE_OCCURRENCE('215','','',#5,#10243,$);
#10286 = PRODUCT_RELATED_PRODUCT_CATEGORY('part',$,(#10245));
#10287 = SHAPE_DEFINITION_REPRESENTATION(#10288,#10294);
#10288 = PRODUCT_DEFINITION_SHAPE('','',#10289);
#10289 = PRODUCT_DEFINITION('design','',#10290,#10293);
#10290 = PRODUCT_DEFINITION_FORMATION('','',#10291);
#10291 = PRODUCT('R6','R6','',(#10292));
#10292 = PRODUCT_CONTEXT('',#2,'mechanical');
#10293 = PRODUCT_DEFINITION_CONTEXT('part definition',#2,'design');
#10294 = SHAPE_REPRESENTATION('',(#11,#10295,#10299,#10303),#10307);
#10295 = AXIS2_PLACEMENT_3D('',#10296,#10297,#10298);
#10296 = CARTESIAN_POINT('',(-24.94613398873,0.495517107773,
    -0.911478996277));
#10297 = DIRECTION('',(0.,0.,1.));
#10298 = DIRECTION('',(1.,0.,0.));
#10299 = AXIS2_PLACEMENT_3D('',#10300,#10301,#10302);
#10300 = CARTESIAN_POINT('',(-23.54614009224,0.495517107773,
    -0.911478996277));
#10301 = DIRECTION('',(0.,0.,1.));
#10302 = DIRECTION('',(1.,0.,0.));
#10303 = AXIS2_PLACEMENT_3D('',#10304,#10305,#10306);
#10304 = CARTESIAN_POINT('',(-24.24613704048,0.495517107773,
    -0.911478996277));
#10305 = DIRECTION('',(0.,0.,1.));
#10306 = DIRECTION('',(1.,0.,0.));
#10307 = ( GEOMETRIC_REPRESENTATION_CONTEXT(3) 
GLOBAL_UNCERTAINTY_ASSIGNED_CONTEXT((#10311)) 
GLOBAL_UNIT_ASSIGNED_CONTEXT((#10308,#10309,#10310)) 
REPRESENTATION_CONTEXT('Context #1',
  '3D Context with UNIT and UNCERTAINTY') );
#10308 = ( LENGTH_UNIT() NAMED_UNIT(*) SI_UNIT(.MILLI.,.METRE.) );
#10309 = ( NAMED_UNIT(*) PLANE_ANGLE_UNIT() SI_UNIT($,.RADIAN.) );
#10310 = ( NAMED_UNIT(*) SI_UNIT($,.STERADIAN.) SOLID_ANGLE_UNIT() );
#10311 = UNCERTAINTY_MEASURE_WITH_UNIT(LENGTH_MEASURE(1.E-07),#10308,
  'distance_accuracy_value','confusion accuracy');
#10312 = CONTEXT_DEPENDENT_SHAPE_REPRESENTATION(#10313,#10315);
#10313 = ( REPRESENTATION_RELATIONSHIP('','',#1315,#10294) 
REPRESENTATION_RELATIONSHIP_WITH_TRANSFORMATION(#10314) 
SHAPE_REPRESENTATION_RELATIONSHIP() );
#10314 = ITEM_DEFINED_TRANSFORMATION('','',#11,#10295);
#10315 = PRODUCT_DEFINITION_SHAPE('Placement','Placement of an item',
  #10316);
#10316 = NEXT_ASSEMBLY_USAGE_OCCURRENCE('216','','',#10289,#1310,$);
#10317 = CONTEXT_DEPENDENT_SHAPE_REPRESENTATION(#10318,#10320);
#10318 = ( REPRESENTATION_RELATIONSHIP('','',#1315,#10294) 
REPRESENTATION_RELATIONSHIP_WITH_TRANSFORMATION(#10319) 
SHAPE_REPRESENTATION_RELATIONSHIP() );
#10319 = ITEM_DEFINED_TRANSFORMATION('','',#11,#10299);
#10320 = PRODUCT_DEFINITION_SHAPE('Placement','Placement of an item',
  #10321);
#10321 = NEXT_ASSEMBLY_USAGE_OCCURRENCE('217','','',#10289,#1310,$);
#10322 = CONTEXT_DEPENDENT_SHAPE_REPRESENTATION(#10323,#10325);
#10323 = ( REPRESENTATION_RELATIONSHIP('','',#1512,#10294) 
REPRESENTATION_RELATIONSHIP_WITH_TRANSFORMATION(#10324) 
SHAPE_REPRESENTATION_RELATIONSHIP() );
#10324 = ITEM_DEFINED_TRANSFORMATION('','',#11,#10303);
#10325 = PRODUCT_DEFINITION_SHAPE('Placement','Placement of an item',
  #10326);
#10326 = NEXT_ASSEMBLY_USAGE_OCCURRENCE('218','','',#10289,#1507,$);
#10327 = CONTEXT_DEPENDENT_SHAPE_REPRESENTATION(#10328,#10330);
#10328 = ( REPRESENTATION_RELATIONSHIP('','',#10294,#10) 
REPRESENTATION_RELATIONSHIP_WITH_TRANSFORMATION(#10329) 
SHAPE_REPRESENTATION_RELATIONSHIP() );
#10329 = ITEM_DEFINED_TRANSFORMATION('','',#11,#227);
#10330 = PRODUCT_DEFINITION_SHAPE('Placement','Placement of an item',
  #10331);
#10331 = NEXT_ASSEMBLY_USAGE_OCCURRENCE('219','','',#5,#10289,$);
#10332 = PRODUCT_RELATED_PRODUCT_CATEGORY('part',$,(#10291));
#10333 = SHAPE_DEFINITION_REPRESENTATION(#10334,#10340);
#10334 = PRODUCT_DEFINITION_SHAPE('','',#10335);
#10335 = PRODUCT_DEFINITION('design','',#10336,#10339);
#10336 = PRODUCT_DEFINITION_FORMATION('','',#10337);
#10337 = PRODUCT('R5','R5','',(#10338));
#10338 = PRODUCT_CONTEXT('',#2,'mechanical');
#10339 = PRODUCT_DEFINITION_CONTEXT('part definition',#2,'design');
#10340 = SHAPE_REPRESENTATION('',(#11,#10341,#10345,#10349),#10353);
#10341 = AXIS2_PLACEMENT_3D('',#10342,#10343,#10344);
#10342 = CARTESIAN_POINT('',(-21.89999904,0.399997088242,-0.911478996277
    ));
#10343 = DIRECTION('',(0.,0.,1.));
#10344 = DIRECTION('',(1.,0.,0.));
#10345 = AXIS2_PLACEMENT_3D('',#10346,#10347,#10348);
#10346 = CARTESIAN_POINT('',(-21.89999904,-0.999996808242,
    -0.911478996277));
#10347 = DIRECTION('',(0.,0.,1.));
#10348 = DIRECTION('',(1.,0.,0.));
#10349 = AXIS2_PLACEMENT_3D('',#10350,#10351,#10352);
#10350 = CARTESIAN_POINT('',(-21.89999904,-0.29999986,-0.911478996277));
#10351 = DIRECTION('',(0.,0.,1.));
#10352 = DIRECTION('',(1.,0.,0.));
#10353 = ( GEOMETRIC_REPRESENTATION_CONTEXT(3) 
GLOBAL_UNCERTAINTY_ASSIGNED_CONTEXT((#10357)) 
GLOBAL_UNIT_ASSIGNED_CONTEXT((#10354,#10355,#10356)) 
REPRESENTATION_CONTEXT('Context #1',
  '3D Context with UNIT and UNCERTAINTY') );
#10354 = ( LENGTH_UNIT() NAMED_UNIT(*) SI_UNIT(.MILLI.,.METRE.) );
#10355 = ( NAMED_UNIT(*) PLANE_ANGLE_UNIT() SI_UNIT($,.RADIAN.) );
#10356 = ( NAMED_UNIT(*) SI_UNIT($,.STERADIAN.) SOLID_ANGLE_UNIT() );
#10357 = UNCERTAINTY_MEASURE_WITH_UNIT(LENGTH_MEASURE(1.E-07),#10354,
  'distance_accuracy_value','confusion accuracy');
#10358 = CONTEXT_DEPENDENT_SHAPE_REPRESENTATION(#10359,#10361);
#10359 = ( REPRESENTATION_RELATIONSHIP('','',#7783,#10340) 
REPRESENTATION_RELATIONSHIP_WITH_TRANSFORMATION(#10360) 
SHAPE_REPRESENTATION_RELATIONSHIP() );
#10360 = ITEM_DEFINED_TRANSFORMATION('','',#11,#10341);
#10361 = PRODUCT_DEFINITION_SHAPE('Placement','Placement of an item',
  #10362);
#10362 = NEXT_ASSEMBLY_USAGE_OCCURRENCE('220','','',#10335,#7778,$);
#10363 = CONTEXT_DEPENDENT_SHAPE_REPRESENTATION(#10364,#10366);
#10364 = ( REPRESENTATION_RELATIONSHIP('','',#7783,#10340) 
REPRESENTATION_RELATIONSHIP_WITH_TRANSFORMATION(#10365) 
SHAPE_REPRESENTATION_RELATIONSHIP() );
#10365 = ITEM_DEFINED_TRANSFORMATION('','',#11,#10345);
#10366 = PRODUCT_DEFINITION_SHAPE('Placement','Placement of an item',
  #10367);
#10367 = NEXT_ASSEMBLY_USAGE_OCCURRENCE('221','','',#10335,#7778,$);
#10368 = CONTEXT_DEPENDENT_SHAPE_REPRESENTATION(#10369,#10371);
#10369 = ( REPRESENTATION_RELATIONSHIP('','',#7980,#10340) 
REPRESENTATION_RELATIONSHIP_WITH_TRANSFORMATION(#10370) 
SHAPE_REPRESENTATION_RELATIONSHIP() );
#10370 = ITEM_DEFINED_TRANSFORMATION('','',#11,#10349);
#10371 = PRODUCT_DEFINITION_SHAPE('Placement','Placement of an item',
  #10372);
#10372 = NEXT_ASSEMBLY_USAGE_OCCURRENCE('222','','',#10335,#7975,$);
#10373 = CONTEXT_DEPENDENT_SHAPE_REPRESENTATION(#10374,#10376);
#10374 = ( REPRESENTATION_RELATIONSHIP('','',#10340,#10) 
REPRESENTATION_RELATIONSHIP_WITH_TRANSFORMATION(#10375) 
SHAPE_REPRESENTATION_RELATIONSHIP() );
#10375 = ITEM_DEFINED_TRANSFORMATION('','',#11,#231);
#10376 = PRODUCT_DEFINITION_SHAPE('Placement','Placement of an item',
  #10377);
#10377 = NEXT_ASSEMBLY_USAGE_OCCURRENCE('223','','',#5,#10335,$);
#10378 = PRODUCT_RELATED_PRODUCT_CATEGORY('part',$,(#10337));
#10379 = SHAPE_DEFINITION_REPRESENTATION(#10380,#10386);
#10380 = PRODUCT_DEFINITION_SHAPE('','',#10381);
#10381 = PRODUCT_DEFINITION('design','',#10382,#10385);
#10382 = PRODUCT_DEFINITION_FORMATION('','',#10383);
#10383 = PRODUCT('R4','R4','',(#10384));
#10384 = PRODUCT_CONTEXT('',#2,'mechanical');
#10385 = PRODUCT_DEFINITION_CONTEXT('part definition',#2,'design');
#10386 = SHAPE_REPRESENTATION('',(#11,#10387,#10391,#10395),#10399);
#10387 = AXIS2_PLACEMENT_3D('',#10388,#10389,#10390);
#10388 = CARTESIAN_POINT('',(-32.44613780342,-0.504490521621,
    -0.911478996277));
#10389 = DIRECTION('',(0.,0.,1.));
#10390 = DIRECTION('',(1.,0.,0.));
#10391 = AXIS2_PLACEMENT_3D('',#10392,#10393,#10394);
#10392 = CARTESIAN_POINT('',(-31.04613627754,-0.504490521621,
    -0.911478996277));
#10393 = DIRECTION('',(0.,0.,1.));
#10394 = DIRECTION('',(1.,0.,0.));
#10395 = AXIS2_PLACEMENT_3D('',#10396,#10397,#10398);
#10396 = CARTESIAN_POINT('',(-31.74614085518,-0.504490521621,
    -0.911478996277));
#10397 = DIRECTION('',(0.,0.,1.));
#10398 = DIRECTION('',(1.,0.,0.));
#10399 = ( GEOMETRIC_REPRESENTATION_CONTEXT(3) 
GLOBAL_UNCERTAINTY_ASSIGNED_CONTEXT((#10403)) 
GLOBAL_UNIT_ASSIGNED_CONTEXT((#10400,#10401,#10402)) 
REPRESENTATION_CONTEXT('Context #1',
  '3D Context with UNIT and UNCERTAINTY') );
#10400 = ( LENGTH_UNIT() NAMED_UNIT(*) SI_UNIT(.MILLI.,.METRE.) );
#10401 = ( NAMED_UNIT(*) PLANE_ANGLE_UNIT() SI_UNIT($,.RADIAN.) );
#10402 = ( NAMED_UNIT(*) SI_UNIT($,.STERADIAN.) SOLID_ANGLE_UNIT() );
#10403 = UNCERTAINTY_MEASURE_WITH_UNIT(LENGTH_MEASURE(1.E-07),#10400,
  'distance_accuracy_value','confusion accuracy');
#10404 = CONTEXT_DEPENDENT_SHAPE_REPRESENTATION(#10405,#10407);
#10405 = ( REPRESENTATION_RELATIONSHIP('','',#1315,#10386) 
REPRESENTATION_RELATIONSHIP_WITH_TRANSFORMATION(#10406) 
SHAPE_REPRESENTATION_RELATIONSHIP() );
#10406 = ITEM_DEFINED_TRANSFORMATION('','',#11,#10387);
#10407 = PRODUCT_DEFINITION_SHAPE('Placement','Placement of an item',
  #10408);
#10408 = NEXT_ASSEMBLY_USAGE_OCCURRENCE('224','','',#10381,#1310,$);
#10409 = CONTEXT_DEPENDENT_SHAPE_REPRESENTATION(#10410,#10412);
#10410 = ( REPRESENTATION_RELATIONSHIP('','',#1315,#10386) 
REPRESENTATION_RELATIONSHIP_WITH_TRANSFORMATION(#10411) 
SHAPE_REPRESENTATION_RELATIONSHIP() );
#10411 = ITEM_DEFINED_TRANSFORMATION('','',#11,#10391);
#10412 = PRODUCT_DEFINITION_SHAPE('Placement','Placement of an item',
  #10413);
#10413 = NEXT_ASSEMBLY_USAGE_OCCURRENCE('225','','',#10381,#1310,$);
#10414 = CONTEXT_DEPENDENT_SHAPE_REPRESENTATION(#10415,#10417);
#10415 = ( REPRESENTATION_RELATIONSHIP('','',#1512,#10386) 
REPRESENTATION_RELATIONSHIP_WITH_TRANSFORMATION(#10416) 
SHAPE_REPRESENTATION_RELATIONSHIP() );
#10416 = ITEM_DEFINED_TRANSFORMATION('','',#11,#10395);
#10417 = PRODUCT_DEFINITION_SHAPE('Placement','Placement of an item',
  #10418);
#10418 = NEXT_ASSEMBLY_USAGE_OCCURRENCE('226','','',#10381,#1507,$);
#10419 = CONTEXT_DEPENDENT_SHAPE_REPRESENTATION(#10420,#10422);
#10420 = ( REPRESENTATION_RELATIONSHIP('','',#10386,#10) 
REPRESENTATION_RELATIONSHIP_WITH_TRANSFORMATION(#10421) 
SHAPE_REPRESENTATION_RELATIONSHIP() );
#10421 = ITEM_DEFINED_TRANSFORMATION('','',#11,#235);
#10422 = PRODUCT_DEFINITION_SHAPE('Placement','Placement of an item',
  #10423);
#10423 = NEXT_ASSEMBLY_USAGE_OCCURRENCE('227','','',#5,#10381,$);
#10424 = PRODUCT_RELATED_PRODUCT_CATEGORY('part',$,(#10383));
#10425 = SHAPE_DEFINITION_REPRESENTATION(#10426,#10432);
#10426 = PRODUCT_DEFINITION_SHAPE('','',#10427);
#10427 = PRODUCT_DEFINITION('design','',#10428,#10431);
#10428 = PRODUCT_DEFINITION_FORMATION('','',#10429);
#10429 = PRODUCT('R3','R3','',(#10430));
#10430 = PRODUCT_CONTEXT('',#2,'mechanical');
#10431 = PRODUCT_DEFINITION_CONTEXT('part definition',#2,'design');
#10432 = SHAPE_REPRESENTATION('',(#11,#10433,#10437,#10441),#10445);
#10433 = AXIS2_PLACEMENT_3D('',#10434,#10435,#10436);
#10434 = CARTESIAN_POINT('',(-25.06445826851,-4.835705426406,
    -0.911478996277));
#10435 = DIRECTION('',(0.,0.,1.));
#10436 = DIRECTION('',(1.,0.,0.));
#10437 = AXIS2_PLACEMENT_3D('',#10438,#10439,#10440);
#10438 = CARTESIAN_POINT('',(-23.66446437203,-4.835705426406,
    -0.911478996277));
#10439 = DIRECTION('',(0.,0.,1.));
#10440 = DIRECTION('',(1.,0.,0.));
#10441 = AXIS2_PLACEMENT_3D('',#10442,#10443,#10444);
#10442 = CARTESIAN_POINT('',(-24.36446132027,-4.835705426406,
    -0.911478996277));
#10443 = DIRECTION('',(0.,0.,1.));
#10444 = DIRECTION('',(1.,0.,0.));
#10445 = ( GEOMETRIC_REPRESENTATION_CONTEXT(3) 
GLOBAL_UNCERTAINTY_ASSIGNED_CONTEXT((#10449)) 
GLOBAL_UNIT_ASSIGNED_CONTEXT((#10446,#10447,#10448)) 
REPRESENTATION_CONTEXT('Context #1',
  '3D Context with UNIT and UNCERTAINTY') );
#10446 = ( LENGTH_UNIT() NAMED_UNIT(*) SI_UNIT(.MILLI.,.METRE.) );
#10447 = ( NAMED_UNIT(*) PLANE_ANGLE_UNIT() SI_UNIT($,.RADIAN.) );
#10448 = ( NAMED_UNIT(*) SI_UNIT($,.STERADIAN.) SOLID_ANGLE_UNIT() );
#10449 = UNCERTAINTY_MEASURE_WITH_UNIT(LENGTH_MEASURE(1.E-07),#10446,
  'distance_accuracy_value','confusion accuracy');
#10450 = CONTEXT_DEPENDENT_SHAPE_REPRESENTATION(#10451,#10453);
#10451 = ( REPRESENTATION_RELATIONSHIP('','',#1315,#10432) 
REPRESENTATION_RELATIONSHIP_WITH_TRANSFORMATION(#10452) 
SHAPE_REPRESENTATION_RELATIONSHIP() );
#10452 = ITEM_DEFINED_TRANSFORMATION('','',#11,#10433);
#10453 = PRODUCT_DEFINITION_SHAPE('Placement','Placement of an item',
  #10454);
#10454 = NEXT_ASSEMBLY_USAGE_OCCURRENCE('228','','',#10427,#1310,$);
#10455 = CONTEXT_DEPENDENT_SHAPE_REPRESENTATION(#10456,#10458);
#10456 = ( REPRESENTATION_RELATIONSHIP('','',#1315,#10432) 
REPRESENTATION_RELATIONSHIP_WITH_TRANSFORMATION(#10457) 
SHAPE_REPRESENTATION_RELATIONSHIP() );
#10457 = ITEM_DEFINED_TRANSFORMATION('','',#11,#10437);
#10458 = PRODUCT_DEFINITION_SHAPE('Placement','Placement of an item',
  #10459);
#10459 = NEXT_ASSEMBLY_USAGE_OCCURRENCE('229','','',#10427,#1310,$);
#10460 = CONTEXT_DEPENDENT_SHAPE_REPRESENTATION(#10461,#10463);
#10461 = ( REPRESENTATION_RELATIONSHIP('','',#1512,#10432) 
REPRESENTATION_RELATIONSHIP_WITH_TRANSFORMATION(#10462) 
SHAPE_REPRESENTATION_RELATIONSHIP() );
#10462 = ITEM_DEFINED_TRANSFORMATION('','',#11,#10441);
#10463 = PRODUCT_DEFINITION_SHAPE('Placement','Placement of an item',
  #10464);
#10464 = NEXT_ASSEMBLY_USAGE_OCCURRENCE('230','','',#10427,#1507,$);
#10465 = CONTEXT_DEPENDENT_SHAPE_REPRESENTATION(#10466,#10468);
#10466 = ( REPRESENTATION_RELATIONSHIP('','',#10432,#10) 
REPRESENTATION_RELATIONSHIP_WITH_TRANSFORMATION(#10467) 
SHAPE_REPRESENTATION_RELATIONSHIP() );
#10467 = ITEM_DEFINED_TRANSFORMATION('','',#11,#239);
#10468 = PRODUCT_DEFINITION_SHAPE('Placement','Placement of an item',
  #10469);
#10469 = NEXT_ASSEMBLY_USAGE_OCCURRENCE('231','','',#5,#10427,$);
#10470 = PRODUCT_RELATED_PRODUCT_CATEGORY('part',$,(#10429));
#10471 = SHAPE_DEFINITION_REPRESENTATION(#10472,#10478);
#10472 = PRODUCT_DEFINITION_SHAPE('','',#10473);
#10473 = PRODUCT_DEFINITION('design','',#10474,#10477);
#10474 = PRODUCT_DEFINITION_FORMATION('','',#10475);
#10475 = PRODUCT('R2','R2','',(#10476));
#10476 = PRODUCT_CONTEXT('',#2,'mechanical');
#10477 = PRODUCT_DEFINITION_CONTEXT('part definition',#2,'design');
#10478 = SHAPE_REPRESENTATION('',(#11,#10479,#10483,#10487),#10491);
#10479 = AXIS2_PLACEMENT_3D('',#10480,#10481,#10482);
#10480 = CARTESIAN_POINT('',(-21.86446132027,-4.885708478164,
    -0.911478996277));
#10481 = DIRECTION('',(0.,0.,1.));
#10482 = DIRECTION('',(1.,0.,0.));
#10483 = AXIS2_PLACEMENT_3D('',#10484,#10485,#10486);
#10484 = CARTESIAN_POINT('',(-21.86446132027,-6.285710004043,
    -0.911478996277));
#10485 = DIRECTION('',(0.,0.,1.));
#10486 = DIRECTION('',(1.,0.,0.));
#10487 = AXIS2_PLACEMENT_3D('',#10488,#10489,#10490);
#10488 = CARTESIAN_POINT('',(-21.86446132027,-5.585705426406,
    -0.911478996277));
#10489 = DIRECTION('',(0.,0.,1.));
#10490 = DIRECTION('',(1.,0.,0.));
#10491 = ( GEOMETRIC_REPRESENTATION_CONTEXT(3) 
GLOBAL_UNCERTAINTY_ASSIGNED_CONTEXT((#10495)) 
GLOBAL_UNIT_ASSIGNED_CONTEXT((#10492,#10493,#10494)) 
REPRESENTATION_CONTEXT('Context #1',
  '3D Context with UNIT and UNCERTAINTY') );
#10492 = ( LENGTH_UNIT() NAMED_UNIT(*) SI_UNIT(.MILLI.,.METRE.) );
#10493 = ( NAMED_UNIT(*) PLANE_ANGLE_UNIT() SI_UNIT($,.RADIAN.) );
#10494 = ( NAMED_UNIT(*) SI_UNIT($,.STERADIAN.) SOLID_ANGLE_UNIT() );
#10495 = UNCERTAINTY_MEASURE_WITH_UNIT(LENGTH_MEASURE(1.E-07),#10492,
  'distance_accuracy_value','confusion accuracy');
#10496 = CONTEXT_DEPENDENT_SHAPE_REPRESENTATION(#10497,#10499);
#10497 = ( REPRESENTATION_RELATIONSHIP('','',#7783,#10478) 
REPRESENTATION_RELATIONSHIP_WITH_TRANSFORMATION(#10498) 
SHAPE_REPRESENTATION_RELATIONSHIP() );
#10498 = ITEM_DEFINED_TRANSFORMATION('','',#11,#10479);
#10499 = PRODUCT_DEFINITION_SHAPE('Placement','Placement of an item',
  #10500);
#10500 = NEXT_ASSEMBLY_USAGE_OCCURRENCE('232','','',#10473,#7778,$);
#10501 = CONTEXT_DEPENDENT_SHAPE_REPRESENTATION(#10502,#10504);
#10502 = ( REPRESENTATION_RELATIONSHIP('','',#7783,#10478) 
REPRESENTATION_RELATIONSHIP_WITH_TRANSFORMATION(#10503) 
SHAPE_REPRESENTATION_RELATIONSHIP() );
#10503 = ITEM_DEFINED_TRANSFORMATION('','',#11,#10483);
#10504 = PRODUCT_DEFINITION_SHAPE('Placement','Placement of an item',
  #10505);
#10505 = NEXT_ASSEMBLY_USAGE_OCCURRENCE('233','','',#10473,#7778,$);
#10506 = CONTEXT_DEPENDENT_SHAPE_REPRESENTATION(#10507,#10509);
#10507 = ( REPRESENTATION_RELATIONSHIP('','',#7980,#10478) 
REPRESENTATION_RELATIONSHIP_WITH_TRANSFORMATION(#10508) 
SHAPE_REPRESENTATION_RELATIONSHIP() );
#10508 = ITEM_DEFINED_TRANSFORMATION('','',#11,#10487);
#10509 = PRODUCT_DEFINITION_SHAPE('Placement','Placement of an item',
  #10510);
#10510 = NEXT_ASSEMBLY_USAGE_OCCURRENCE('234','','',#10473,#7975,$);
#10511 = CONTEXT_DEPENDENT_SHAPE_REPRESENTATION(#10512,#10514);
#10512 = ( REPRESENTATION_RELATIONSHIP('','',#10478,#10) 
REPRESENTATION_RELATIONSHIP_WITH_TRANSFORMATION(#10513) 
SHAPE_REPRESENTATION_RELATIONSHIP() );
#10513 = ITEM_DEFINED_TRANSFORMATION('','',#11,#243);
#10514 = PRODUCT_DEFINITION_SHAPE('Placement','Placement of an item',
  #10515);
#10515 = NEXT_ASSEMBLY_USAGE_OCCURRENCE('235','','',#5,#10473,$);
#10516 = PRODUCT_RELATED_PRODUCT_CATEGORY('part',$,(#10475));
#10517 = SHAPE_DEFINITION_REPRESENTATION(#10518,#10524);
#10518 = PRODUCT_DEFINITION_SHAPE('','',#10519);
#10519 = PRODUCT_DEFINITION('design','',#10520,#10523);
#10520 = PRODUCT_DEFINITION_FORMATION('','',#10521);
#10521 = PRODUCT('R1','R1','',(#10522));
#10522 = PRODUCT_CONTEXT('',#2,'mechanical');
#10523 = PRODUCT_DEFINITION_CONTEXT('part definition',#2,'design');
#10524 = SHAPE_REPRESENTATION('',(#11,#10525,#10529,#10533),#10537);
#10525 = AXIS2_PLACEMENT_3D('',#10526,#10527,#10528);
#10526 = CARTESIAN_POINT('',(-32.56446208321,-5.835705426406,
    -0.911478996277));
#10527 = DIRECTION('',(0.,0.,1.));
#10528 = DIRECTION('',(1.,0.,0.));
#10529 = AXIS2_PLACEMENT_3D('',#10530,#10531,#10532);
#10530 = CARTESIAN_POINT('',(-31.16446055733,-5.835705426406,
    -0.911478996277));
#10531 = DIRECTION('',(0.,0.,1.));
#10532 = DIRECTION('',(1.,0.,0.));
#10533 = AXIS2_PLACEMENT_3D('',#10534,#10535,#10536);
#10534 = CARTESIAN_POINT('',(-31.86446132027,-5.835705426406,
    -0.911478996277));
#10535 = DIRECTION('',(0.,0.,1.));
#10536 = DIRECTION('',(1.,0.,0.));
#10537 = ( GEOMETRIC_REPRESENTATION_CONTEXT(3) 
GLOBAL_UNCERTAINTY_ASSIGNED_CONTEXT((#10541)) 
GLOBAL_UNIT_ASSIGNED_CONTEXT((#10538,#10539,#10540)) 
REPRESENTATION_CONTEXT('Context #1',
  '3D Context with UNIT and UNCERTAINTY') );
#10538 = ( LENGTH_UNIT() NAMED_UNIT(*) SI_UNIT(.MILLI.,.METRE.) );
#10539 = ( NAMED_UNIT(*) PLANE_ANGLE_UNIT() SI_UNIT($,.RADIAN.) );
#10540 = ( NAMED_UNIT(*) SI_UNIT($,.STERADIAN.) SOLID_ANGLE_UNIT() );
#10541 = UNCERTAINTY_MEASURE_WITH_UNIT(LENGTH_MEASURE(1.E-07),#10538,
  'distance_accuracy_value','confusion accuracy');
#10542 = CONTEXT_DEPENDENT_SHAPE_REPRESENTATION(#10543,#10545);
#10543 = ( REPRESENTATION_RELATIONSHIP('','',#1315,#10524) 
REPRESENTATION_RELATIONSHIP_WITH_TRANSFORMATION(#10544) 
SHAPE_REPRESENTATION_RELATIONSHIP() );
#10544 = ITEM_DEFINED_TRANSFORMATION('','',#11,#10525);
#10545 = PRODUCT_DEFINITION_SHAPE('Placement','Placement of an item',
  #10546);
#10546 = NEXT_ASSEMBLY_USAGE_OCCURRENCE('236','','',#10519,#1310,$);
#10547 = CONTEXT_DEPENDENT_SHAPE_REPRESENTATION(#10548,#10550);
#10548 = ( REPRESENTATION_RELATIONSHIP('','',#1315,#10524) 
REPRESENTATION_RELATIONSHIP_WITH_TRANSFORMATION(#10549) 
SHAPE_REPRESENTATION_RELATIONSHIP() );
#10549 = ITEM_DEFINED_TRANSFORMATION('','',#11,#10529);
#10550 = PRODUCT_DEFINITION_SHAPE('Placement','Placement of an item',
  #10551);
#10551 = NEXT_ASSEMBLY_USAGE_OCCURRENCE('237','','',#10519,#1310,$);
#10552 = CONTEXT_DEPENDENT_SHAPE_REPRESENTATION(#10553,#10555);
#10553 = ( REPRESENTATION_RELATIONSHIP('','',#1512,#10524) 
REPRESENTATION_RELATIONSHIP_WITH_TRANSFORMATION(#10554) 
SHAPE_REPRESENTATION_RELATIONSHIP() );
#10554 = ITEM_DEFINED_TRANSFORMATION('','',#11,#10533);
#10555 = PRODUCT_DEFINITION_SHAPE('Placement','Placement of an item',
  #10556);
#10556 = NEXT_ASSEMBLY_USAGE_OCCURRENCE('238','','',#10519,#1507,$);
#10557 = CONTEXT_DEPENDENT_SHAPE_REPRESENTATION(#10558,#10560);
#10558 = ( REPRESENTATION_RELATIONSHIP('','',#10524,#10) 
REPRESENTATION_RELATIONSHIP_WITH_TRANSFORMATION(#10559) 
SHAPE_REPRESENTATION_RELATIONSHIP() );
#10559 = ITEM_DEFINED_TRANSFORMATION('','',#11,#247);
#10560 = PRODUCT_DEFINITION_SHAPE('Placement','Placement of an item',
  #10561);
#10561 = NEXT_ASSEMBLY_USAGE_OCCURRENCE('239','','',#5,#10519,$);
#10562 = PRODUCT_RELATED_PRODUCT_CATEGORY('part',$,(#10521));
#10563 = SHAPE_DEFINITION_REPRESENTATION(#10564,#10570);
#10564 = PRODUCT_DEFINITION_SHAPE('','',#10565);
#10565 = PRODUCT_DEFINITION('design','',#10566,#10569);
#10566 = PRODUCT_DEFINITION_FORMATION('','',#10567);
#10567 = PRODUCT('C9','C9','',(#10568));
#10568 = PRODUCT_CONTEXT('',#2,'mechanical');
#10569 = PRODUCT_DEFINITION_CONTEXT('part definition',#2,'design');
#10570 = SHAPE_REPRESENTATION('',(#11,#10571,#10575,#10579),#10583);
#10571 = AXIS2_PLACEMENT_3D('',#10572,#10573,#10574);
#10572 = CARTESIAN_POINT('',(4.60000096,-14.29999986,-0.811479210854));
#10573 = DIRECTION('',(0.,0.,1.));
#10574 = DIRECTION('',(1.,0.,0.));
#10575 = AXIS2_PLACEMENT_3D('',#10576,#10577,#10578);
#10576 = CARTESIAN_POINT('',(4.60000096,-13.85000291175,-0.811479210854)
  );
#10577 = DIRECTION('',(0.,0.,1.));
#10578 = DIRECTION('',(1.,0.,0.));
#10579 = AXIS2_PLACEMENT_3D('',#10580,#10581,#10582);
#10580 = CARTESIAN_POINT('',(4.60000096,-14.75000443763,-0.811479210854)
  );
#10581 = DIRECTION('',(0.,0.,1.));
#10582 = DIRECTION('',(1.,0.,0.));
#10583 = ( GEOMETRIC_REPRESENTATION_CONTEXT(3) 
GLOBAL_UNCERTAINTY_ASSIGNED_CONTEXT((#10587)) 
GLOBAL_UNIT_ASSIGNED_CONTEXT((#10584,#10585,#10586)) 
REPRESENTATION_CONTEXT('Context #1',
  '3D Context with UNIT and UNCERTAINTY') );
#10584 = ( LENGTH_UNIT() NAMED_UNIT(*) SI_UNIT(.MILLI.,.METRE.) );
#10585 = ( NAMED_UNIT(*) PLANE_ANGLE_UNIT() SI_UNIT($,.RADIAN.) );
#10586 = ( NAMED_UNIT(*) SI_UNIT($,.STERADIAN.) SOLID_ANGLE_UNIT() );
#10587 = UNCERTAINTY_MEASURE_WITH_UNIT(LENGTH_MEASURE(1.E-07),#10584,
  'distance_accuracy_value','confusion accuracy');
#10588 = SHAPE_DEFINITION_REPRESENTATION(#10589,#10595);
#10589 = PRODUCT_DEFINITION_SHAPE('','',#10590);
#10590 = PRODUCT_DEFINITION('design','',#10591,#10594);
#10591 = PRODUCT_DEFINITION_FORMATION('','',#10592);
#10592 = PRODUCT('9034356624','9034356624','',(#10593));
#10593 = PRODUCT_CONTEXT('',#2,'mechanical');
#10594 = PRODUCT_DEFINITION_CONTEXT('part definition',#2,'design');
#10595 = SHAPE_REPRESENTATION('',(#11,#10596),#10600);
#10596 = AXIS2_PLACEMENT_3D('',#10597,#10598,#10599);
#10597 = CARTESIAN_POINT('',(0.,0.,0.));
#10598 = DIRECTION('',(0.,0.,1.));
#10599 = DIRECTION('',(1.,0.,0.));
#10600 = ( GEOMETRIC_REPRESENTATION_CONTEXT(3) 
GLOBAL_UNCERTAINTY_ASSIGNED_CONTEXT((#10604)) 
GLOBAL_UNIT_ASSIGNED_CONTEXT((#10601,#10602,#10603)) 
REPRESENTATION_CONTEXT('Context #1',
  '3D Context with UNIT and UNCERTAINTY') );
#10601 = ( LENGTH_UNIT() NAMED_UNIT(*) SI_UNIT(.MILLI.,.METRE.) );
#10602 = ( NAMED_UNIT(*) PLANE_ANGLE_UNIT() SI_UNIT($,.RADIAN.) );
#10603 = ( NAMED_UNIT(*) SI_UNIT($,.STERADIAN.) SOLID_ANGLE_UNIT() );
#10604 = UNCERTAINTY_MEASURE_WITH_UNIT(LENGTH_MEASURE(1.E-07),#10601,
  'distance_accuracy_value','confusion accuracy');
#10605 = ADVANCED_BREP_SHAPE_REPRESENTATION('',(#11,#10606),#10756);
#10606 = MANIFOLD_SOLID_BREP('',#10607);
#10607 = CLOSED_SHELL('',(#10608,#10648,#10679,#10710,#10732,#10744));
#10608 = ADVANCED_FACE('',(#10609),#10643,.T.);
#10609 = FACE_BOUND('',#10610,.T.);
#10610 = EDGE_LOOP('',(#10611,#10621,#10629,#10637));
#10611 = ORIENTED_EDGE('',*,*,#10612,.T.);
#10612 = EDGE_CURVE('',#10613,#10615,#10617,.T.);
#10613 = VERTEX_POINT('',#10614);
#10614 = CARTESIAN_POINT('',(-0.27499818,0.35000184,0.));
#10615 = VERTEX_POINT('',#10616);
#10616 = CARTESIAN_POINT('',(-0.27499818,0.35000184,0.3999992));
#10617 = LINE('',#10618,#10619);
#10618 = CARTESIAN_POINT('',(-0.27499818,0.35000184,0.));
#10619 = VECTOR('',#10620,1.);
#10620 = DIRECTION('',(0.,0.,1.));
#10621 = ORIENTED_EDGE('',*,*,#10622,.T.);
#10622 = EDGE_CURVE('',#10615,#10623,#10625,.T.);
#10623 = VERTEX_POINT('',#10624);
#10624 = CARTESIAN_POINT('',(0.27500072,0.35000184,0.3999992));
#10625 = LINE('',#10626,#10627);
#10626 = CARTESIAN_POINT('',(-0.27499818,0.35000184,0.3999992));
#10627 = VECTOR('',#10628,1.);
#10628 = DIRECTION('',(1.,0.,0.));
#10629 = ORIENTED_EDGE('',*,*,#10630,.F.);
#10630 = EDGE_CURVE('',#10631,#10623,#10633,.T.);
#10631 = VERTEX_POINT('',#10632);
#10632 = CARTESIAN_POINT('',(0.27500072,0.35000184,0.));
#10633 = LINE('',#10634,#10635);
#10634 = CARTESIAN_POINT('',(0.27500072,0.35000184,0.));
#10635 = VECTOR('',#10636,1.);
#10636 = DIRECTION('',(0.,0.,1.));
#10637 = ORIENTED_EDGE('',*,*,#10638,.F.);
#10638 = EDGE_CURVE('',#10613,#10631,#10639,.T.);
#10639 = LINE('',#10640,#10641);
#10640 = CARTESIAN_POINT('',(-0.27499818,0.35000184,0.));
#10641 = VECTOR('',#10642,1.);
#10642 = DIRECTION('',(1.,0.,0.));
#10643 = PLANE('',#10644);
#10644 = AXIS2_PLACEMENT_3D('',#10645,#10646,#10647);
#10645 = CARTESIAN_POINT('',(-0.27499818,0.35000184,0.));
#10646 = DIRECTION('',(0.,1.,0.));
#10647 = DIRECTION('',(1.,0.,0.));
#10648 = ADVANCED_FACE('',(#10649),#10674,.T.);
#10649 = FACE_BOUND('',#10650,.T.);
#10650 = EDGE_LOOP('',(#10651,#10652,#10660,#10668));
#10651 = ORIENTED_EDGE('',*,*,#10630,.T.);
#10652 = ORIENTED_EDGE('',*,*,#10653,.T.);
#10653 = EDGE_CURVE('',#10623,#10654,#10656,.T.);
#10654 = VERTEX_POINT('',#10655);
#10655 = CARTESIAN_POINT('',(0.27500072,-0.3499993,0.3999992));
#10656 = LINE('',#10657,#10658);
#10657 = CARTESIAN_POINT('',(0.27500072,0.35000184,0.3999992));
#10658 = VECTOR('',#10659,1.);
#10659 = DIRECTION('',(0.,-1.,0.));
#10660 = ORIENTED_EDGE('',*,*,#10661,.F.);
#10661 = EDGE_CURVE('',#10662,#10654,#10664,.T.);
#10662 = VERTEX_POINT('',#10663);
#10663 = CARTESIAN_POINT('',(0.27500072,-0.3499993,0.));
#10664 = LINE('',#10665,#10666);
#10665 = CARTESIAN_POINT('',(0.27500072,-0.3499993,0.));
#10666 = VECTOR('',#10667,1.);
#10667 = DIRECTION('',(0.,0.,1.));
#10668 = ORIENTED_EDGE('',*,*,#10669,.F.);
#10669 = EDGE_CURVE('',#10631,#10662,#10670,.T.);
#10670 = LINE('',#10671,#10672);
#10671 = CARTESIAN_POINT('',(0.27500072,0.35000184,0.));
#10672 = VECTOR('',#10673,1.);
#10673 = DIRECTION('',(0.,-1.,0.));
#10674 = PLANE('',#10675);
#10675 = AXIS2_PLACEMENT_3D('',#10676,#10677,#10678);
#10676 = CARTESIAN_POINT('',(0.27500072,0.35000184,0.));
#10677 = DIRECTION('',(1.,0.,-0.));
#10678 = DIRECTION('',(0.,-1.,0.));
#10679 = ADVANCED_FACE('',(#10680),#10705,.T.);
#10680 = FACE_BOUND('',#10681,.T.);
#10681 = EDGE_LOOP('',(#10682,#10683,#10691,#10699));
#10682 = ORIENTED_EDGE('',*,*,#10661,.T.);
#10683 = ORIENTED_EDGE('',*,*,#10684,.T.);
#10684 = EDGE_CURVE('',#10654,#10685,#10687,.T.);
#10685 = VERTEX_POINT('',#10686);
#10686 = CARTESIAN_POINT('',(-0.27499818,-0.3499993,0.3999992));
#10687 = LINE('',#10688,#10689);
#10688 = CARTESIAN_POINT('',(0.27500072,-0.3499993,0.3999992));
#10689 = VECTOR('',#10690,1.);
#10690 = DIRECTION('',(-1.,0.,0.));
#10691 = ORIENTED_EDGE('',*,*,#10692,.F.);
#10692 = EDGE_CURVE('',#10693,#10685,#10695,.T.);
#10693 = VERTEX_POINT('',#10694);
#10694 = CARTESIAN_POINT('',(-0.27499818,-0.3499993,0.));
#10695 = LINE('',#10696,#10697);
#10696 = CARTESIAN_POINT('',(-0.27499818,-0.3499993,0.));
#10697 = VECTOR('',#10698,1.);
#10698 = DIRECTION('',(0.,0.,1.));
#10699 = ORIENTED_EDGE('',*,*,#10700,.F.);
#10700 = EDGE_CURVE('',#10662,#10693,#10701,.T.);
#10701 = LINE('',#10702,#10703);
#10702 = CARTESIAN_POINT('',(0.27500072,-0.3499993,0.));
#10703 = VECTOR('',#10704,1.);
#10704 = DIRECTION('',(-1.,0.,0.));
#10705 = PLANE('',#10706);
#10706 = AXIS2_PLACEMENT_3D('',#10707,#10708,#10709);
#10707 = CARTESIAN_POINT('',(0.27500072,-0.3499993,0.));
#10708 = DIRECTION('',(0.,-1.,0.));
#10709 = DIRECTION('',(-1.,0.,0.));
#10710 = ADVANCED_FACE('',(#10711),#10727,.T.);
#10711 = FACE_BOUND('',#10712,.T.);
#10712 = EDGE_LOOP('',(#10713,#10714,#10720,#10721));
#10713 = ORIENTED_EDGE('',*,*,#10692,.T.);
#10714 = ORIENTED_EDGE('',*,*,#10715,.T.);
#10715 = EDGE_CURVE('',#10685,#10615,#10716,.T.);
#10716 = LINE('',#10717,#10718);
#10717 = CARTESIAN_POINT('',(-0.27499818,-0.3499993,0.3999992));
#10718 = VECTOR('',#10719,1.);
#10719 = DIRECTION('',(0.,1.,0.));
#10720 = ORIENTED_EDGE('',*,*,#10612,.F.);
#10721 = ORIENTED_EDGE('',*,*,#10722,.F.);
#10722 = EDGE_CURVE('',#10693,#10613,#10723,.T.);
#10723 = LINE('',#10724,#10725);
#10724 = CARTESIAN_POINT('',(-0.27499818,-0.3499993,0.));
#10725 = VECTOR('',#10726,1.);
#10726 = DIRECTION('',(0.,1.,0.));
#10727 = PLANE('',#10728);
#10728 = AXIS2_PLACEMENT_3D('',#10729,#10730,#10731);
#10729 = CARTESIAN_POINT('',(-0.27499818,-0.3499993,0.));
#10730 = DIRECTION('',(-1.,0.,0.));
#10731 = DIRECTION('',(0.,1.,0.));
#10732 = ADVANCED_FACE('',(#10733),#10739,.T.);
#10733 = FACE_BOUND('',#10734,.T.);
#10734 = EDGE_LOOP('',(#10735,#10736,#10737,#10738));
#10735 = ORIENTED_EDGE('',*,*,#10638,.T.);
#10736 = ORIENTED_EDGE('',*,*,#10669,.T.);
#10737 = ORIENTED_EDGE('',*,*,#10700,.T.);
#10738 = ORIENTED_EDGE('',*,*,#10722,.T.);
#10739 = PLANE('',#10740);
#10740 = AXIS2_PLACEMENT_3D('',#10741,#10742,#10743);
#10741 = CARTESIAN_POINT('',(1.269999991388E-06,1.269999991404E-06,0.));
#10742 = DIRECTION('',(-0.,-0.,-1.));
#10743 = DIRECTION('',(-1.,0.,0.));
#10744 = ADVANCED_FACE('',(#10745),#10751,.F.);
#10745 = FACE_BOUND('',#10746,.F.);
#10746 = EDGE_LOOP('',(#10747,#10748,#10749,#10750));
#10747 = ORIENTED_EDGE('',*,*,#10622,.T.);
#10748 = ORIENTED_EDGE('',*,*,#10653,.T.);
#10749 = ORIENTED_EDGE('',*,*,#10684,.T.);
#10750 = ORIENTED_EDGE('',*,*,#10715,.T.);
#10751 = PLANE('',#10752);
#10752 = AXIS2_PLACEMENT_3D('',#10753,#10754,#10755);
#10753 = CARTESIAN_POINT('',(1.269999991388E-06,1.269999991404E-06,
    0.3999992));
#10754 = DIRECTION('',(-0.,-0.,-1.));
#10755 = DIRECTION('',(-1.,0.,0.));
#10756 = ( GEOMETRIC_REPRESENTATION_CONTEXT(3) 
GLOBAL_UNCERTAINTY_ASSIGNED_CONTEXT((#10760)) 
GLOBAL_UNIT_ASSIGNED_CONTEXT((#10757,#10758,#10759)) 
REPRESENTATION_CONTEXT('Context #1',
  '3D Context with UNIT and UNCERTAINTY') );
#10757 = ( LENGTH_UNIT() NAMED_UNIT(*) SI_UNIT(.MILLI.,.METRE.) );
#10758 = ( NAMED_UNIT(*) PLANE_ANGLE_UNIT() SI_UNIT($,.RADIAN.) );
#10759 = ( NAMED_UNIT(*) SI_UNIT($,.STERADIAN.) SOLID_ANGLE_UNIT() );
#10760 = UNCERTAINTY_MEASURE_WITH_UNIT(LENGTH_MEASURE(1.E-07),#10757,
  'distance_accuracy_value','confusion accuracy');
#10761 = SHAPE_DEFINITION_REPRESENTATION(#10762,#10605);
#10762 = PRODUCT_DEFINITION_SHAPE('','',#10763);
#10763 = PRODUCT_DEFINITION('design','',#10764,#10767);
#10764 = PRODUCT_DEFINITION_FORMATION('','',#10765);
#10765 = PRODUCT('Extruded','Extruded','',(#10766));
#10766 = PRODUCT_CONTEXT('',#2,'mechanical');
#10767 = PRODUCT_DEFINITION_CONTEXT('part definition',#2,'design');
#10768 = CONTEXT_DEPENDENT_SHAPE_REPRESENTATION(#10769,#10771);
#10769 = ( REPRESENTATION_RELATIONSHIP('','',#10605,#10595) 
REPRESENTATION_RELATIONSHIP_WITH_TRANSFORMATION(#10770) 
SHAPE_REPRESENTATION_RELATIONSHIP() );
#10770 = ITEM_DEFINED_TRANSFORMATION('','',#11,#10596);
#10771 = PRODUCT_DEFINITION_SHAPE('Placement','Placement of an item',
  #10772);
#10772 = NEXT_ASSEMBLY_USAGE_OCCURRENCE('240','9','',#10590,#10763,$);
#10773 = PRODUCT_RELATED_PRODUCT_CATEGORY('part',$,(#10765));
#10774 = CONTEXT_DEPENDENT_SHAPE_REPRESENTATION(#10775,#10777);
#10775 = ( REPRESENTATION_RELATIONSHIP('','',#10595,#10570) 
REPRESENTATION_RELATIONSHIP_WITH_TRANSFORMATION(#10776) 
SHAPE_REPRESENTATION_RELATIONSHIP() );
#10776 = ITEM_DEFINED_TRANSFORMATION('','',#11,#10571);
#10777 = PRODUCT_DEFINITION_SHAPE('Placement','Placement of an item',
  #10778);
#10778 = NEXT_ASSEMBLY_USAGE_OCCURRENCE('241','','',#10565,#10590,$);
#10779 = PRODUCT_RELATED_PRODUCT_CATEGORY('part',$,(#10592));
#10780 = SHAPE_DEFINITION_REPRESENTATION(#10781,#10787);
#10781 = PRODUCT_DEFINITION_SHAPE('','',#10782);
#10782 = PRODUCT_DEFINITION('design','',#10783,#10786);
#10783 = PRODUCT_DEFINITION_FORMATION('','',#10784);
#10784 = PRODUCT('9034356336','9034356336','',(#10785));
#10785 = PRODUCT_CONTEXT('',#2,'mechanical');
#10786 = PRODUCT_DEFINITION_CONTEXT('part definition',#2,'design');
#10787 = SHAPE_REPRESENTATION('',(#11,#10788),#10792);
#10788 = AXIS2_PLACEMENT_3D('',#10789,#10790,#10791);
#10789 = CARTESIAN_POINT('',(0.,0.,0.));
#10790 = DIRECTION('',(0.,0.,1.));
#10791 = DIRECTION('',(1.,0.,0.));
#10792 = ( GEOMETRIC_REPRESENTATION_CONTEXT(3) 
GLOBAL_UNCERTAINTY_ASSIGNED_CONTEXT((#10796)) 
GLOBAL_UNIT_ASSIGNED_CONTEXT((#10793,#10794,#10795)) 
REPRESENTATION_CONTEXT('Context #1',
  '3D Context with UNIT and UNCERTAINTY') );
#10793 = ( LENGTH_UNIT() NAMED_UNIT(*) SI_UNIT(.MILLI.,.METRE.) );
#10794 = ( NAMED_UNIT(*) PLANE_ANGLE_UNIT() SI_UNIT($,.RADIAN.) );
#10795 = ( NAMED_UNIT(*) SI_UNIT($,.STERADIAN.) SOLID_ANGLE_UNIT() );
#10796 = UNCERTAINTY_MEASURE_WITH_UNIT(LENGTH_MEASURE(1.E-07),#10793,
  'distance_accuracy_value','confusion accuracy');
#10797 = ADVANCED_BREP_SHAPE_REPRESENTATION('',(#11,#10798),#10948);
#10798 = MANIFOLD_SOLID_BREP('',#10799);
#10799 = CLOSED_SHELL('',(#10800,#10840,#10871,#10902,#10924,#10936));
#10800 = ADVANCED_FACE('',(#10801),#10835,.T.);
#10801 = FACE_BOUND('',#10802,.T.);
#10802 = EDGE_LOOP('',(#10803,#10813,#10821,#10829));
#10803 = ORIENTED_EDGE('',*,*,#10804,.T.);
#10804 = EDGE_CURVE('',#10805,#10807,#10809,.T.);
#10805 = VERTEX_POINT('',#10806);
#10806 = CARTESIAN_POINT('',(-0.27499818,9.999979999999E-02,0.));
#10807 = VERTEX_POINT('',#10808);
#10808 = CARTESIAN_POINT('',(-0.27499818,9.999979999999E-02,0.3999992));
#10809 = LINE('',#10810,#10811);
#10810 = CARTESIAN_POINT('',(-0.27499818,9.999979999999E-02,0.));
#10811 = VECTOR('',#10812,1.);
#10812 = DIRECTION('',(0.,0.,1.));
#10813 = ORIENTED_EDGE('',*,*,#10814,.T.);
#10814 = EDGE_CURVE('',#10807,#10815,#10817,.T.);
#10815 = VERTEX_POINT('',#10816);
#10816 = CARTESIAN_POINT('',(0.27500072,9.999979999999E-02,0.3999992));
#10817 = LINE('',#10818,#10819);
#10818 = CARTESIAN_POINT('',(-0.27499818,9.999979999999E-02,0.3999992));
#10819 = VECTOR('',#10820,1.);
#10820 = DIRECTION('',(1.,0.,0.));
#10821 = ORIENTED_EDGE('',*,*,#10822,.F.);
#10822 = EDGE_CURVE('',#10823,#10815,#10825,.T.);
#10823 = VERTEX_POINT('',#10824);
#10824 = CARTESIAN_POINT('',(0.27500072,9.999979999999E-02,0.));
#10825 = LINE('',#10826,#10827);
#10826 = CARTESIAN_POINT('',(0.27500072,9.999979999999E-02,0.));
#10827 = VECTOR('',#10828,1.);
#10828 = DIRECTION('',(0.,0.,1.));
#10829 = ORIENTED_EDGE('',*,*,#10830,.F.);
#10830 = EDGE_CURVE('',#10805,#10823,#10831,.T.);
#10831 = LINE('',#10832,#10833);
#10832 = CARTESIAN_POINT('',(-0.27499818,9.999979999999E-02,0.));
#10833 = VECTOR('',#10834,1.);
#10834 = DIRECTION('',(1.,0.,0.));
#10835 = PLANE('',#10836);
#10836 = AXIS2_PLACEMENT_3D('',#10837,#10838,#10839);
#10837 = CARTESIAN_POINT('',(-0.27499818,9.999979999999E-02,0.));
#10838 = DIRECTION('',(0.,1.,0.));
#10839 = DIRECTION('',(1.,0.,0.));
#10840 = ADVANCED_FACE('',(#10841),#10866,.T.);
#10841 = FACE_BOUND('',#10842,.T.);
#10842 = EDGE_LOOP('',(#10843,#10844,#10852,#10860));
#10843 = ORIENTED_EDGE('',*,*,#10822,.T.);
#10844 = ORIENTED_EDGE('',*,*,#10845,.T.);
#10845 = EDGE_CURVE('',#10815,#10846,#10848,.T.);
#10846 = VERTEX_POINT('',#10847);
#10847 = CARTESIAN_POINT('',(0.27500072,-9.999980000001E-02,0.3999992));
#10848 = LINE('',#10849,#10850);
#10849 = CARTESIAN_POINT('',(0.27500072,9.999979999999E-02,0.3999992));
#10850 = VECTOR('',#10851,1.);
#10851 = DIRECTION('',(0.,-1.,0.));
#10852 = ORIENTED_EDGE('',*,*,#10853,.F.);
#10853 = EDGE_CURVE('',#10854,#10846,#10856,.T.);
#10854 = VERTEX_POINT('',#10855);
#10855 = CARTESIAN_POINT('',(0.27500072,-9.999980000001E-02,0.));
#10856 = LINE('',#10857,#10858);
#10857 = CARTESIAN_POINT('',(0.27500072,-9.999980000001E-02,0.));
#10858 = VECTOR('',#10859,1.);
#10859 = DIRECTION('',(0.,0.,1.));
#10860 = ORIENTED_EDGE('',*,*,#10861,.F.);
#10861 = EDGE_CURVE('',#10823,#10854,#10862,.T.);
#10862 = LINE('',#10863,#10864);
#10863 = CARTESIAN_POINT('',(0.27500072,9.999979999999E-02,0.));
#10864 = VECTOR('',#10865,1.);
#10865 = DIRECTION('',(0.,-1.,0.));
#10866 = PLANE('',#10867);
#10867 = AXIS2_PLACEMENT_3D('',#10868,#10869,#10870);
#10868 = CARTESIAN_POINT('',(0.27500072,9.999979999999E-02,0.));
#10869 = DIRECTION('',(1.,0.,-0.));
#10870 = DIRECTION('',(0.,-1.,0.));
#10871 = ADVANCED_FACE('',(#10872),#10897,.T.);
#10872 = FACE_BOUND('',#10873,.T.);
#10873 = EDGE_LOOP('',(#10874,#10875,#10883,#10891));
#10874 = ORIENTED_EDGE('',*,*,#10853,.T.);
#10875 = ORIENTED_EDGE('',*,*,#10876,.T.);
#10876 = EDGE_CURVE('',#10846,#10877,#10879,.T.);
#10877 = VERTEX_POINT('',#10878);
#10878 = CARTESIAN_POINT('',(-0.27499818,-9.999980000001E-02,0.3999992)
  );
#10879 = LINE('',#10880,#10881);
#10880 = CARTESIAN_POINT('',(0.27500072,-9.999980000001E-02,0.3999992));
#10881 = VECTOR('',#10882,1.);
#10882 = DIRECTION('',(-1.,0.,0.));
#10883 = ORIENTED_EDGE('',*,*,#10884,.F.);
#10884 = EDGE_CURVE('',#10885,#10877,#10887,.T.);
#10885 = VERTEX_POINT('',#10886);
#10886 = CARTESIAN_POINT('',(-0.27499818,-9.999980000001E-02,0.));
#10887 = LINE('',#10888,#10889);
#10888 = CARTESIAN_POINT('',(-0.27499818,-9.999980000001E-02,0.));
#10889 = VECTOR('',#10890,1.);
#10890 = DIRECTION('',(0.,0.,1.));
#10891 = ORIENTED_EDGE('',*,*,#10892,.F.);
#10892 = EDGE_CURVE('',#10854,#10885,#10893,.T.);
#10893 = LINE('',#10894,#10895);
#10894 = CARTESIAN_POINT('',(0.27500072,-9.999980000001E-02,0.));
#10895 = VECTOR('',#10896,1.);
#10896 = DIRECTION('',(-1.,0.,0.));
#10897 = PLANE('',#10898);
#10898 = AXIS2_PLACEMENT_3D('',#10899,#10900,#10901);
#10899 = CARTESIAN_POINT('',(0.27500072,-9.999980000001E-02,0.));
#10900 = DIRECTION('',(0.,-1.,0.));
#10901 = DIRECTION('',(-1.,0.,0.));
#10902 = ADVANCED_FACE('',(#10903),#10919,.T.);
#10903 = FACE_BOUND('',#10904,.T.);
#10904 = EDGE_LOOP('',(#10905,#10906,#10912,#10913));
#10905 = ORIENTED_EDGE('',*,*,#10884,.T.);
#10906 = ORIENTED_EDGE('',*,*,#10907,.T.);
#10907 = EDGE_CURVE('',#10877,#10807,#10908,.T.);
#10908 = LINE('',#10909,#10910);
#10909 = CARTESIAN_POINT('',(-0.27499818,-9.999980000001E-02,0.3999992)
  );
#10910 = VECTOR('',#10911,1.);
#10911 = DIRECTION('',(0.,1.,0.));
#10912 = ORIENTED_EDGE('',*,*,#10804,.F.);
#10913 = ORIENTED_EDGE('',*,*,#10914,.F.);
#10914 = EDGE_CURVE('',#10885,#10805,#10915,.T.);
#10915 = LINE('',#10916,#10917);
#10916 = CARTESIAN_POINT('',(-0.27499818,-9.999980000001E-02,0.));
#10917 = VECTOR('',#10918,1.);
#10918 = DIRECTION('',(0.,1.,0.));
#10919 = PLANE('',#10920);
#10920 = AXIS2_PLACEMENT_3D('',#10921,#10922,#10923);
#10921 = CARTESIAN_POINT('',(-0.27499818,-9.999980000001E-02,0.));
#10922 = DIRECTION('',(-1.,0.,0.));
#10923 = DIRECTION('',(0.,1.,0.));
#10924 = ADVANCED_FACE('',(#10925),#10931,.T.);
#10925 = FACE_BOUND('',#10926,.T.);
#10926 = EDGE_LOOP('',(#10927,#10928,#10929,#10930));
#10927 = ORIENTED_EDGE('',*,*,#10830,.T.);
#10928 = ORIENTED_EDGE('',*,*,#10861,.T.);
#10929 = ORIENTED_EDGE('',*,*,#10892,.T.);
#10930 = ORIENTED_EDGE('',*,*,#10914,.T.);
#10931 = PLANE('',#10932);
#10932 = AXIS2_PLACEMENT_3D('',#10933,#10934,#10935);
#10933 = CARTESIAN_POINT('',(1.269999991393E-06,-7.104285083854E-15,0.)
  );
#10934 = DIRECTION('',(-0.,-0.,-1.));
#10935 = DIRECTION('',(-1.,0.,0.));
#10936 = ADVANCED_FACE('',(#10937),#10943,.F.);
#10937 = FACE_BOUND('',#10938,.F.);
#10938 = EDGE_LOOP('',(#10939,#10940,#10941,#10942));
#10939 = ORIENTED_EDGE('',*,*,#10814,.T.);
#10940 = ORIENTED_EDGE('',*,*,#10845,.T.);
#10941 = ORIENTED_EDGE('',*,*,#10876,.T.);
#10942 = ORIENTED_EDGE('',*,*,#10907,.T.);
#10943 = PLANE('',#10944);
#10944 = AXIS2_PLACEMENT_3D('',#10945,#10946,#10947);
#10945 = CARTESIAN_POINT('',(1.269999991393E-06,-7.104285083854E-15,
    0.3999992));
#10946 = DIRECTION('',(-0.,-0.,-1.));
#10947 = DIRECTION('',(-1.,0.,0.));
#10948 = ( GEOMETRIC_REPRESENTATION_CONTEXT(3) 
GLOBAL_UNCERTAINTY_ASSIGNED_CONTEXT((#10952)) 
GLOBAL_UNIT_ASSIGNED_CONTEXT((#10949,#10950,#10951)) 
REPRESENTATION_CONTEXT('Context #1',
  '3D Context with UNIT and UNCERTAINTY') );
#10949 = ( LENGTH_UNIT() NAMED_UNIT(*) SI_UNIT(.MILLI.,.METRE.) );
#10950 = ( NAMED_UNIT(*) PLANE_ANGLE_UNIT() SI_UNIT($,.RADIAN.) );
#10951 = ( NAMED_UNIT(*) SI_UNIT($,.STERADIAN.) SOLID_ANGLE_UNIT() );
#10952 = UNCERTAINTY_MEASURE_WITH_UNIT(LENGTH_MEASURE(1.E-07),#10949,
  'distance_accuracy_value','confusion accuracy');
#10953 = SHAPE_DEFINITION_REPRESENTATION(#10954,#10797);
#10954 = PRODUCT_DEFINITION_SHAPE('','',#10955);
#10955 = PRODUCT_DEFINITION('design','',#10956,#10959);
#10956 = PRODUCT_DEFINITION_FORMATION('','',#10957);
#10957 = PRODUCT('Extruded','Extruded','',(#10958));
#10958 = PRODUCT_CONTEXT('',#2,'mechanical');
#10959 = PRODUCT_DEFINITION_CONTEXT('part definition',#2,'design');
#10960 = CONTEXT_DEPENDENT_SHAPE_REPRESENTATION(#10961,#10963);
#10961 = ( REPRESENTATION_RELATIONSHIP('','',#10797,#10787) 
REPRESENTATION_RELATIONSHIP_WITH_TRANSFORMATION(#10962) 
SHAPE_REPRESENTATION_RELATIONSHIP() );
#10962 = ITEM_DEFINED_TRANSFORMATION('','',#11,#10788);
#10963 = PRODUCT_DEFINITION_SHAPE('Placement','Placement of an item',
  #10964);
#10964 = NEXT_ASSEMBLY_USAGE_OCCURRENCE('242','10','',#10782,#10955,$);
#10965 = PRODUCT_RELATED_PRODUCT_CATEGORY('part',$,(#10957));
#10966 = CONTEXT_DEPENDENT_SHAPE_REPRESENTATION(#10967,#10969);
#10967 = ( REPRESENTATION_RELATIONSHIP('','',#10787,#10570) 
REPRESENTATION_RELATIONSHIP_WITH_TRANSFORMATION(#10968) 
SHAPE_REPRESENTATION_RELATIONSHIP() );
#10968 = ITEM_DEFINED_TRANSFORMATION('','',#11,#10575);
#10969 = PRODUCT_DEFINITION_SHAPE('Placement','Placement of an item',
  #10970);
#10970 = NEXT_ASSEMBLY_USAGE_OCCURRENCE('243','','',#10565,#10782,$);
#10971 = PRODUCT_RELATED_PRODUCT_CATEGORY('part',$,(#10784));
#10972 = CONTEXT_DEPENDENT_SHAPE_REPRESENTATION(#10973,#10975);
#10973 = ( REPRESENTATION_RELATIONSHIP('','',#10787,#10570) 
REPRESENTATION_RELATIONSHIP_WITH_TRANSFORMATION(#10974) 
SHAPE_REPRESENTATION_RELATIONSHIP() );
#10974 = ITEM_DEFINED_TRANSFORMATION('','',#11,#10579);
#10975 = PRODUCT_DEFINITION_SHAPE('Placement','Placement of an item',
  #10976);
#10976 = NEXT_ASSEMBLY_USAGE_OCCURRENCE('244','','',#10565,#10782,$);
#10977 = CONTEXT_DEPENDENT_SHAPE_REPRESENTATION(#10978,#10980);
#10978 = ( REPRESENTATION_RELATIONSHIP('','',#10570,#10) 
REPRESENTATION_RELATIONSHIP_WITH_TRANSFORMATION(#10979) 
SHAPE_REPRESENTATION_RELATIONSHIP() );
#10979 = ITEM_DEFINED_TRANSFORMATION('','',#11,#251);
#10980 = PRODUCT_DEFINITION_SHAPE('Placement','Placement of an item',
  #10981);
#10981 = NEXT_ASSEMBLY_USAGE_OCCURRENCE('245','','',#5,#10565,$);
#10982 = PRODUCT_RELATED_PRODUCT_CATEGORY('part',$,(#10567));
#10983 = SHAPE_DEFINITION_REPRESENTATION(#10984,#10990);
#10984 = PRODUCT_DEFINITION_SHAPE('','',#10985);
#10985 = PRODUCT_DEFINITION('design','',#10986,#10989);
#10986 = PRODUCT_DEFINITION_FORMATION('','',#10987);
#10987 = PRODUCT('C8','C8','',(#10988));
#10988 = PRODUCT_CONTEXT('',#2,'mechanical');
#10989 = PRODUCT_DEFINITION_CONTEXT('part definition',#2,'design');
#10990 = SHAPE_REPRESENTATION('',(#11,#10991,#10995,#10999),#11003);
#10991 = AXIS2_PLACEMENT_3D('',#10992,#10993,#10994);
#10992 = CARTESIAN_POINT('',(1.10000096,-5.79999986,-0.811479210854));
#10993 = DIRECTION('',(0.,0.,1.));
#10994 = DIRECTION('',(1.,0.,0.));
#10995 = AXIS2_PLACEMENT_3D('',#10996,#10997,#10998);
#10996 = CARTESIAN_POINT('',(0.650004011758,-5.79999986,-0.811479210854)
  );
#10997 = DIRECTION('',(0.,0.,1.));
#10998 = DIRECTION('',(1.,0.,0.));
#10999 = AXIS2_PLACEMENT_3D('',#11000,#11001,#11002);
#11000 = CARTESIAN_POINT('',(1.550005537637,-5.79999986,-0.811479210854)
  );
#11001 = DIRECTION('',(0.,0.,1.));
#11002 = DIRECTION('',(1.,0.,0.));
#11003 = ( GEOMETRIC_REPRESENTATION_CONTEXT(3) 
GLOBAL_UNCERTAINTY_ASSIGNED_CONTEXT((#11007)) 
GLOBAL_UNIT_ASSIGNED_CONTEXT((#11004,#11005,#11006)) 
REPRESENTATION_CONTEXT('Context #1',
  '3D Context with UNIT and UNCERTAINTY') );
#11004 = ( LENGTH_UNIT() NAMED_UNIT(*) SI_UNIT(.MILLI.,.METRE.) );
#11005 = ( NAMED_UNIT(*) PLANE_ANGLE_UNIT() SI_UNIT($,.RADIAN.) );
#11006 = ( NAMED_UNIT(*) SI_UNIT($,.STERADIAN.) SOLID_ANGLE_UNIT() );
#11007 = UNCERTAINTY_MEASURE_WITH_UNIT(LENGTH_MEASURE(1.E-07),#11004,
  'distance_accuracy_value','confusion accuracy');
#11008 = SHAPE_DEFINITION_REPRESENTATION(#11009,#11015);
#11009 = PRODUCT_DEFINITION_SHAPE('','',#11010);
#11010 = PRODUCT_DEFINITION('design','',#11011,#11014);
#11011 = PRODUCT_DEFINITION_FORMATION('','',#11012);
#11012 = PRODUCT('9034359504','9034359504','',(#11013));
#11013 = PRODUCT_CONTEXT('',#2,'mechanical');
#11014 = PRODUCT_DEFINITION_CONTEXT('part definition',#2,'design');
#11015 = SHAPE_REPRESENTATION('',(#11,#11016),#11020);
#11016 = AXIS2_PLACEMENT_3D('',#11017,#11018,#11019);
#11017 = CARTESIAN_POINT('',(0.,0.,0.));
#11018 = DIRECTION('',(0.,0.,1.));
#11019 = DIRECTION('',(1.,0.,0.));
#11020 = ( GEOMETRIC_REPRESENTATION_CONTEXT(3) 
GLOBAL_UNCERTAINTY_ASSIGNED_CONTEXT((#11024)) 
GLOBAL_UNIT_ASSIGNED_CONTEXT((#11021,#11022,#11023)) 
REPRESENTATION_CONTEXT('Context #1',
  '3D Context with UNIT and UNCERTAINTY') );
#11021 = ( LENGTH_UNIT() NAMED_UNIT(*) SI_UNIT(.MILLI.,.METRE.) );
#11022 = ( NAMED_UNIT(*) PLANE_ANGLE_UNIT() SI_UNIT($,.RADIAN.) );
#11023 = ( NAMED_UNIT(*) SI_UNIT($,.STERADIAN.) SOLID_ANGLE_UNIT() );
#11024 = UNCERTAINTY_MEASURE_WITH_UNIT(LENGTH_MEASURE(1.E-07),#11021,
  'distance_accuracy_value','confusion accuracy');
#11025 = ADVANCED_BREP_SHAPE_REPRESENTATION('',(#11,#11026),#11176);
#11026 = MANIFOLD_SOLID_BREP('',#11027);
#11027 = CLOSED_SHELL('',(#11028,#11068,#11099,#11130,#11152,#11164));
#11028 = ADVANCED_FACE('',(#11029),#11063,.T.);
#11029 = FACE_BOUND('',#11030,.T.);
#11030 = EDGE_LOOP('',(#11031,#11041,#11049,#11057));
#11031 = ORIENTED_EDGE('',*,*,#11032,.T.);
#11032 = EDGE_CURVE('',#11033,#11035,#11037,.T.);
#11033 = VERTEX_POINT('',#11034);
#11034 = CARTESIAN_POINT('',(-0.3499993,-0.27499818,0.));
#11035 = VERTEX_POINT('',#11036);
#11036 = CARTESIAN_POINT('',(-0.3499993,-0.27499818,0.3999992));
#11037 = LINE('',#11038,#11039);
#11038 = CARTESIAN_POINT('',(-0.3499993,-0.27499818,0.));
#11039 = VECTOR('',#11040,1.);
#11040 = DIRECTION('',(0.,0.,1.));
#11041 = ORIENTED_EDGE('',*,*,#11042,.T.);
#11042 = EDGE_CURVE('',#11035,#11043,#11045,.T.);
#11043 = VERTEX_POINT('',#11044);
#11044 = CARTESIAN_POINT('',(-0.3499993,0.27500072,0.3999992));
#11045 = LINE('',#11046,#11047);
#11046 = CARTESIAN_POINT('',(-0.3499993,-0.27499818,0.3999992));
#11047 = VECTOR('',#11048,1.);
#11048 = DIRECTION('',(0.,1.,0.));
#11049 = ORIENTED_EDGE('',*,*,#11050,.F.);
#11050 = EDGE_CURVE('',#11051,#11043,#11053,.T.);
#11051 = VERTEX_POINT('',#11052);
#11052 = CARTESIAN_POINT('',(-0.3499993,0.27500072,0.));
#11053 = LINE('',#11054,#11055);
#11054 = CARTESIAN_POINT('',(-0.3499993,0.27500072,0.));
#11055 = VECTOR('',#11056,1.);
#11056 = DIRECTION('',(0.,0.,1.));
#11057 = ORIENTED_EDGE('',*,*,#11058,.F.);
#11058 = EDGE_CURVE('',#11033,#11051,#11059,.T.);
#11059 = LINE('',#11060,#11061);
#11060 = CARTESIAN_POINT('',(-0.3499993,-0.27499818,0.));
#11061 = VECTOR('',#11062,1.);
#11062 = DIRECTION('',(0.,1.,0.));
#11063 = PLANE('',#11064);
#11064 = AXIS2_PLACEMENT_3D('',#11065,#11066,#11067);
#11065 = CARTESIAN_POINT('',(-0.3499993,-0.27499818,0.));
#11066 = DIRECTION('',(-1.,0.,0.));
#11067 = DIRECTION('',(0.,1.,0.));
#11068 = ADVANCED_FACE('',(#11069),#11094,.T.);
#11069 = FACE_BOUND('',#11070,.T.);
#11070 = EDGE_LOOP('',(#11071,#11072,#11080,#11088));
#11071 = ORIENTED_EDGE('',*,*,#11050,.T.);
#11072 = ORIENTED_EDGE('',*,*,#11073,.T.);
#11073 = EDGE_CURVE('',#11043,#11074,#11076,.T.);
#11074 = VERTEX_POINT('',#11075);
#11075 = CARTESIAN_POINT('',(0.35000184,0.27500072,0.3999992));
#11076 = LINE('',#11077,#11078);
#11077 = CARTESIAN_POINT('',(-0.3499993,0.27500072,0.3999992));
#11078 = VECTOR('',#11079,1.);
#11079 = DIRECTION('',(1.,0.,0.));
#11080 = ORIENTED_EDGE('',*,*,#11081,.F.);
#11081 = EDGE_CURVE('',#11082,#11074,#11084,.T.);
#11082 = VERTEX_POINT('',#11083);
#11083 = CARTESIAN_POINT('',(0.35000184,0.27500072,0.));
#11084 = LINE('',#11085,#11086);
#11085 = CARTESIAN_POINT('',(0.35000184,0.27500072,0.));
#11086 = VECTOR('',#11087,1.);
#11087 = DIRECTION('',(0.,0.,1.));
#11088 = ORIENTED_EDGE('',*,*,#11089,.F.);
#11089 = EDGE_CURVE('',#11051,#11082,#11090,.T.);
#11090 = LINE('',#11091,#11092);
#11091 = CARTESIAN_POINT('',(-0.3499993,0.27500072,0.));
#11092 = VECTOR('',#11093,1.);
#11093 = DIRECTION('',(1.,0.,0.));
#11094 = PLANE('',#11095);
#11095 = AXIS2_PLACEMENT_3D('',#11096,#11097,#11098);
#11096 = CARTESIAN_POINT('',(-0.3499993,0.27500072,0.));
#11097 = DIRECTION('',(0.,1.,0.));
#11098 = DIRECTION('',(1.,0.,0.));
#11099 = ADVANCED_FACE('',(#11100),#11125,.T.);
#11100 = FACE_BOUND('',#11101,.T.);
#11101 = EDGE_LOOP('',(#11102,#11103,#11111,#11119));
#11102 = ORIENTED_EDGE('',*,*,#11081,.T.);
#11103 = ORIENTED_EDGE('',*,*,#11104,.T.);
#11104 = EDGE_CURVE('',#11074,#11105,#11107,.T.);
#11105 = VERTEX_POINT('',#11106);
#11106 = CARTESIAN_POINT('',(0.35000184,-0.27499818,0.3999992));
#11107 = LINE('',#11108,#11109);
#11108 = CARTESIAN_POINT('',(0.35000184,0.27500072,0.3999992));
#11109 = VECTOR('',#11110,1.);
#11110 = DIRECTION('',(0.,-1.,0.));
#11111 = ORIENTED_EDGE('',*,*,#11112,.F.);
#11112 = EDGE_CURVE('',#11113,#11105,#11115,.T.);
#11113 = VERTEX_POINT('',#11114);
#11114 = CARTESIAN_POINT('',(0.35000184,-0.27499818,0.));
#11115 = LINE('',#11116,#11117);
#11116 = CARTESIAN_POINT('',(0.35000184,-0.27499818,0.));
#11117 = VECTOR('',#11118,1.);
#11118 = DIRECTION('',(0.,0.,1.));
#11119 = ORIENTED_EDGE('',*,*,#11120,.F.);
#11120 = EDGE_CURVE('',#11082,#11113,#11121,.T.);
#11121 = LINE('',#11122,#11123);
#11122 = CARTESIAN_POINT('',(0.35000184,0.27500072,0.));
#11123 = VECTOR('',#11124,1.);
#11124 = DIRECTION('',(0.,-1.,0.));
#11125 = PLANE('',#11126);
#11126 = AXIS2_PLACEMENT_3D('',#11127,#11128,#11129);
#11127 = CARTESIAN_POINT('',(0.35000184,0.27500072,0.));
#11128 = DIRECTION('',(1.,0.,-0.));
#11129 = DIRECTION('',(0.,-1.,0.));
#11130 = ADVANCED_FACE('',(#11131),#11147,.T.);
#11131 = FACE_BOUND('',#11132,.T.);
#11132 = EDGE_LOOP('',(#11133,#11134,#11140,#11141));
#11133 = ORIENTED_EDGE('',*,*,#11112,.T.);
#11134 = ORIENTED_EDGE('',*,*,#11135,.T.);
#11135 = EDGE_CURVE('',#11105,#11035,#11136,.T.);
#11136 = LINE('',#11137,#11138);
#11137 = CARTESIAN_POINT('',(0.35000184,-0.27499818,0.3999992));
#11138 = VECTOR('',#11139,1.);
#11139 = DIRECTION('',(-1.,0.,0.));
#11140 = ORIENTED_EDGE('',*,*,#11032,.F.);
#11141 = ORIENTED_EDGE('',*,*,#11142,.F.);
#11142 = EDGE_CURVE('',#11113,#11033,#11143,.T.);
#11143 = LINE('',#11144,#11145);
#11144 = CARTESIAN_POINT('',(0.35000184,-0.27499818,0.));
#11145 = VECTOR('',#11146,1.);
#11146 = DIRECTION('',(-1.,0.,0.));
#11147 = PLANE('',#11148);
#11148 = AXIS2_PLACEMENT_3D('',#11149,#11150,#11151);
#11149 = CARTESIAN_POINT('',(0.35000184,-0.27499818,0.));
#11150 = DIRECTION('',(0.,-1.,0.));
#11151 = DIRECTION('',(-1.,0.,0.));
#11152 = ADVANCED_FACE('',(#11153),#11159,.T.);
#11153 = FACE_BOUND('',#11154,.T.);
#11154 = EDGE_LOOP('',(#11155,#11156,#11157,#11158));
#11155 = ORIENTED_EDGE('',*,*,#11058,.T.);
#11156 = ORIENTED_EDGE('',*,*,#11089,.T.);
#11157 = ORIENTED_EDGE('',*,*,#11120,.T.);
#11158 = ORIENTED_EDGE('',*,*,#11142,.T.);
#11159 = PLANE('',#11160);
#11160 = AXIS2_PLACEMENT_3D('',#11161,#11162,#11163);
#11161 = CARTESIAN_POINT('',(1.269999991393E-06,1.27000000561E-06,0.));
#11162 = DIRECTION('',(-0.,-0.,-1.));
#11163 = DIRECTION('',(-1.,0.,0.));
#11164 = ADVANCED_FACE('',(#11165),#11171,.F.);
#11165 = FACE_BOUND('',#11166,.F.);
#11166 = EDGE_LOOP('',(#11167,#11168,#11169,#11170));
#11167 = ORIENTED_EDGE('',*,*,#11042,.T.);
#11168 = ORIENTED_EDGE('',*,*,#11073,.T.);
#11169 = ORIENTED_EDGE('',*,*,#11104,.T.);
#11170 = ORIENTED_EDGE('',*,*,#11135,.T.);
#11171 = PLANE('',#11172);
#11172 = AXIS2_PLACEMENT_3D('',#11173,#11174,#11175);
#11173 = CARTESIAN_POINT('',(1.269999991393E-06,1.27000000561E-06,
    0.3999992));
#11174 = DIRECTION('',(-0.,-0.,-1.));
#11175 = DIRECTION('',(-1.,0.,0.));
#11176 = ( GEOMETRIC_REPRESENTATION_CONTEXT(3) 
GLOBAL_UNCERTAINTY_ASSIGNED_CONTEXT((#11180)) 
GLOBAL_UNIT_ASSIGNED_CONTEXT((#11177,#11178,#11179)) 
REPRESENTATION_CONTEXT('Context #1',
  '3D Context with UNIT and UNCERTAINTY') );
#11177 = ( LENGTH_UNIT() NAMED_UNIT(*) SI_UNIT(.MILLI.,.METRE.) );
#11178 = ( NAMED_UNIT(*) PLANE_ANGLE_UNIT() SI_UNIT($,.RADIAN.) );
#11179 = ( NAMED_UNIT(*) SI_UNIT($,.STERADIAN.) SOLID_ANGLE_UNIT() );
#11180 = UNCERTAINTY_MEASURE_WITH_UNIT(LENGTH_MEASURE(1.E-07),#11177,
  'distance_accuracy_value','confusion accuracy');
#11181 = SHAPE_DEFINITION_REPRESENTATION(#11182,#11025);
#11182 = PRODUCT_DEFINITION_SHAPE('','',#11183);
#11183 = PRODUCT_DEFINITION('design','',#11184,#11187);
#11184 = PRODUCT_DEFINITION_FORMATION('','',#11185);
#11185 = PRODUCT('Extruded','Extruded','',(#11186));
#11186 = PRODUCT_CONTEXT('',#2,'mechanical');
#11187 = PRODUCT_DEFINITION_CONTEXT('part definition',#2,'design');
#11188 = CONTEXT_DEPENDENT_SHAPE_REPRESENTATION(#11189,#11191);
#11189 = ( REPRESENTATION_RELATIONSHIP('','',#11025,#11015) 
REPRESENTATION_RELATIONSHIP_WITH_TRANSFORMATION(#11190) 
SHAPE_REPRESENTATION_RELATIONSHIP() );
#11190 = ITEM_DEFINED_TRANSFORMATION('','',#11,#11016);
#11191 = PRODUCT_DEFINITION_SHAPE('Placement','Placement of an item',
  #11192);
#11192 = NEXT_ASSEMBLY_USAGE_OCCURRENCE('246','5','',#11010,#11183,$);
#11193 = PRODUCT_RELATED_PRODUCT_CATEGORY('part',$,(#11185));
#11194 = CONTEXT_DEPENDENT_SHAPE_REPRESENTATION(#11195,#11197);
#11195 = ( REPRESENTATION_RELATIONSHIP('','',#11015,#10990) 
REPRESENTATION_RELATIONSHIP_WITH_TRANSFORMATION(#11196) 
SHAPE_REPRESENTATION_RELATIONSHIP() );
#11196 = ITEM_DEFINED_TRANSFORMATION('','',#11,#10991);
#11197 = PRODUCT_DEFINITION_SHAPE('Placement','Placement of an item',
  #11198);
#11198 = NEXT_ASSEMBLY_USAGE_OCCURRENCE('247','','',#10985,#11010,$);
#11199 = PRODUCT_RELATED_PRODUCT_CATEGORY('part',$,(#11012));
#11200 = SHAPE_DEFINITION_REPRESENTATION(#11201,#11207);
#11201 = PRODUCT_DEFINITION_SHAPE('','',#11202);
#11202 = PRODUCT_DEFINITION('design','',#11203,#11206);
#11203 = PRODUCT_DEFINITION_FORMATION('','',#11204);
#11204 = PRODUCT('9034359216','9034359216','',(#11205));
#11205 = PRODUCT_CONTEXT('',#2,'mechanical');
#11206 = PRODUCT_DEFINITION_CONTEXT('part definition',#2,'design');
#11207 = SHAPE_REPRESENTATION('',(#11,#11208),#11212);
#11208 = AXIS2_PLACEMENT_3D('',#11209,#11210,#11211);
#11209 = CARTESIAN_POINT('',(0.,0.,0.));
#11210 = DIRECTION('',(0.,0.,1.));
#11211 = DIRECTION('',(1.,0.,0.));
#11212 = ( GEOMETRIC_REPRESENTATION_CONTEXT(3) 
GLOBAL_UNCERTAINTY_ASSIGNED_CONTEXT((#11216)) 
GLOBAL_UNIT_ASSIGNED_CONTEXT((#11213,#11214,#11215)) 
REPRESENTATION_CONTEXT('Context #1',
  '3D Context with UNIT and UNCERTAINTY') );
#11213 = ( LENGTH_UNIT() NAMED_UNIT(*) SI_UNIT(.MILLI.,.METRE.) );
#11214 = ( NAMED_UNIT(*) PLANE_ANGLE_UNIT() SI_UNIT($,.RADIAN.) );
#11215 = ( NAMED_UNIT(*) SI_UNIT($,.STERADIAN.) SOLID_ANGLE_UNIT() );
#11216 = UNCERTAINTY_MEASURE_WITH_UNIT(LENGTH_MEASURE(1.E-07),#11213,
  'distance_accuracy_value','confusion accuracy');
#11217 = ADVANCED_BREP_SHAPE_REPRESENTATION('',(#11,#11218),#11368);
#11218 = MANIFOLD_SOLID_BREP('',#11219);
#11219 = CLOSED_SHELL('',(#11220,#11260,#11291,#11322,#11344,#11356));
#11220 = ADVANCED_FACE('',(#11221),#11255,.T.);
#11221 = FACE_BOUND('',#11222,.T.);
#11222 = EDGE_LOOP('',(#11223,#11233,#11241,#11249));
#11223 = ORIENTED_EDGE('',*,*,#11224,.T.);
#11224 = EDGE_CURVE('',#11225,#11227,#11229,.T.);
#11225 = VERTEX_POINT('',#11226);
#11226 = CARTESIAN_POINT('',(-9.999979999999E-02,-0.27499818,0.));
#11227 = VERTEX_POINT('',#11228);
#11228 = CARTESIAN_POINT('',(-9.999979999999E-02,-0.27499818,0.3999992)
  );
#11229 = LINE('',#11230,#11231);
#11230 = CARTESIAN_POINT('',(-9.999979999999E-02,-0.27499818,0.));
#11231 = VECTOR('',#11232,1.);
#11232 = DIRECTION('',(0.,0.,1.));
#11233 = ORIENTED_EDGE('',*,*,#11234,.T.);
#11234 = EDGE_CURVE('',#11227,#11235,#11237,.T.);
#11235 = VERTEX_POINT('',#11236);
#11236 = CARTESIAN_POINT('',(-9.999979999999E-02,0.27500072,0.3999992));
#11237 = LINE('',#11238,#11239);
#11238 = CARTESIAN_POINT('',(-9.999979999999E-02,-0.27499818,0.3999992)
  );
#11239 = VECTOR('',#11240,1.);
#11240 = DIRECTION('',(0.,1.,0.));
#11241 = ORIENTED_EDGE('',*,*,#11242,.F.);
#11242 = EDGE_CURVE('',#11243,#11235,#11245,.T.);
#11243 = VERTEX_POINT('',#11244);
#11244 = CARTESIAN_POINT('',(-9.999979999999E-02,0.27500072,0.));
#11245 = LINE('',#11246,#11247);
#11246 = CARTESIAN_POINT('',(-9.999979999999E-02,0.27500072,0.));
#11247 = VECTOR('',#11248,1.);
#11248 = DIRECTION('',(0.,0.,1.));
#11249 = ORIENTED_EDGE('',*,*,#11250,.F.);
#11250 = EDGE_CURVE('',#11225,#11243,#11251,.T.);
#11251 = LINE('',#11252,#11253);
#11252 = CARTESIAN_POINT('',(-9.999979999999E-02,-0.27499818,0.));
#11253 = VECTOR('',#11254,1.);
#11254 = DIRECTION('',(0.,1.,0.));
#11255 = PLANE('',#11256);
#11256 = AXIS2_PLACEMENT_3D('',#11257,#11258,#11259);
#11257 = CARTESIAN_POINT('',(-9.999979999999E-02,-0.27499818,0.));
#11258 = DIRECTION('',(-1.,0.,0.));
#11259 = DIRECTION('',(0.,1.,0.));
#11260 = ADVANCED_FACE('',(#11261),#11286,.T.);
#11261 = FACE_BOUND('',#11262,.T.);
#11262 = EDGE_LOOP('',(#11263,#11264,#11272,#11280));
#11263 = ORIENTED_EDGE('',*,*,#11242,.T.);
#11264 = ORIENTED_EDGE('',*,*,#11265,.T.);
#11265 = EDGE_CURVE('',#11235,#11266,#11268,.T.);
#11266 = VERTEX_POINT('',#11267);
#11267 = CARTESIAN_POINT('',(9.999980000001E-02,0.27500072,0.3999992));
#11268 = LINE('',#11269,#11270);
#11269 = CARTESIAN_POINT('',(-9.999979999999E-02,0.27500072,0.3999992));
#11270 = VECTOR('',#11271,1.);
#11271 = DIRECTION('',(1.,0.,0.));
#11272 = ORIENTED_EDGE('',*,*,#11273,.F.);
#11273 = EDGE_CURVE('',#11274,#11266,#11276,.T.);
#11274 = VERTEX_POINT('',#11275);
#11275 = CARTESIAN_POINT('',(9.999980000001E-02,0.27500072,0.));
#11276 = LINE('',#11277,#11278);
#11277 = CARTESIAN_POINT('',(9.999980000001E-02,0.27500072,0.));
#11278 = VECTOR('',#11279,1.);
#11279 = DIRECTION('',(0.,0.,1.));
#11280 = ORIENTED_EDGE('',*,*,#11281,.F.);
#11281 = EDGE_CURVE('',#11243,#11274,#11282,.T.);
#11282 = LINE('',#11283,#11284);
#11283 = CARTESIAN_POINT('',(-9.999979999999E-02,0.27500072,0.));
#11284 = VECTOR('',#11285,1.);
#11285 = DIRECTION('',(1.,0.,0.));
#11286 = PLANE('',#11287);
#11287 = AXIS2_PLACEMENT_3D('',#11288,#11289,#11290);
#11288 = CARTESIAN_POINT('',(-9.999979999999E-02,0.27500072,0.));
#11289 = DIRECTION('',(0.,1.,0.));
#11290 = DIRECTION('',(1.,0.,0.));
#11291 = ADVANCED_FACE('',(#11292),#11317,.T.);
#11292 = FACE_BOUND('',#11293,.T.);
#11293 = EDGE_LOOP('',(#11294,#11295,#11303,#11311));
#11294 = ORIENTED_EDGE('',*,*,#11273,.T.);
#11295 = ORIENTED_EDGE('',*,*,#11296,.T.);
#11296 = EDGE_CURVE('',#11266,#11297,#11299,.T.);
#11297 = VERTEX_POINT('',#11298);
#11298 = CARTESIAN_POINT('',(9.999980000001E-02,-0.27499818,0.3999992));
#11299 = LINE('',#11300,#11301);
#11300 = CARTESIAN_POINT('',(9.999980000001E-02,0.27500072,0.3999992));
#11301 = VECTOR('',#11302,1.);
#11302 = DIRECTION('',(0.,-1.,0.));
#11303 = ORIENTED_EDGE('',*,*,#11304,.F.);
#11304 = EDGE_CURVE('',#11305,#11297,#11307,.T.);
#11305 = VERTEX_POINT('',#11306);
#11306 = CARTESIAN_POINT('',(9.999980000001E-02,-0.27499818,0.));
#11307 = LINE('',#11308,#11309);
#11308 = CARTESIAN_POINT('',(9.999980000001E-02,-0.27499818,0.));
#11309 = VECTOR('',#11310,1.);
#11310 = DIRECTION('',(0.,0.,1.));
#11311 = ORIENTED_EDGE('',*,*,#11312,.F.);
#11312 = EDGE_CURVE('',#11274,#11305,#11313,.T.);
#11313 = LINE('',#11314,#11315);
#11314 = CARTESIAN_POINT('',(9.999980000001E-02,0.27500072,0.));
#11315 = VECTOR('',#11316,1.);
#11316 = DIRECTION('',(0.,-1.,0.));
#11317 = PLANE('',#11318);
#11318 = AXIS2_PLACEMENT_3D('',#11319,#11320,#11321);
#11319 = CARTESIAN_POINT('',(9.999980000001E-02,0.27500072,0.));
#11320 = DIRECTION('',(1.,0.,-0.));
#11321 = DIRECTION('',(0.,-1.,0.));
#11322 = ADVANCED_FACE('',(#11323),#11339,.T.);
#11323 = FACE_BOUND('',#11324,.T.);
#11324 = EDGE_LOOP('',(#11325,#11326,#11332,#11333));
#11325 = ORIENTED_EDGE('',*,*,#11304,.T.);
#11326 = ORIENTED_EDGE('',*,*,#11327,.T.);
#11327 = EDGE_CURVE('',#11297,#11227,#11328,.T.);
#11328 = LINE('',#11329,#11330);
#11329 = CARTESIAN_POINT('',(9.999980000001E-02,-0.27499818,0.3999992));
#11330 = VECTOR('',#11331,1.);
#11331 = DIRECTION('',(-1.,0.,0.));
#11332 = ORIENTED_EDGE('',*,*,#11224,.F.);
#11333 = ORIENTED_EDGE('',*,*,#11334,.F.);
#11334 = EDGE_CURVE('',#11305,#11225,#11335,.T.);
#11335 = LINE('',#11336,#11337);
#11336 = CARTESIAN_POINT('',(9.999980000001E-02,-0.27499818,0.));
#11337 = VECTOR('',#11338,1.);
#11338 = DIRECTION('',(-1.,0.,0.));
#11339 = PLANE('',#11340);
#11340 = AXIS2_PLACEMENT_3D('',#11341,#11342,#11343);
#11341 = CARTESIAN_POINT('',(9.999980000001E-02,-0.27499818,0.));
#11342 = DIRECTION('',(0.,-1.,0.));
#11343 = DIRECTION('',(-1.,0.,0.));
#11344 = ADVANCED_FACE('',(#11345),#11351,.T.);
#11345 = FACE_BOUND('',#11346,.T.);
#11346 = EDGE_LOOP('',(#11347,#11348,#11349,#11350));
#11347 = ORIENTED_EDGE('',*,*,#11250,.T.);
#11348 = ORIENTED_EDGE('',*,*,#11281,.T.);
#11349 = ORIENTED_EDGE('',*,*,#11312,.T.);
#11350 = ORIENTED_EDGE('',*,*,#11334,.T.);
#11351 = PLANE('',#11352);
#11352 = AXIS2_PLACEMENT_3D('',#11353,#11354,#11355);
#11353 = CARTESIAN_POINT('',(7.104285083854E-15,1.270000005599E-06,0.));
#11354 = DIRECTION('',(-0.,-0.,-1.));
#11355 = DIRECTION('',(-1.,0.,0.));
#11356 = ADVANCED_FACE('',(#11357),#11363,.F.);
#11357 = FACE_BOUND('',#11358,.F.);
#11358 = EDGE_LOOP('',(#11359,#11360,#11361,#11362));
#11359 = ORIENTED_EDGE('',*,*,#11234,.T.);
#11360 = ORIENTED_EDGE('',*,*,#11265,.T.);
#11361 = ORIENTED_EDGE('',*,*,#11296,.T.);
#11362 = ORIENTED_EDGE('',*,*,#11327,.T.);
#11363 = PLANE('',#11364);
#11364 = AXIS2_PLACEMENT_3D('',#11365,#11366,#11367);
#11365 = CARTESIAN_POINT('',(7.104285083854E-15,1.270000005599E-06,
    0.3999992));
#11366 = DIRECTION('',(-0.,-0.,-1.));
#11367 = DIRECTION('',(-1.,0.,0.));
#11368 = ( GEOMETRIC_REPRESENTATION_CONTEXT(3) 
GLOBAL_UNCERTAINTY_ASSIGNED_CONTEXT((#11372)) 
GLOBAL_UNIT_ASSIGNED_CONTEXT((#11369,#11370,#11371)) 
REPRESENTATION_CONTEXT('Context #1',
  '3D Context with UNIT and UNCERTAINTY') );
#11369 = ( LENGTH_UNIT() NAMED_UNIT(*) SI_UNIT(.MILLI.,.METRE.) );
#11370 = ( NAMED_UNIT(*) PLANE_ANGLE_UNIT() SI_UNIT($,.RADIAN.) );
#11371 = ( NAMED_UNIT(*) SI_UNIT($,.STERADIAN.) SOLID_ANGLE_UNIT() );
#11372 = UNCERTAINTY_MEASURE_WITH_UNIT(LENGTH_MEASURE(1.E-07),#11369,
  'distance_accuracy_value','confusion accuracy');
#11373 = SHAPE_DEFINITION_REPRESENTATION(#11374,#11217);
#11374 = PRODUCT_DEFINITION_SHAPE('','',#11375);
#11375 = PRODUCT_DEFINITION('design','',#11376,#11379);
#11376 = PRODUCT_DEFINITION_FORMATION('','',#11377);
#11377 = PRODUCT('Extruded','Extruded','',(#11378));
#11378 = PRODUCT_CONTEXT('',#2,'mechanical');
#11379 = PRODUCT_DEFINITION_CONTEXT('part definition',#2,'design');
#11380 = CONTEXT_DEPENDENT_SHAPE_REPRESENTATION(#11381,#11383);
#11381 = ( REPRESENTATION_RELATIONSHIP('','',#11217,#11207) 
REPRESENTATION_RELATIONSHIP_WITH_TRANSFORMATION(#11382) 
SHAPE_REPRESENTATION_RELATIONSHIP() );
#11382 = ITEM_DEFINED_TRANSFORMATION('','',#11,#11208);
#11383 = PRODUCT_DEFINITION_SHAPE('Placement','Placement of an item',
  #11384);
#11384 = NEXT_ASSEMBLY_USAGE_OCCURRENCE('248','6','',#11202,#11375,$);
#11385 = PRODUCT_RELATED_PRODUCT_CATEGORY('part',$,(#11377));
#11386 = CONTEXT_DEPENDENT_SHAPE_REPRESENTATION(#11387,#11389);
#11387 = ( REPRESENTATION_RELATIONSHIP('','',#11207,#10990) 
REPRESENTATION_RELATIONSHIP_WITH_TRANSFORMATION(#11388) 
SHAPE_REPRESENTATION_RELATIONSHIP() );
#11388 = ITEM_DEFINED_TRANSFORMATION('','',#11,#10995);
#11389 = PRODUCT_DEFINITION_SHAPE('Placement','Placement of an item',
  #11390);
#11390 = NEXT_ASSEMBLY_USAGE_OCCURRENCE('249','','',#10985,#11202,$);
#11391 = PRODUCT_RELATED_PRODUCT_CATEGORY('part',$,(#11204));
#11392 = CONTEXT_DEPENDENT_SHAPE_REPRESENTATION(#11393,#11395);
#11393 = ( REPRESENTATION_RELATIONSHIP('','',#11207,#10990) 
REPRESENTATION_RELATIONSHIP_WITH_TRANSFORMATION(#11394) 
SHAPE_REPRESENTATION_RELATIONSHIP() );
#11394 = ITEM_DEFINED_TRANSFORMATION('','',#11,#10999);
#11395 = PRODUCT_DEFINITION_SHAPE('Placement','Placement of an item',
  #11396);
#11396 = NEXT_ASSEMBLY_USAGE_OCCURRENCE('250','','',#10985,#11202,$);
#11397 = CONTEXT_DEPENDENT_SHAPE_REPRESENTATION(#11398,#11400);
#11398 = ( REPRESENTATION_RELATIONSHIP('','',#10990,#10) 
REPRESENTATION_RELATIONSHIP_WITH_TRANSFORMATION(#11399) 
SHAPE_REPRESENTATION_RELATIONSHIP() );
#11399 = ITEM_DEFINED_TRANSFORMATION('','',#11,#255);
#11400 = PRODUCT_DEFINITION_SHAPE('Placement','Placement of an item',
  #11401);
#11401 = NEXT_ASSEMBLY_USAGE_OCCURRENCE('251','','',#5,#10985,$);
#11402 = PRODUCT_RELATED_PRODUCT_CATEGORY('part',$,(#10987));
#11403 = SHAPE_DEFINITION_REPRESENTATION(#11404,#11410);
#11404 = PRODUCT_DEFINITION_SHAPE('','',#11405);
#11405 = PRODUCT_DEFINITION('design','',#11406,#11409);
#11406 = PRODUCT_DEFINITION_FORMATION('','',#11407);
#11407 = PRODUCT('C7','C7','',(#11408));
#11408 = PRODUCT_CONTEXT('',#2,'mechanical');
#11409 = PRODUCT_DEFINITION_CONTEXT('part definition',#2,'design');
#11410 = SHAPE_REPRESENTATION('',(#11,#11411,#11415,#11419),#11423);
#11411 = AXIS2_PLACEMENT_3D('',#11412,#11413,#11414);
#11412 = CARTESIAN_POINT('',(-7.39999904,-10.79999986,-0.811479210854));
#11413 = DIRECTION('',(0.,0.,1.));
#11414 = DIRECTION('',(1.,0.,0.));
#11415 = AXIS2_PLACEMENT_3D('',#11416,#11417,#11418);
#11416 = CARTESIAN_POINT('',(-7.39999904,-10.35000291175,-0.811479210854
    ));
#11417 = DIRECTION('',(0.,0.,1.));
#11418 = DIRECTION('',(1.,0.,0.));
#11419 = AXIS2_PLACEMENT_3D('',#11420,#11421,#11422);
#11420 = CARTESIAN_POINT('',(-7.39999904,-11.24999680824,-0.811479210854
    ));
#11421 = DIRECTION('',(0.,0.,1.));
#11422 = DIRECTION('',(1.,0.,0.));
#11423 = ( GEOMETRIC_REPRESENTATION_CONTEXT(3) 
GLOBAL_UNCERTAINTY_ASSIGNED_CONTEXT((#11427)) 
GLOBAL_UNIT_ASSIGNED_CONTEXT((#11424,#11425,#11426)) 
REPRESENTATION_CONTEXT('Context #1',
  '3D Context with UNIT and UNCERTAINTY') );
#11424 = ( LENGTH_UNIT() NAMED_UNIT(*) SI_UNIT(.MILLI.,.METRE.) );
#11425 = ( NAMED_UNIT(*) PLANE_ANGLE_UNIT() SI_UNIT($,.RADIAN.) );
#11426 = ( NAMED_UNIT(*) SI_UNIT($,.STERADIAN.) SOLID_ANGLE_UNIT() );
#11427 = UNCERTAINTY_MEASURE_WITH_UNIT(LENGTH_MEASURE(1.E-07),#11424,
  'distance_accuracy_value','confusion accuracy');
#11428 = CONTEXT_DEPENDENT_SHAPE_REPRESENTATION(#11429,#11431);
#11429 = ( REPRESENTATION_RELATIONSHIP('','',#10595,#11410) 
REPRESENTATION_RELATIONSHIP_WITH_TRANSFORMATION(#11430) 
SHAPE_REPRESENTATION_RELATIONSHIP() );
#11430 = ITEM_DEFINED_TRANSFORMATION('','',#11,#11411);
#11431 = PRODUCT_DEFINITION_SHAPE('Placement','Placement of an item',
  #11432);
#11432 = NEXT_ASSEMBLY_USAGE_OCCURRENCE('252','','',#11405,#10590,$);
#11433 = CONTEXT_DEPENDENT_SHAPE_REPRESENTATION(#11434,#11436);
#11434 = ( REPRESENTATION_RELATIONSHIP('','',#10787,#11410) 
REPRESENTATION_RELATIONSHIP_WITH_TRANSFORMATION(#11435) 
SHAPE_REPRESENTATION_RELATIONSHIP() );
#11435 = ITEM_DEFINED_TRANSFORMATION('','',#11,#11415);
#11436 = PRODUCT_DEFINITION_SHAPE('Placement','Placement of an item',
  #11437);
#11437 = NEXT_ASSEMBLY_USAGE_OCCURRENCE('253','','',#11405,#10782,$);
#11438 = CONTEXT_DEPENDENT_SHAPE_REPRESENTATION(#11439,#11441);
#11439 = ( REPRESENTATION_RELATIONSHIP('','',#10787,#11410) 
REPRESENTATION_RELATIONSHIP_WITH_TRANSFORMATION(#11440) 
SHAPE_REPRESENTATION_RELATIONSHIP() );
#11440 = ITEM_DEFINED_TRANSFORMATION('','',#11,#11419);
#11441 = PRODUCT_DEFINITION_SHAPE('Placement','Placement of an item',
  #11442);
#11442 = NEXT_ASSEMBLY_USAGE_OCCURRENCE('254','','',#11405,#10782,$);
#11443 = CONTEXT_DEPENDENT_SHAPE_REPRESENTATION(#11444,#11446);
#11444 = ( REPRESENTATION_RELATIONSHIP('','',#11410,#10) 
REPRESENTATION_RELATIONSHIP_WITH_TRANSFORMATION(#11445) 
SHAPE_REPRESENTATION_RELATIONSHIP() );
#11445 = ITEM_DEFINED_TRANSFORMATION('','',#11,#259);
#11446 = PRODUCT_DEFINITION_SHAPE('Placement','Placement of an item',
  #11447);
#11447 = NEXT_ASSEMBLY_USAGE_OCCURRENCE('255','','',#5,#11405,$);
#11448 = PRODUCT_RELATED_PRODUCT_CATEGORY('part',$,(#11407));
#11449 = SHAPE_DEFINITION_REPRESENTATION(#11450,#11456);
#11450 = PRODUCT_DEFINITION_SHAPE('','',#11451);
#11451 = PRODUCT_DEFINITION('design','',#11452,#11455);
#11452 = PRODUCT_DEFINITION_FORMATION('','',#11453);
#11453 = PRODUCT('C6','C6','',(#11454));
#11454 = PRODUCT_CONTEXT('',#2,'mechanical');
#11455 = PRODUCT_DEFINITION_CONTEXT('part definition',#2,'design');
#11456 = SHAPE_REPRESENTATION('',(#11,#11457,#11461,#11465),#11469);
#11457 = AXIS2_PLACEMENT_3D('',#11458,#11459,#11460);
#11458 = CARTESIAN_POINT('',(-8.39999904,-12.29999986,-0.811479210854));
#11459 = DIRECTION('',(0.,0.,1.));
#11460 = DIRECTION('',(1.,0.,0.));
#11461 = AXIS2_PLACEMENT_3D('',#11462,#11463,#11464);
#11462 = CARTESIAN_POINT('',(-7.949994462363,-12.29999986,
    -0.811479210854));
#11463 = DIRECTION('',(0.,0.,1.));
#11464 = DIRECTION('',(1.,0.,0.));
#11465 = AXIS2_PLACEMENT_3D('',#11466,#11467,#11468);
#11466 = CARTESIAN_POINT('',(-8.849995988242,-12.29999986,
    -0.811479210854));
#11467 = DIRECTION('',(0.,0.,1.));
#11468 = DIRECTION('',(1.,0.,0.));
#11469 = ( GEOMETRIC_REPRESENTATION_CONTEXT(3) 
GLOBAL_UNCERTAINTY_ASSIGNED_CONTEXT((#11473)) 
GLOBAL_UNIT_ASSIGNED_CONTEXT((#11470,#11471,#11472)) 
REPRESENTATION_CONTEXT('Context #1',
  '3D Context with UNIT and UNCERTAINTY') );
#11470 = ( LENGTH_UNIT() NAMED_UNIT(*) SI_UNIT(.MILLI.,.METRE.) );
#11471 = ( NAMED_UNIT(*) PLANE_ANGLE_UNIT() SI_UNIT($,.RADIAN.) );
#11472 = ( NAMED_UNIT(*) SI_UNIT($,.STERADIAN.) SOLID_ANGLE_UNIT() );
#11473 = UNCERTAINTY_MEASURE_WITH_UNIT(LENGTH_MEASURE(1.E-07),#11470,
  'distance_accuracy_value','confusion accuracy');
#11474 = CONTEXT_DEPENDENT_SHAPE_REPRESENTATION(#11475,#11477);
#11475 = ( REPRESENTATION_RELATIONSHIP('','',#11015,#11456) 
REPRESENTATION_RELATIONSHIP_WITH_TRANSFORMATION(#11476) 
SHAPE_REPRESENTATION_RELATIONSHIP() );
#11476 = ITEM_DEFINED_TRANSFORMATION('','',#11,#11457);
#11477 = PRODUCT_DEFINITION_SHAPE('Placement','Placement of an item',
  #11478);
#11478 = NEXT_ASSEMBLY_USAGE_OCCURRENCE('256','','',#11451,#11010,$);
#11479 = CONTEXT_DEPENDENT_SHAPE_REPRESENTATION(#11480,#11482);
#11480 = ( REPRESENTATION_RELATIONSHIP('','',#11207,#11456) 
REPRESENTATION_RELATIONSHIP_WITH_TRANSFORMATION(#11481) 
SHAPE_REPRESENTATION_RELATIONSHIP() );
#11481 = ITEM_DEFINED_TRANSFORMATION('','',#11,#11461);
#11482 = PRODUCT_DEFINITION_SHAPE('Placement','Placement of an item',
  #11483);
#11483 = NEXT_ASSEMBLY_USAGE_OCCURRENCE('257','','',#11451,#11202,$);
#11484 = CONTEXT_DEPENDENT_SHAPE_REPRESENTATION(#11485,#11487);
#11485 = ( REPRESENTATION_RELATIONSHIP('','',#11207,#11456) 
REPRESENTATION_RELATIONSHIP_WITH_TRANSFORMATION(#11486) 
SHAPE_REPRESENTATION_RELATIONSHIP() );
#11486 = ITEM_DEFINED_TRANSFORMATION('','',#11,#11465);
#11487 = PRODUCT_DEFINITION_SHAPE('Placement','Placement of an item',
  #11488);
#11488 = NEXT_ASSEMBLY_USAGE_OCCURRENCE('258','','',#11451,#11202,$);
#11489 = CONTEXT_DEPENDENT_SHAPE_REPRESENTATION(#11490,#11492);
#11490 = ( REPRESENTATION_RELATIONSHIP('','',#11456,#10) 
REPRESENTATION_RELATIONSHIP_WITH_TRANSFORMATION(#11491) 
SHAPE_REPRESENTATION_RELATIONSHIP() );
#11491 = ITEM_DEFINED_TRANSFORMATION('','',#11,#263);
#11492 = PRODUCT_DEFINITION_SHAPE('Placement','Placement of an item',
  #11493);
#11493 = NEXT_ASSEMBLY_USAGE_OCCURRENCE('259','','',#5,#11451,$);
#11494 = PRODUCT_RELATED_PRODUCT_CATEGORY('part',$,(#11453));
#11495 = SHAPE_DEFINITION_REPRESENTATION(#11496,#11502);
#11496 = PRODUCT_DEFINITION_SHAPE('','',#11497);
#11497 = PRODUCT_DEFINITION('design','',#11498,#11501);
#11498 = PRODUCT_DEFINITION_FORMATION('','',#11499);
#11499 = PRODUCT('C5','C5','',(#11500));
#11500 = PRODUCT_CONTEXT('',#2,'mechanical');
#11501 = PRODUCT_DEFINITION_CONTEXT('part definition',#2,'design');
#11502 = SHAPE_REPRESENTATION('',(#11,#11503,#11507,#11511),#11515);
#11503 = AXIS2_PLACEMENT_3D('',#11504,#11505,#11506);
#11504 = CARTESIAN_POINT('',(-3.449994462363,-17.79999986,
    -0.811479210854));
#11505 = DIRECTION('',(0.,0.,1.));
#11506 = DIRECTION('',(1.,0.,0.));
#11507 = AXIS2_PLACEMENT_3D('',#11508,#11509,#11510);
#11508 = CARTESIAN_POINT('',(-4.349995988242,-17.79999986,
    -0.811479210854));
#11509 = DIRECTION('',(0.,0.,1.));
#11510 = DIRECTION('',(1.,0.,0.));
#11511 = AXIS2_PLACEMENT_3D('',#11512,#11513,#11514);
#11512 = CARTESIAN_POINT('',(-3.89999904,-17.79999986,-0.811479210854));
#11513 = DIRECTION('',(0.,0.,1.));
#11514 = DIRECTION('',(1.,0.,0.));
#11515 = ( GEOMETRIC_REPRESENTATION_CONTEXT(3) 
GLOBAL_UNCERTAINTY_ASSIGNED_CONTEXT((#11519)) 
GLOBAL_UNIT_ASSIGNED_CONTEXT((#11516,#11517,#11518)) 
REPRESENTATION_CONTEXT('Context #1',
  '3D Context with UNIT and UNCERTAINTY') );
#11516 = ( LENGTH_UNIT() NAMED_UNIT(*) SI_UNIT(.MILLI.,.METRE.) );
#11517 = ( NAMED_UNIT(*) PLANE_ANGLE_UNIT() SI_UNIT($,.RADIAN.) );
#11518 = ( NAMED_UNIT(*) SI_UNIT($,.STERADIAN.) SOLID_ANGLE_UNIT() );
#11519 = UNCERTAINTY_MEASURE_WITH_UNIT(LENGTH_MEASURE(1.E-07),#11516,
  'distance_accuracy_value','confusion accuracy');
#11520 = CONTEXT_DEPENDENT_SHAPE_REPRESENTATION(#11521,#11523);
#11521 = ( REPRESENTATION_RELATIONSHIP('','',#11207,#11502) 
REPRESENTATION_RELATIONSHIP_WITH_TRANSFORMATION(#11522) 
SHAPE_REPRESENTATION_RELATIONSHIP() );
#11522 = ITEM_DEFINED_TRANSFORMATION('','',#11,#11503);
#11523 = PRODUCT_DEFINITION_SHAPE('Placement','Placement of an item',
  #11524);
#11524 = NEXT_ASSEMBLY_USAGE_OCCURRENCE('260','','',#11497,#11202,$);
#11525 = CONTEXT_DEPENDENT_SHAPE_REPRESENTATION(#11526,#11528);
#11526 = ( REPRESENTATION_RELATIONSHIP('','',#11207,#11502) 
REPRESENTATION_RELATIONSHIP_WITH_TRANSFORMATION(#11527) 
SHAPE_REPRESENTATION_RELATIONSHIP() );
#11527 = ITEM_DEFINED_TRANSFORMATION('','',#11,#11507);
#11528 = PRODUCT_DEFINITION_SHAPE('Placement','Placement of an item',
  #11529);
#11529 = NEXT_ASSEMBLY_USAGE_OCCURRENCE('261','','',#11497,#11202,$);
#11530 = CONTEXT_DEPENDENT_SHAPE_REPRESENTATION(#11531,#11533);
#11531 = ( REPRESENTATION_RELATIONSHIP('','',#11015,#11502) 
REPRESENTATION_RELATIONSHIP_WITH_TRANSFORMATION(#11532) 
SHAPE_REPRESENTATION_RELATIONSHIP() );
#11532 = ITEM_DEFINED_TRANSFORMATION('','',#11,#11511);
#11533 = PRODUCT_DEFINITION_SHAPE('Placement','Placement of an item',
  #11534);
#11534 = NEXT_ASSEMBLY_USAGE_OCCURRENCE('262','','',#11497,#11010,$);
#11535 = CONTEXT_DEPENDENT_SHAPE_REPRESENTATION(#11536,#11538);
#11536 = ( REPRESENTATION_RELATIONSHIP('','',#11502,#10) 
REPRESENTATION_RELATIONSHIP_WITH_TRANSFORMATION(#11537) 
SHAPE_REPRESENTATION_RELATIONSHIP() );
#11537 = ITEM_DEFINED_TRANSFORMATION('','',#11,#267);
#11538 = PRODUCT_DEFINITION_SHAPE('Placement','Placement of an item',
  #11539);
#11539 = NEXT_ASSEMBLY_USAGE_OCCURRENCE('263','','',#5,#11497,$);
#11540 = PRODUCT_RELATED_PRODUCT_CATEGORY('part',$,(#11499));
#11541 = SHAPE_DEFINITION_REPRESENTATION(#11542,#11548);
#11542 = PRODUCT_DEFINITION_SHAPE('','',#11543);
#11543 = PRODUCT_DEFINITION('design','',#11544,#11547);
#11544 = PRODUCT_DEFINITION_FORMATION('','',#11545);
#11545 = PRODUCT('C4','C4','',(#11546));
#11546 = PRODUCT_CONTEXT('',#2,'mechanical');
#11547 = PRODUCT_DEFINITION_CONTEXT('part definition',#2,'design');
#11548 = SHAPE_REPRESENTATION('',(#11,#11549,#11553,#11557),#11561);
#11549 = AXIS2_PLACEMENT_3D('',#11550,#11551,#11552);
#11550 = CARTESIAN_POINT('',(-14.14999904,-14.14999833412,-1.0114787817)
  );
#11551 = DIRECTION('',(0.,0.,1.));
#11552 = DIRECTION('',(1.,0.,0.));
#11553 = AXIS2_PLACEMENT_3D('',#11554,#11555,#11556);
#11554 = CARTESIAN_POINT('',(-14.14999904,-11.45000138587,-1.0114787817)
  );
#11555 = DIRECTION('',(0.,0.,1.));
#11556 = DIRECTION('',(1.,0.,0.));
#11557 = AXIS2_PLACEMENT_3D('',#11558,#11559,#11560);
#11558 = CARTESIAN_POINT('',(-14.14999904,-12.79999986,-1.0114787817));
#11559 = DIRECTION('',(0.,0.,1.));
#11560 = DIRECTION('',(1.,0.,0.));
#11561 = ( GEOMETRIC_REPRESENTATION_CONTEXT(3) 
GLOBAL_UNCERTAINTY_ASSIGNED_CONTEXT((#11565)) 
GLOBAL_UNIT_ASSIGNED_CONTEXT((#11562,#11563,#11564)) 
REPRESENTATION_CONTEXT('Context #1',
  '3D Context with UNIT and UNCERTAINTY') );
#11562 = ( LENGTH_UNIT() NAMED_UNIT(*) SI_UNIT(.MILLI.,.METRE.) );
#11563 = ( NAMED_UNIT(*) PLANE_ANGLE_UNIT() SI_UNIT($,.RADIAN.) );
#11564 = ( NAMED_UNIT(*) SI_UNIT($,.STERADIAN.) SOLID_ANGLE_UNIT() );
#11565 = UNCERTAINTY_MEASURE_WITH_UNIT(LENGTH_MEASURE(1.E-07),#11562,
  'distance_accuracy_value','confusion accuracy');
#11566 = SHAPE_DEFINITION_REPRESENTATION(#11567,#11573);
#11567 = PRODUCT_DEFINITION_SHAPE('','',#11568);
#11568 = PRODUCT_DEFINITION('design','',#11569,#11572);
#11569 = PRODUCT_DEFINITION_FORMATION('','',#11570);
#11570 = PRODUCT('9034525168','9034525168','',(#11571));
#11571 = PRODUCT_CONTEXT('',#2,'mechanical');
#11572 = PRODUCT_DEFINITION_CONTEXT('part definition',#2,'design');
#11573 = SHAPE_REPRESENTATION('',(#11,#11574),#11578);
#11574 = AXIS2_PLACEMENT_3D('',#11575,#11576,#11577);
#11575 = CARTESIAN_POINT('',(0.,0.,0.));
#11576 = DIRECTION('',(0.,0.,1.));
#11577 = DIRECTION('',(1.,0.,0.));
#11578 = ( GEOMETRIC_REPRESENTATION_CONTEXT(3) 
GLOBAL_UNCERTAINTY_ASSIGNED_CONTEXT((#11582)) 
GLOBAL_UNIT_ASSIGNED_CONTEXT((#11579,#11580,#11581)) 
REPRESENTATION_CONTEXT('Context #1',
  '3D Context with UNIT and UNCERTAINTY') );
#11579 = ( LENGTH_UNIT() NAMED_UNIT(*) SI_UNIT(.MILLI.,.METRE.) );
#11580 = ( NAMED_UNIT(*) PLANE_ANGLE_UNIT() SI_UNIT($,.RADIAN.) );
#11581 = ( NAMED_UNIT(*) SI_UNIT($,.STERADIAN.) SOLID_ANGLE_UNIT() );
#11582 = UNCERTAINTY_MEASURE_WITH_UNIT(LENGTH_MEASURE(1.E-07),#11579,
  'distance_accuracy_value','confusion accuracy');
#11583 = ADVANCED_BREP_SHAPE_REPRESENTATION('',(#11,#11584),#11734);
#11584 = MANIFOLD_SOLID_BREP('',#11585);
#11585 = CLOSED_SHELL('',(#11586,#11626,#11657,#11688,#11710,#11722));
#11586 = ADVANCED_FACE('',(#11587),#11621,.T.);
#11587 = FACE_BOUND('',#11588,.T.);
#11588 = EDGE_LOOP('',(#11589,#11599,#11607,#11615));
#11589 = ORIENTED_EDGE('',*,*,#11590,.T.);
#11590 = EDGE_CURVE('',#11591,#11593,#11595,.T.);
#11591 = VERTEX_POINT('',#11592);
#11592 = CARTESIAN_POINT('',(-0.8499983,0.25000204,0.));
#11593 = VERTEX_POINT('',#11594);
#11594 = CARTESIAN_POINT('',(-0.8499983,0.25000204,0.5999988));
#11595 = LINE('',#11596,#11597);
#11596 = CARTESIAN_POINT('',(-0.8499983,0.25000204,0.));
#11597 = VECTOR('',#11598,1.);
#11598 = DIRECTION('',(0.,0.,1.));
#11599 = ORIENTED_EDGE('',*,*,#11600,.T.);
#11600 = EDGE_CURVE('',#11593,#11601,#11603,.T.);
#11601 = VERTEX_POINT('',#11602);
#11602 = CARTESIAN_POINT('',(0.85000084,0.25000204,0.5999988));
#11603 = LINE('',#11604,#11605);
#11604 = CARTESIAN_POINT('',(-0.8499983,0.25000204,0.5999988));
#11605 = VECTOR('',#11606,1.);
#11606 = DIRECTION('',(1.,0.,0.));
#11607 = ORIENTED_EDGE('',*,*,#11608,.F.);
#11608 = EDGE_CURVE('',#11609,#11601,#11611,.T.);
#11609 = VERTEX_POINT('',#11610);
#11610 = CARTESIAN_POINT('',(0.85000084,0.25000204,0.));
#11611 = LINE('',#11612,#11613);
#11612 = CARTESIAN_POINT('',(0.85000084,0.25000204,0.));
#11613 = VECTOR('',#11614,1.);
#11614 = DIRECTION('',(0.,0.,1.));
#11615 = ORIENTED_EDGE('',*,*,#11616,.F.);
#11616 = EDGE_CURVE('',#11591,#11609,#11617,.T.);
#11617 = LINE('',#11618,#11619);
#11618 = CARTESIAN_POINT('',(-0.8499983,0.25000204,0.));
#11619 = VECTOR('',#11620,1.);
#11620 = DIRECTION('',(1.,0.,0.));
#11621 = PLANE('',#11622);
#11622 = AXIS2_PLACEMENT_3D('',#11623,#11624,#11625);
#11623 = CARTESIAN_POINT('',(-0.8499983,0.25000204,0.));
#11624 = DIRECTION('',(0.,1.,0.));
#11625 = DIRECTION('',(1.,0.,0.));
#11626 = ADVANCED_FACE('',(#11627),#11652,.T.);
#11627 = FACE_BOUND('',#11628,.T.);
#11628 = EDGE_LOOP('',(#11629,#11630,#11638,#11646));
#11629 = ORIENTED_EDGE('',*,*,#11608,.T.);
#11630 = ORIENTED_EDGE('',*,*,#11631,.T.);
#11631 = EDGE_CURVE('',#11601,#11632,#11634,.T.);
#11632 = VERTEX_POINT('',#11633);
#11633 = CARTESIAN_POINT('',(0.85000084,-0.2499995,0.5999988));
#11634 = LINE('',#11635,#11636);
#11635 = CARTESIAN_POINT('',(0.85000084,0.25000204,0.5999988));
#11636 = VECTOR('',#11637,1.);
#11637 = DIRECTION('',(0.,-1.,0.));
#11638 = ORIENTED_EDGE('',*,*,#11639,.F.);
#11639 = EDGE_CURVE('',#11640,#11632,#11642,.T.);
#11640 = VERTEX_POINT('',#11641);
#11641 = CARTESIAN_POINT('',(0.85000084,-0.2499995,0.));
#11642 = LINE('',#11643,#11644);
#11643 = CARTESIAN_POINT('',(0.85000084,-0.2499995,0.));
#11644 = VECTOR('',#11645,1.);
#11645 = DIRECTION('',(0.,0.,1.));
#11646 = ORIENTED_EDGE('',*,*,#11647,.F.);
#11647 = EDGE_CURVE('',#11609,#11640,#11648,.T.);
#11648 = LINE('',#11649,#11650);
#11649 = CARTESIAN_POINT('',(0.85000084,0.25000204,0.));
#11650 = VECTOR('',#11651,1.);
#11651 = DIRECTION('',(0.,-1.,0.));
#11652 = PLANE('',#11653);
#11653 = AXIS2_PLACEMENT_3D('',#11654,#11655,#11656);
#11654 = CARTESIAN_POINT('',(0.85000084,0.25000204,0.));
#11655 = DIRECTION('',(1.,0.,-0.));
#11656 = DIRECTION('',(0.,-1.,0.));
#11657 = ADVANCED_FACE('',(#11658),#11683,.T.);
#11658 = FACE_BOUND('',#11659,.T.);
#11659 = EDGE_LOOP('',(#11660,#11661,#11669,#11677));
#11660 = ORIENTED_EDGE('',*,*,#11639,.T.);
#11661 = ORIENTED_EDGE('',*,*,#11662,.T.);
#11662 = EDGE_CURVE('',#11632,#11663,#11665,.T.);
#11663 = VERTEX_POINT('',#11664);
#11664 = CARTESIAN_POINT('',(-0.8499983,-0.2499995,0.5999988));
#11665 = LINE('',#11666,#11667);
#11666 = CARTESIAN_POINT('',(0.85000084,-0.2499995,0.5999988));
#11667 = VECTOR('',#11668,1.);
#11668 = DIRECTION('',(-1.,0.,0.));
#11669 = ORIENTED_EDGE('',*,*,#11670,.F.);
#11670 = EDGE_CURVE('',#11671,#11663,#11673,.T.);
#11671 = VERTEX_POINT('',#11672);
#11672 = CARTESIAN_POINT('',(-0.8499983,-0.2499995,0.));
#11673 = LINE('',#11674,#11675);
#11674 = CARTESIAN_POINT('',(-0.8499983,-0.2499995,0.));
#11675 = VECTOR('',#11676,1.);
#11676 = DIRECTION('',(0.,0.,1.));
#11677 = ORIENTED_EDGE('',*,*,#11678,.F.);
#11678 = EDGE_CURVE('',#11640,#11671,#11679,.T.);
#11679 = LINE('',#11680,#11681);
#11680 = CARTESIAN_POINT('',(0.85000084,-0.2499995,0.));
#11681 = VECTOR('',#11682,1.);
#11682 = DIRECTION('',(-1.,0.,0.));
#11683 = PLANE('',#11684);
#11684 = AXIS2_PLACEMENT_3D('',#11685,#11686,#11687);
#11685 = CARTESIAN_POINT('',(0.85000084,-0.2499995,0.));
#11686 = DIRECTION('',(0.,-1.,0.));
#11687 = DIRECTION('',(-1.,0.,0.));
#11688 = ADVANCED_FACE('',(#11689),#11705,.T.);
#11689 = FACE_BOUND('',#11690,.T.);
#11690 = EDGE_LOOP('',(#11691,#11692,#11698,#11699));
#11691 = ORIENTED_EDGE('',*,*,#11670,.T.);
#11692 = ORIENTED_EDGE('',*,*,#11693,.T.);
#11693 = EDGE_CURVE('',#11663,#11593,#11694,.T.);
#11694 = LINE('',#11695,#11696);
#11695 = CARTESIAN_POINT('',(-0.8499983,-0.2499995,0.5999988));
#11696 = VECTOR('',#11697,1.);
#11697 = DIRECTION('',(0.,1.,0.));
#11698 = ORIENTED_EDGE('',*,*,#11590,.F.);
#11699 = ORIENTED_EDGE('',*,*,#11700,.F.);
#11700 = EDGE_CURVE('',#11671,#11591,#11701,.T.);
#11701 = LINE('',#11702,#11703);
#11702 = CARTESIAN_POINT('',(-0.8499983,-0.2499995,0.));
#11703 = VECTOR('',#11704,1.);
#11704 = DIRECTION('',(0.,1.,0.));
#11705 = PLANE('',#11706);
#11706 = AXIS2_PLACEMENT_3D('',#11707,#11708,#11709);
#11707 = CARTESIAN_POINT('',(-0.8499983,-0.2499995,0.));
#11708 = DIRECTION('',(-1.,0.,0.));
#11709 = DIRECTION('',(0.,1.,0.));
#11710 = ADVANCED_FACE('',(#11711),#11717,.T.);
#11711 = FACE_BOUND('',#11712,.T.);
#11712 = EDGE_LOOP('',(#11713,#11714,#11715,#11716));
#11713 = ORIENTED_EDGE('',*,*,#11616,.T.);
#11714 = ORIENTED_EDGE('',*,*,#11647,.T.);
#11715 = ORIENTED_EDGE('',*,*,#11678,.T.);
#11716 = ORIENTED_EDGE('',*,*,#11700,.T.);
#11717 = PLANE('',#11718);
#11718 = AXIS2_PLACEMENT_3D('',#11719,#11720,#11721);
#11719 = CARTESIAN_POINT('',(1.270000005583E-06,1.269999998499E-06,0.));
#11720 = DIRECTION('',(-0.,-0.,-1.));
#11721 = DIRECTION('',(-1.,0.,0.));
#11722 = ADVANCED_FACE('',(#11723),#11729,.F.);
#11723 = FACE_BOUND('',#11724,.F.);
#11724 = EDGE_LOOP('',(#11725,#11726,#11727,#11728));
#11725 = ORIENTED_EDGE('',*,*,#11600,.T.);
#11726 = ORIENTED_EDGE('',*,*,#11631,.T.);
#11727 = ORIENTED_EDGE('',*,*,#11662,.T.);
#11728 = ORIENTED_EDGE('',*,*,#11693,.T.);
#11729 = PLANE('',#11730);
#11730 = AXIS2_PLACEMENT_3D('',#11731,#11732,#11733);
#11731 = CARTESIAN_POINT('',(1.270000005583E-06,1.269999998499E-06,
    0.5999988));
#11732 = DIRECTION('',(-0.,-0.,-1.));
#11733 = DIRECTION('',(-1.,0.,0.));
#11734 = ( GEOMETRIC_REPRESENTATION_CONTEXT(3) 
GLOBAL_UNCERTAINTY_ASSIGNED_CONTEXT((#11738)) 
GLOBAL_UNIT_ASSIGNED_CONTEXT((#11735,#11736,#11737)) 
REPRESENTATION_CONTEXT('Context #1',
  '3D Context with UNIT and UNCERTAINTY') );
#11735 = ( LENGTH_UNIT() NAMED_UNIT(*) SI_UNIT(.MILLI.,.METRE.) );
#11736 = ( NAMED_UNIT(*) PLANE_ANGLE_UNIT() SI_UNIT($,.RADIAN.) );
#11737 = ( NAMED_UNIT(*) SI_UNIT($,.STERADIAN.) SOLID_ANGLE_UNIT() );
#11738 = UNCERTAINTY_MEASURE_WITH_UNIT(LENGTH_MEASURE(1.E-07),#11735,
  'distance_accuracy_value','confusion accuracy');
#11739 = SHAPE_DEFINITION_REPRESENTATION(#11740,#11583);
#11740 = PRODUCT_DEFINITION_SHAPE('','',#11741);
#11741 = PRODUCT_DEFINITION('design','',#11742,#11745);
#11742 = PRODUCT_DEFINITION_FORMATION('','',#11743);
#11743 = PRODUCT('Extruded','Extruded','',(#11744));
#11744 = PRODUCT_CONTEXT('',#2,'mechanical');
#11745 = PRODUCT_DEFINITION_CONTEXT('part definition',#2,'design');
#11746 = CONTEXT_DEPENDENT_SHAPE_REPRESENTATION(#11747,#11749);
#11747 = ( REPRESENTATION_RELATIONSHIP('','',#11583,#11573) 
REPRESENTATION_RELATIONSHIP_WITH_TRANSFORMATION(#11748) 
SHAPE_REPRESENTATION_RELATIONSHIP() );
#11748 = ITEM_DEFINED_TRANSFORMATION('','',#11,#11574);
#11749 = PRODUCT_DEFINITION_SHAPE('Placement','Placement of an item',
  #11750);
#11750 = NEXT_ASSEMBLY_USAGE_OCCURRENCE('264','4','',#11568,#11741,$);
#11751 = PRODUCT_RELATED_PRODUCT_CATEGORY('part',$,(#11743));
#11752 = CONTEXT_DEPENDENT_SHAPE_REPRESENTATION(#11753,#11755);
#11753 = ( REPRESENTATION_RELATIONSHIP('','',#11573,#11548) 
REPRESENTATION_RELATIONSHIP_WITH_TRANSFORMATION(#11754) 
SHAPE_REPRESENTATION_RELATIONSHIP() );
#11754 = ITEM_DEFINED_TRANSFORMATION('','',#11,#11549);
#11755 = PRODUCT_DEFINITION_SHAPE('Placement','Placement of an item',
  #11756);
#11756 = NEXT_ASSEMBLY_USAGE_OCCURRENCE('265','','',#11543,#11568,$);
#11757 = PRODUCT_RELATED_PRODUCT_CATEGORY('part',$,(#11570));
#11758 = CONTEXT_DEPENDENT_SHAPE_REPRESENTATION(#11759,#11761);
#11759 = ( REPRESENTATION_RELATIONSHIP('','',#11573,#11548) 
REPRESENTATION_RELATIONSHIP_WITH_TRANSFORMATION(#11760) 
SHAPE_REPRESENTATION_RELATIONSHIP() );
#11760 = ITEM_DEFINED_TRANSFORMATION('','',#11,#11553);
#11761 = PRODUCT_DEFINITION_SHAPE('Placement','Placement of an item',
  #11762);
#11762 = NEXT_ASSEMBLY_USAGE_OCCURRENCE('266','','',#11543,#11568,$);
#11763 = SHAPE_DEFINITION_REPRESENTATION(#11764,#11770);
#11764 = PRODUCT_DEFINITION_SHAPE('','',#11765);
#11765 = PRODUCT_DEFINITION('design','',#11766,#11769);
#11766 = PRODUCT_DEFINITION_FORMATION('','',#11767);
#11767 = PRODUCT('9034352112','9034352112','',(#11768));
#11768 = PRODUCT_CONTEXT('',#2,'mechanical');
#11769 = PRODUCT_DEFINITION_CONTEXT('part definition',#2,'design');
#11770 = SHAPE_REPRESENTATION('',(#11,#11771),#11775);
#11771 = AXIS2_PLACEMENT_3D('',#11772,#11773,#11774);
#11772 = CARTESIAN_POINT('',(0.,0.,0.));
#11773 = DIRECTION('',(0.,0.,1.));
#11774 = DIRECTION('',(1.,0.,0.));
#11775 = ( GEOMETRIC_REPRESENTATION_CONTEXT(3) 
GLOBAL_UNCERTAINTY_ASSIGNED_CONTEXT((#11779)) 
GLOBAL_UNIT_ASSIGNED_CONTEXT((#11776,#11777,#11778)) 
REPRESENTATION_CONTEXT('Context #1',
  '3D Context with UNIT and UNCERTAINTY') );
#11776 = ( LENGTH_UNIT() NAMED_UNIT(*) SI_UNIT(.MILLI.,.METRE.) );
#11777 = ( NAMED_UNIT(*) PLANE_ANGLE_UNIT() SI_UNIT($,.RADIAN.) );
#11778 = ( NAMED_UNIT(*) SI_UNIT($,.STERADIAN.) SOLID_ANGLE_UNIT() );
#11779 = UNCERTAINTY_MEASURE_WITH_UNIT(LENGTH_MEASURE(1.E-07),#11776,
  'distance_accuracy_value','confusion accuracy');
#11780 = ADVANCED_BREP_SHAPE_REPRESENTATION('',(#11,#11781),#11931);
#11781 = MANIFOLD_SOLID_BREP('',#11782);
#11782 = CLOSED_SHELL('',(#11783,#11823,#11854,#11885,#11907,#11919));
#11783 = ADVANCED_FACE('',(#11784),#11818,.T.);
#11784 = FACE_BOUND('',#11785,.T.);
#11785 = EDGE_LOOP('',(#11786,#11796,#11804,#11812));
#11786 = ORIENTED_EDGE('',*,*,#11787,.T.);
#11787 = EDGE_CURVE('',#11788,#11790,#11792,.T.);
#11788 = VERTEX_POINT('',#11789);
#11789 = CARTESIAN_POINT('',(-0.8499983,1.10000034,0.));
#11790 = VERTEX_POINT('',#11791);
#11791 = CARTESIAN_POINT('',(-0.8499983,1.10000034,0.5999988));
#11792 = LINE('',#11793,#11794);
#11793 = CARTESIAN_POINT('',(-0.8499983,1.10000034,0.));
#11794 = VECTOR('',#11795,1.);
#11795 = DIRECTION('',(0.,0.,1.));
#11796 = ORIENTED_EDGE('',*,*,#11797,.T.);
#11797 = EDGE_CURVE('',#11790,#11798,#11800,.T.);
#11798 = VERTEX_POINT('',#11799);
#11799 = CARTESIAN_POINT('',(0.85000084,1.10000034,0.5999988));
#11800 = LINE('',#11801,#11802);
#11801 = CARTESIAN_POINT('',(-0.8499983,1.10000034,0.5999988));
#11802 = VECTOR('',#11803,1.);
#11803 = DIRECTION('',(1.,0.,0.));
#11804 = ORIENTED_EDGE('',*,*,#11805,.F.);
#11805 = EDGE_CURVE('',#11806,#11798,#11808,.T.);
#11806 = VERTEX_POINT('',#11807);
#11807 = CARTESIAN_POINT('',(0.85000084,1.10000034,0.));
#11808 = LINE('',#11809,#11810);
#11809 = CARTESIAN_POINT('',(0.85000084,1.10000034,0.));
#11810 = VECTOR('',#11811,1.);
#11811 = DIRECTION('',(0.,0.,1.));
#11812 = ORIENTED_EDGE('',*,*,#11813,.F.);
#11813 = EDGE_CURVE('',#11788,#11806,#11814,.T.);
#11814 = LINE('',#11815,#11816);
#11815 = CARTESIAN_POINT('',(-0.8499983,1.10000034,0.));
#11816 = VECTOR('',#11817,1.);
#11817 = DIRECTION('',(1.,0.,0.));
#11818 = PLANE('',#11819);
#11819 = AXIS2_PLACEMENT_3D('',#11820,#11821,#11822);
#11820 = CARTESIAN_POINT('',(-0.8499983,1.10000034,0.));
#11821 = DIRECTION('',(0.,1.,0.));
#11822 = DIRECTION('',(1.,0.,0.));
#11823 = ADVANCED_FACE('',(#11824),#11849,.T.);
#11824 = FACE_BOUND('',#11825,.T.);
#11825 = EDGE_LOOP('',(#11826,#11827,#11835,#11843));
#11826 = ORIENTED_EDGE('',*,*,#11805,.T.);
#11827 = ORIENTED_EDGE('',*,*,#11828,.T.);
#11828 = EDGE_CURVE('',#11798,#11829,#11831,.T.);
#11829 = VERTEX_POINT('',#11830);
#11830 = CARTESIAN_POINT('',(0.85000084,-1.0999978,0.5999988));
#11831 = LINE('',#11832,#11833);
#11832 = CARTESIAN_POINT('',(0.85000084,1.10000034,0.5999988));
#11833 = VECTOR('',#11834,1.);
#11834 = DIRECTION('',(0.,-1.,0.));
#11835 = ORIENTED_EDGE('',*,*,#11836,.F.);
#11836 = EDGE_CURVE('',#11837,#11829,#11839,.T.);
#11837 = VERTEX_POINT('',#11838);
#11838 = CARTESIAN_POINT('',(0.85000084,-1.0999978,0.));
#11839 = LINE('',#11840,#11841);
#11840 = CARTESIAN_POINT('',(0.85000084,-1.0999978,0.));
#11841 = VECTOR('',#11842,1.);
#11842 = DIRECTION('',(0.,0.,1.));
#11843 = ORIENTED_EDGE('',*,*,#11844,.F.);
#11844 = EDGE_CURVE('',#11806,#11837,#11845,.T.);
#11845 = LINE('',#11846,#11847);
#11846 = CARTESIAN_POINT('',(0.85000084,1.10000034,0.));
#11847 = VECTOR('',#11848,1.);
#11848 = DIRECTION('',(0.,-1.,0.));
#11849 = PLANE('',#11850);
#11850 = AXIS2_PLACEMENT_3D('',#11851,#11852,#11853);
#11851 = CARTESIAN_POINT('',(0.85000084,1.10000034,0.));
#11852 = DIRECTION('',(1.,0.,-0.));
#11853 = DIRECTION('',(0.,-1.,0.));
#11854 = ADVANCED_FACE('',(#11855),#11880,.T.);
#11855 = FACE_BOUND('',#11856,.T.);
#11856 = EDGE_LOOP('',(#11857,#11858,#11866,#11874));
#11857 = ORIENTED_EDGE('',*,*,#11836,.T.);
#11858 = ORIENTED_EDGE('',*,*,#11859,.T.);
#11859 = EDGE_CURVE('',#11829,#11860,#11862,.T.);
#11860 = VERTEX_POINT('',#11861);
#11861 = CARTESIAN_POINT('',(-0.8499983,-1.0999978,0.5999988));
#11862 = LINE('',#11863,#11864);
#11863 = CARTESIAN_POINT('',(0.85000084,-1.0999978,0.5999988));
#11864 = VECTOR('',#11865,1.);
#11865 = DIRECTION('',(-1.,0.,0.));
#11866 = ORIENTED_EDGE('',*,*,#11867,.F.);
#11867 = EDGE_CURVE('',#11868,#11860,#11870,.T.);
#11868 = VERTEX_POINT('',#11869);
#11869 = CARTESIAN_POINT('',(-0.8499983,-1.0999978,0.));
#11870 = LINE('',#11871,#11872);
#11871 = CARTESIAN_POINT('',(-0.8499983,-1.0999978,0.));
#11872 = VECTOR('',#11873,1.);
#11873 = DIRECTION('',(0.,0.,1.));
#11874 = ORIENTED_EDGE('',*,*,#11875,.F.);
#11875 = EDGE_CURVE('',#11837,#11868,#11876,.T.);
#11876 = LINE('',#11877,#11878);
#11877 = CARTESIAN_POINT('',(0.85000084,-1.0999978,0.));
#11878 = VECTOR('',#11879,1.);
#11879 = DIRECTION('',(-1.,0.,0.));
#11880 = PLANE('',#11881);
#11881 = AXIS2_PLACEMENT_3D('',#11882,#11883,#11884);
#11882 = CARTESIAN_POINT('',(0.85000084,-1.0999978,0.));
#11883 = DIRECTION('',(0.,-1.,0.));
#11884 = DIRECTION('',(-1.,0.,0.));
#11885 = ADVANCED_FACE('',(#11886),#11902,.T.);
#11886 = FACE_BOUND('',#11887,.T.);
#11887 = EDGE_LOOP('',(#11888,#11889,#11895,#11896));
#11888 = ORIENTED_EDGE('',*,*,#11867,.T.);
#11889 = ORIENTED_EDGE('',*,*,#11890,.T.);
#11890 = EDGE_CURVE('',#11860,#11790,#11891,.T.);
#11891 = LINE('',#11892,#11893);
#11892 = CARTESIAN_POINT('',(-0.8499983,-1.0999978,0.5999988));
#11893 = VECTOR('',#11894,1.);
#11894 = DIRECTION('',(0.,1.,0.));
#11895 = ORIENTED_EDGE('',*,*,#11787,.F.);
#11896 = ORIENTED_EDGE('',*,*,#11897,.F.);
#11897 = EDGE_CURVE('',#11868,#11788,#11898,.T.);
#11898 = LINE('',#11899,#11900);
#11899 = CARTESIAN_POINT('',(-0.8499983,-1.0999978,0.));
#11900 = VECTOR('',#11901,1.);
#11901 = DIRECTION('',(0.,1.,0.));
#11902 = PLANE('',#11903);
#11903 = AXIS2_PLACEMENT_3D('',#11904,#11905,#11906);
#11904 = CARTESIAN_POINT('',(-0.8499983,-1.0999978,0.));
#11905 = DIRECTION('',(-1.,0.,0.));
#11906 = DIRECTION('',(0.,1.,0.));
#11907 = ADVANCED_FACE('',(#11908),#11914,.T.);
#11908 = FACE_BOUND('',#11909,.T.);
#11909 = EDGE_LOOP('',(#11910,#11911,#11912,#11913));
#11910 = ORIENTED_EDGE('',*,*,#11813,.T.);
#11911 = ORIENTED_EDGE('',*,*,#11844,.T.);
#11912 = ORIENTED_EDGE('',*,*,#11875,.T.);
#11913 = ORIENTED_EDGE('',*,*,#11897,.T.);
#11914 = PLANE('',#11915);
#11915 = AXIS2_PLACEMENT_3D('',#11916,#11917,#11918);
#11916 = CARTESIAN_POINT('',(1.270000005572E-06,1.270000005601E-06,0.));
#11917 = DIRECTION('',(-0.,-0.,-1.));
#11918 = DIRECTION('',(-1.,0.,0.));
#11919 = ADVANCED_FACE('',(#11920),#11926,.F.);
#11920 = FACE_BOUND('',#11921,.F.);
#11921 = EDGE_LOOP('',(#11922,#11923,#11924,#11925));
#11922 = ORIENTED_EDGE('',*,*,#11797,.T.);
#11923 = ORIENTED_EDGE('',*,*,#11828,.T.);
#11924 = ORIENTED_EDGE('',*,*,#11859,.T.);
#11925 = ORIENTED_EDGE('',*,*,#11890,.T.);
#11926 = PLANE('',#11927);
#11927 = AXIS2_PLACEMENT_3D('',#11928,#11929,#11930);
#11928 = CARTESIAN_POINT('',(1.270000005572E-06,1.270000005601E-06,
    0.5999988));
#11929 = DIRECTION('',(-0.,-0.,-1.));
#11930 = DIRECTION('',(-1.,0.,0.));
#11931 = ( GEOMETRIC_REPRESENTATION_CONTEXT(3) 
GLOBAL_UNCERTAINTY_ASSIGNED_CONTEXT((#11935)) 
GLOBAL_UNIT_ASSIGNED_CONTEXT((#11932,#11933,#11934)) 
REPRESENTATION_CONTEXT('Context #1',
  '3D Context with UNIT and UNCERTAINTY') );
#11932 = ( LENGTH_UNIT() NAMED_UNIT(*) SI_UNIT(.MILLI.,.METRE.) );
#11933 = ( NAMED_UNIT(*) PLANE_ANGLE_UNIT() SI_UNIT($,.RADIAN.) );
#11934 = ( NAMED_UNIT(*) SI_UNIT($,.STERADIAN.) SOLID_ANGLE_UNIT() );
#11935 = UNCERTAINTY_MEASURE_WITH_UNIT(LENGTH_MEASURE(1.E-07),#11932,
  'distance_accuracy_value','confusion accuracy');
#11936 = SHAPE_DEFINITION_REPRESENTATION(#11937,#11780);
#11937 = PRODUCT_DEFINITION_SHAPE('','',#11938);
#11938 = PRODUCT_DEFINITION('design','',#11939,#11942);
#11939 = PRODUCT_DEFINITION_FORMATION('','',#11940);
#11940 = PRODUCT('Extruded','Extruded','',(#11941));
#11941 = PRODUCT_CONTEXT('',#2,'mechanical');
#11942 = PRODUCT_DEFINITION_CONTEXT('part definition',#2,'design');
#11943 = CONTEXT_DEPENDENT_SHAPE_REPRESENTATION(#11944,#11946);
#11944 = ( REPRESENTATION_RELATIONSHIP('','',#11780,#11770) 
REPRESENTATION_RELATIONSHIP_WITH_TRANSFORMATION(#11945) 
SHAPE_REPRESENTATION_RELATIONSHIP() );
#11945 = ITEM_DEFINED_TRANSFORMATION('','',#11,#11771);
#11946 = PRODUCT_DEFINITION_SHAPE('Placement','Placement of an item',
  #11947);
#11947 = NEXT_ASSEMBLY_USAGE_OCCURRENCE('267','13','',#11765,#11938,$);
#11948 = PRODUCT_RELATED_PRODUCT_CATEGORY('part',$,(#11940));
#11949 = CONTEXT_DEPENDENT_SHAPE_REPRESENTATION(#11950,#11952);
#11950 = ( REPRESENTATION_RELATIONSHIP('','',#11770,#11548) 
REPRESENTATION_RELATIONSHIP_WITH_TRANSFORMATION(#11951) 
SHAPE_REPRESENTATION_RELATIONSHIP() );
#11951 = ITEM_DEFINED_TRANSFORMATION('','',#11,#11557);
#11952 = PRODUCT_DEFINITION_SHAPE('Placement','Placement of an item',
  #11953);
#11953 = NEXT_ASSEMBLY_USAGE_OCCURRENCE('268','','',#11543,#11765,$);
#11954 = PRODUCT_RELATED_PRODUCT_CATEGORY('part',$,(#11767));
#11955 = CONTEXT_DEPENDENT_SHAPE_REPRESENTATION(#11956,#11958);
#11956 = ( REPRESENTATION_RELATIONSHIP('','',#11548,#10) 
REPRESENTATION_RELATIONSHIP_WITH_TRANSFORMATION(#11957) 
SHAPE_REPRESENTATION_RELATIONSHIP() );
#11957 = ITEM_DEFINED_TRANSFORMATION('','',#11,#271);
#11958 = PRODUCT_DEFINITION_SHAPE('Placement','Placement of an item',
  #11959);
#11959 = NEXT_ASSEMBLY_USAGE_OCCURRENCE('269','','',#5,#11543,$);
#11960 = PRODUCT_RELATED_PRODUCT_CATEGORY('part',$,(#11545));
#11961 = SHAPE_DEFINITION_REPRESENTATION(#11962,#11968);
#11962 = PRODUCT_DEFINITION_SHAPE('','',#11963);
#11963 = PRODUCT_DEFINITION('design','',#11964,#11967);
#11964 = PRODUCT_DEFINITION_FORMATION('','',#11965);
#11965 = PRODUCT('C3','C3','',(#11966));
#11966 = PRODUCT_CONTEXT('',#2,'mechanical');
#11967 = PRODUCT_DEFINITION_CONTEXT('part definition',#2,'design');
#11968 = SHAPE_REPRESENTATION('',(#11,#11969,#11973,#11977),#11981);
#11969 = AXIS2_PLACEMENT_3D('',#11970,#11971,#11972);
#11970 = CARTESIAN_POINT('',(-23.25000514351,-15.54999986,-1.0114787817)
  );
#11971 = DIRECTION('',(0.,0.,1.));
#11972 = DIRECTION('',(1.,0.,0.));
#11973 = AXIS2_PLACEMENT_3D('',#11974,#11975,#11976);
#11974 = CARTESIAN_POINT('',(-20.55000056587,-15.54999986,-1.0114787817)
  );
#11975 = DIRECTION('',(0.,0.,1.));
#11976 = DIRECTION('',(1.,0.,0.));
#11977 = AXIS2_PLACEMENT_3D('',#11978,#11979,#11980);
#11978 = CARTESIAN_POINT('',(-21.89999904,-15.54999986,-1.0114787817));
#11979 = DIRECTION('',(0.,0.,1.));
#11980 = DIRECTION('',(1.,0.,0.));
#11981 = ( GEOMETRIC_REPRESENTATION_CONTEXT(3) 
GLOBAL_UNCERTAINTY_ASSIGNED_CONTEXT((#11985)) 
GLOBAL_UNIT_ASSIGNED_CONTEXT((#11982,#11983,#11984)) 
REPRESENTATION_CONTEXT('Context #1',
  '3D Context with UNIT and UNCERTAINTY') );
#11982 = ( LENGTH_UNIT() NAMED_UNIT(*) SI_UNIT(.MILLI.,.METRE.) );
#11983 = ( NAMED_UNIT(*) PLANE_ANGLE_UNIT() SI_UNIT($,.RADIAN.) );
#11984 = ( NAMED_UNIT(*) SI_UNIT($,.STERADIAN.) SOLID_ANGLE_UNIT() );
#11985 = UNCERTAINTY_MEASURE_WITH_UNIT(LENGTH_MEASURE(1.E-07),#11982,
  'distance_accuracy_value','confusion accuracy');
#11986 = SHAPE_DEFINITION_REPRESENTATION(#11987,#11993);
#11987 = PRODUCT_DEFINITION_SHAPE('','',#11988);
#11988 = PRODUCT_DEFINITION('design','',#11989,#11992);
#11989 = PRODUCT_DEFINITION_FORMATION('','',#11990);
#11990 = PRODUCT('8855135600','8855135600','',(#11991));
#11991 = PRODUCT_CONTEXT('',#2,'mechanical');
#11992 = PRODUCT_DEFINITION_CONTEXT('part definition',#2,'design');
#11993 = SHAPE_REPRESENTATION('',(#11,#11994),#11998);
#11994 = AXIS2_PLACEMENT_3D('',#11995,#11996,#11997);
#11995 = CARTESIAN_POINT('',(0.,0.,0.));
#11996 = DIRECTION('',(0.,0.,1.));
#11997 = DIRECTION('',(1.,0.,0.));
#11998 = ( GEOMETRIC_REPRESENTATION_CONTEXT(3) 
GLOBAL_UNCERTAINTY_ASSIGNED_CONTEXT((#12002)) 
GLOBAL_UNIT_ASSIGNED_CONTEXT((#11999,#12000,#12001)) 
REPRESENTATION_CONTEXT('Context #1',
  '3D Context with UNIT and UNCERTAINTY') );
#11999 = ( LENGTH_UNIT() NAMED_UNIT(*) SI_UNIT(.MILLI.,.METRE.) );
#12000 = ( NAMED_UNIT(*) PLANE_ANGLE_UNIT() SI_UNIT($,.RADIAN.) );
#12001 = ( NAMED_UNIT(*) SI_UNIT($,.STERADIAN.) SOLID_ANGLE_UNIT() );
#12002 = UNCERTAINTY_MEASURE_WITH_UNIT(LENGTH_MEASURE(1.E-07),#11999,
  'distance_accuracy_value','confusion accuracy');
#12003 = ADVANCED_BREP_SHAPE_REPRESENTATION('',(#11,#12004),#12154);
#12004 = MANIFOLD_SOLID_BREP('',#12005);
#12005 = CLOSED_SHELL('',(#12006,#12046,#12077,#12108,#12130,#12142));
#12006 = ADVANCED_FACE('',(#12007),#12041,.T.);
#12007 = FACE_BOUND('',#12008,.T.);
#12008 = EDGE_LOOP('',(#12009,#12019,#12027,#12035));
#12009 = ORIENTED_EDGE('',*,*,#12010,.T.);
#12010 = EDGE_CURVE('',#12011,#12013,#12015,.T.);
#12011 = VERTEX_POINT('',#12012);
#12012 = CARTESIAN_POINT('',(-0.2499995,-0.8499983,0.));
#12013 = VERTEX_POINT('',#12014);
#12014 = CARTESIAN_POINT('',(-0.2499995,-0.8499983,0.5999988));
#12015 = LINE('',#12016,#12017);
#12016 = CARTESIAN_POINT('',(-0.2499995,-0.8499983,0.));
#12017 = VECTOR('',#12018,1.);
#12018 = DIRECTION('',(0.,0.,1.));
#12019 = ORIENTED_EDGE('',*,*,#12020,.T.);
#12020 = EDGE_CURVE('',#12013,#12021,#12023,.T.);
#12021 = VERTEX_POINT('',#12022);
#12022 = CARTESIAN_POINT('',(-0.2499995,0.85000084,0.5999988));
#12023 = LINE('',#12024,#12025);
#12024 = CARTESIAN_POINT('',(-0.2499995,-0.8499983,0.5999988));
#12025 = VECTOR('',#12026,1.);
#12026 = DIRECTION('',(0.,1.,0.));
#12027 = ORIENTED_EDGE('',*,*,#12028,.F.);
#12028 = EDGE_CURVE('',#12029,#12021,#12031,.T.);
#12029 = VERTEX_POINT('',#12030);
#12030 = CARTESIAN_POINT('',(-0.2499995,0.85000084,0.));
#12031 = LINE('',#12032,#12033);
#12032 = CARTESIAN_POINT('',(-0.2499995,0.85000084,0.));
#12033 = VECTOR('',#12034,1.);
#12034 = DIRECTION('',(0.,0.,1.));
#12035 = ORIENTED_EDGE('',*,*,#12036,.F.);
#12036 = EDGE_CURVE('',#12011,#12029,#12037,.T.);
#12037 = LINE('',#12038,#12039);
#12038 = CARTESIAN_POINT('',(-0.2499995,-0.8499983,0.));
#12039 = VECTOR('',#12040,1.);
#12040 = DIRECTION('',(0.,1.,0.));
#12041 = PLANE('',#12042);
#12042 = AXIS2_PLACEMENT_3D('',#12043,#12044,#12045);
#12043 = CARTESIAN_POINT('',(-0.2499995,-0.8499983,0.));
#12044 = DIRECTION('',(-1.,0.,0.));
#12045 = DIRECTION('',(0.,1.,0.));
#12046 = ADVANCED_FACE('',(#12047),#12072,.T.);
#12047 = FACE_BOUND('',#12048,.T.);
#12048 = EDGE_LOOP('',(#12049,#12050,#12058,#12066));
#12049 = ORIENTED_EDGE('',*,*,#12028,.T.);
#12050 = ORIENTED_EDGE('',*,*,#12051,.T.);
#12051 = EDGE_CURVE('',#12021,#12052,#12054,.T.);
#12052 = VERTEX_POINT('',#12053);
#12053 = CARTESIAN_POINT('',(0.25000204,0.85000084,0.5999988));
#12054 = LINE('',#12055,#12056);
#12055 = CARTESIAN_POINT('',(-0.2499995,0.85000084,0.5999988));
#12056 = VECTOR('',#12057,1.);
#12057 = DIRECTION('',(1.,0.,0.));
#12058 = ORIENTED_EDGE('',*,*,#12059,.F.);
#12059 = EDGE_CURVE('',#12060,#12052,#12062,.T.);
#12060 = VERTEX_POINT('',#12061);
#12061 = CARTESIAN_POINT('',(0.25000204,0.85000084,0.));
#12062 = LINE('',#12063,#12064);
#12063 = CARTESIAN_POINT('',(0.25000204,0.85000084,0.));
#12064 = VECTOR('',#12065,1.);
#12065 = DIRECTION('',(0.,0.,1.));
#12066 = ORIENTED_EDGE('',*,*,#12067,.F.);
#12067 = EDGE_CURVE('',#12029,#12060,#12068,.T.);
#12068 = LINE('',#12069,#12070);
#12069 = CARTESIAN_POINT('',(-0.2499995,0.85000084,0.));
#12070 = VECTOR('',#12071,1.);
#12071 = DIRECTION('',(1.,0.,0.));
#12072 = PLANE('',#12073);
#12073 = AXIS2_PLACEMENT_3D('',#12074,#12075,#12076);
#12074 = CARTESIAN_POINT('',(-0.2499995,0.85000084,0.));
#12075 = DIRECTION('',(0.,1.,0.));
#12076 = DIRECTION('',(1.,0.,0.));
#12077 = ADVANCED_FACE('',(#12078),#12103,.T.);
#12078 = FACE_BOUND('',#12079,.T.);
#12079 = EDGE_LOOP('',(#12080,#12081,#12089,#12097));
#12080 = ORIENTED_EDGE('',*,*,#12059,.T.);
#12081 = ORIENTED_EDGE('',*,*,#12082,.T.);
#12082 = EDGE_CURVE('',#12052,#12083,#12085,.T.);
#12083 = VERTEX_POINT('',#12084);
#12084 = CARTESIAN_POINT('',(0.25000204,-0.8499983,0.5999988));
#12085 = LINE('',#12086,#12087);
#12086 = CARTESIAN_POINT('',(0.25000204,0.85000084,0.5999988));
#12087 = VECTOR('',#12088,1.);
#12088 = DIRECTION('',(0.,-1.,0.));
#12089 = ORIENTED_EDGE('',*,*,#12090,.F.);
#12090 = EDGE_CURVE('',#12091,#12083,#12093,.T.);
#12091 = VERTEX_POINT('',#12092);
#12092 = CARTESIAN_POINT('',(0.25000204,-0.8499983,0.));
#12093 = LINE('',#12094,#12095);
#12094 = CARTESIAN_POINT('',(0.25000204,-0.8499983,0.));
#12095 = VECTOR('',#12096,1.);
#12096 = DIRECTION('',(0.,0.,1.));
#12097 = ORIENTED_EDGE('',*,*,#12098,.F.);
#12098 = EDGE_CURVE('',#12060,#12091,#12099,.T.);
#12099 = LINE('',#12100,#12101);
#12100 = CARTESIAN_POINT('',(0.25000204,0.85000084,0.));
#12101 = VECTOR('',#12102,1.);
#12102 = DIRECTION('',(0.,-1.,0.));
#12103 = PLANE('',#12104);
#12104 = AXIS2_PLACEMENT_3D('',#12105,#12106,#12107);
#12105 = CARTESIAN_POINT('',(0.25000204,0.85000084,0.));
#12106 = DIRECTION('',(1.,0.,-0.));
#12107 = DIRECTION('',(0.,-1.,0.));
#12108 = ADVANCED_FACE('',(#12109),#12125,.T.);
#12109 = FACE_BOUND('',#12110,.T.);
#12110 = EDGE_LOOP('',(#12111,#12112,#12118,#12119));
#12111 = ORIENTED_EDGE('',*,*,#12090,.T.);
#12112 = ORIENTED_EDGE('',*,*,#12113,.T.);
#12113 = EDGE_CURVE('',#12083,#12013,#12114,.T.);
#12114 = LINE('',#12115,#12116);
#12115 = CARTESIAN_POINT('',(0.25000204,-0.8499983,0.5999988));
#12116 = VECTOR('',#12117,1.);
#12117 = DIRECTION('',(-1.,0.,0.));
#12118 = ORIENTED_EDGE('',*,*,#12010,.F.);
#12119 = ORIENTED_EDGE('',*,*,#12120,.F.);
#12120 = EDGE_CURVE('',#12091,#12011,#12121,.T.);
#12121 = LINE('',#12122,#12123);
#12122 = CARTESIAN_POINT('',(0.25000204,-0.8499983,0.));
#12123 = VECTOR('',#12124,1.);
#12124 = DIRECTION('',(-1.,0.,0.));
#12125 = PLANE('',#12126);
#12126 = AXIS2_PLACEMENT_3D('',#12127,#12128,#12129);
#12127 = CARTESIAN_POINT('',(0.25000204,-0.8499983,0.));
#12128 = DIRECTION('',(0.,-1.,0.));
#12129 = DIRECTION('',(-1.,0.,0.));
#12130 = ADVANCED_FACE('',(#12131),#12137,.T.);
#12131 = FACE_BOUND('',#12132,.T.);
#12132 = EDGE_LOOP('',(#12133,#12134,#12135,#12136));
#12133 = ORIENTED_EDGE('',*,*,#12036,.T.);
#12134 = ORIENTED_EDGE('',*,*,#12067,.T.);
#12135 = ORIENTED_EDGE('',*,*,#12098,.T.);
#12136 = ORIENTED_EDGE('',*,*,#12120,.T.);
#12137 = PLANE('',#12138);
#12138 = AXIS2_PLACEMENT_3D('',#12139,#12140,#12141);
#12139 = CARTESIAN_POINT('',(1.270000005602E-06,1.269999998493E-06,0.));
#12140 = DIRECTION('',(-0.,-0.,-1.));
#12141 = DIRECTION('',(-1.,0.,0.));
#12142 = ADVANCED_FACE('',(#12143),#12149,.F.);
#12143 = FACE_BOUND('',#12144,.F.);
#12144 = EDGE_LOOP('',(#12145,#12146,#12147,#12148));
#12145 = ORIENTED_EDGE('',*,*,#12020,.T.);
#12146 = ORIENTED_EDGE('',*,*,#12051,.T.);
#12147 = ORIENTED_EDGE('',*,*,#12082,.T.);
#12148 = ORIENTED_EDGE('',*,*,#12113,.T.);
#12149 = PLANE('',#12150);
#12150 = AXIS2_PLACEMENT_3D('',#12151,#12152,#12153);
#12151 = CARTESIAN_POINT('',(1.270000005602E-06,1.269999998493E-06,
    0.5999988));
#12152 = DIRECTION('',(-0.,-0.,-1.));
#12153 = DIRECTION('',(-1.,0.,0.));
#12154 = ( GEOMETRIC_REPRESENTATION_CONTEXT(3) 
GLOBAL_UNCERTAINTY_ASSIGNED_CONTEXT((#12158)) 
GLOBAL_UNIT_ASSIGNED_CONTEXT((#12155,#12156,#12157)) 
REPRESENTATION_CONTEXT('Context #1',
  '3D Context with UNIT and UNCERTAINTY') );
#12155 = ( LENGTH_UNIT() NAMED_UNIT(*) SI_UNIT(.MILLI.,.METRE.) );
#12156 = ( NAMED_UNIT(*) PLANE_ANGLE_UNIT() SI_UNIT($,.RADIAN.) );
#12157 = ( NAMED_UNIT(*) SI_UNIT($,.STERADIAN.) SOLID_ANGLE_UNIT() );
#12158 = UNCERTAINTY_MEASURE_WITH_UNIT(LENGTH_MEASURE(1.E-07),#12155,
  'distance_accuracy_value','confusion accuracy');
#12159 = SHAPE_DEFINITION_REPRESENTATION(#12160,#12003);
#12160 = PRODUCT_DEFINITION_SHAPE('','',#12161);
#12161 = PRODUCT_DEFINITION('design','',#12162,#12165);
#12162 = PRODUCT_DEFINITION_FORMATION('','',#12163);
#12163 = PRODUCT('Extruded','Extruded','',(#12164));
#12164 = PRODUCT_CONTEXT('',#2,'mechanical');
#12165 = PRODUCT_DEFINITION_CONTEXT('part definition',#2,'design');
#12166 = CONTEXT_DEPENDENT_SHAPE_REPRESENTATION(#12167,#12169);
#12167 = ( REPRESENTATION_RELATIONSHIP('','',#12003,#11993) 
REPRESENTATION_RELATIONSHIP_WITH_TRANSFORMATION(#12168) 
SHAPE_REPRESENTATION_RELATIONSHIP() );
#12168 = ITEM_DEFINED_TRANSFORMATION('','',#11,#11994);
#12169 = PRODUCT_DEFINITION_SHAPE('Placement','Placement of an item',
  #12170);
#12170 = NEXT_ASSEMBLY_USAGE_OCCURRENCE('270','3','',#11988,#12161,$);
#12171 = PRODUCT_RELATED_PRODUCT_CATEGORY('part',$,(#12163));
#12172 = CONTEXT_DEPENDENT_SHAPE_REPRESENTATION(#12173,#12175);
#12173 = ( REPRESENTATION_RELATIONSHIP('','',#11993,#11968) 
REPRESENTATION_RELATIONSHIP_WITH_TRANSFORMATION(#12174) 
SHAPE_REPRESENTATION_RELATIONSHIP() );
#12174 = ITEM_DEFINED_TRANSFORMATION('','',#11,#11969);
#12175 = PRODUCT_DEFINITION_SHAPE('Placement','Placement of an item',
  #12176);
#12176 = NEXT_ASSEMBLY_USAGE_OCCURRENCE('271','','',#11963,#11988,$);
#12177 = PRODUCT_RELATED_PRODUCT_CATEGORY('part',$,(#11990));
#12178 = CONTEXT_DEPENDENT_SHAPE_REPRESENTATION(#12179,#12181);
#12179 = ( REPRESENTATION_RELATIONSHIP('','',#11993,#11968) 
REPRESENTATION_RELATIONSHIP_WITH_TRANSFORMATION(#12180) 
SHAPE_REPRESENTATION_RELATIONSHIP() );
#12180 = ITEM_DEFINED_TRANSFORMATION('','',#11,#11973);
#12181 = PRODUCT_DEFINITION_SHAPE('Placement','Placement of an item',
  #12182);
#12182 = NEXT_ASSEMBLY_USAGE_OCCURRENCE('272','','',#11963,#11988,$);
#12183 = SHAPE_DEFINITION_REPRESENTATION(#12184,#12190);
#12184 = PRODUCT_DEFINITION_SHAPE('','',#12185);
#12185 = PRODUCT_DEFINITION('design','',#12186,#12189);
#12186 = PRODUCT_DEFINITION_FORMATION('','',#12187);
#12187 = PRODUCT('9034354080','9034354080','',(#12188));
#12188 = PRODUCT_CONTEXT('',#2,'mechanical');
#12189 = PRODUCT_DEFINITION_CONTEXT('part definition',#2,'design');
#12190 = SHAPE_REPRESENTATION('',(#11,#12191),#12195);
#12191 = AXIS2_PLACEMENT_3D('',#12192,#12193,#12194);
#12192 = CARTESIAN_POINT('',(0.,0.,0.));
#12193 = DIRECTION('',(0.,0.,1.));
#12194 = DIRECTION('',(1.,0.,0.));
#12195 = ( GEOMETRIC_REPRESENTATION_CONTEXT(3) 
GLOBAL_UNCERTAINTY_ASSIGNED_CONTEXT((#12199)) 
GLOBAL_UNIT_ASSIGNED_CONTEXT((#12196,#12197,#12198)) 
REPRESENTATION_CONTEXT('Context #1',
  '3D Context with UNIT and UNCERTAINTY') );
#12196 = ( LENGTH_UNIT() NAMED_UNIT(*) SI_UNIT(.MILLI.,.METRE.) );
#12197 = ( NAMED_UNIT(*) PLANE_ANGLE_UNIT() SI_UNIT($,.RADIAN.) );
#12198 = ( NAMED_UNIT(*) SI_UNIT($,.STERADIAN.) SOLID_ANGLE_UNIT() );
#12199 = UNCERTAINTY_MEASURE_WITH_UNIT(LENGTH_MEASURE(1.E-07),#12196,
  'distance_accuracy_value','confusion accuracy');
#12200 = ADVANCED_BREP_SHAPE_REPRESENTATION('',(#11,#12201),#12351);
#12201 = MANIFOLD_SOLID_BREP('',#12202);
#12202 = CLOSED_SHELL('',(#12203,#12243,#12274,#12305,#12327,#12339));
#12203 = ADVANCED_FACE('',(#12204),#12238,.T.);
#12204 = FACE_BOUND('',#12205,.T.);
#12205 = EDGE_LOOP('',(#12206,#12216,#12224,#12232));
#12206 = ORIENTED_EDGE('',*,*,#12207,.T.);
#12207 = EDGE_CURVE('',#12208,#12210,#12212,.T.);
#12208 = VERTEX_POINT('',#12209);
#12209 = CARTESIAN_POINT('',(-1.0999978,-0.8499983,0.));
#12210 = VERTEX_POINT('',#12211);
#12211 = CARTESIAN_POINT('',(-1.0999978,-0.8499983,0.5999988));
#12212 = LINE('',#12213,#12214);
#12213 = CARTESIAN_POINT('',(-1.0999978,-0.8499983,0.));
#12214 = VECTOR('',#12215,1.);
#12215 = DIRECTION('',(0.,0.,1.));
#12216 = ORIENTED_EDGE('',*,*,#12217,.T.);
#12217 = EDGE_CURVE('',#12210,#12218,#12220,.T.);
#12218 = VERTEX_POINT('',#12219);
#12219 = CARTESIAN_POINT('',(-1.0999978,0.85000084,0.5999988));
#12220 = LINE('',#12221,#12222);
#12221 = CARTESIAN_POINT('',(-1.0999978,-0.8499983,0.5999988));
#12222 = VECTOR('',#12223,1.);
#12223 = DIRECTION('',(0.,1.,0.));
#12224 = ORIENTED_EDGE('',*,*,#12225,.F.);
#12225 = EDGE_CURVE('',#12226,#12218,#12228,.T.);
#12226 = VERTEX_POINT('',#12227);
#12227 = CARTESIAN_POINT('',(-1.0999978,0.85000084,0.));
#12228 = LINE('',#12229,#12230);
#12229 = CARTESIAN_POINT('',(-1.0999978,0.85000084,0.));
#12230 = VECTOR('',#12231,1.);
#12231 = DIRECTION('',(0.,0.,1.));
#12232 = ORIENTED_EDGE('',*,*,#12233,.F.);
#12233 = EDGE_CURVE('',#12208,#12226,#12234,.T.);
#12234 = LINE('',#12235,#12236);
#12235 = CARTESIAN_POINT('',(-1.0999978,-0.8499983,0.));
#12236 = VECTOR('',#12237,1.);
#12237 = DIRECTION('',(0.,1.,0.));
#12238 = PLANE('',#12239);
#12239 = AXIS2_PLACEMENT_3D('',#12240,#12241,#12242);
#12240 = CARTESIAN_POINT('',(-1.0999978,-0.8499983,0.));
#12241 = DIRECTION('',(-1.,0.,0.));
#12242 = DIRECTION('',(0.,1.,0.));
#12243 = ADVANCED_FACE('',(#12244),#12269,.T.);
#12244 = FACE_BOUND('',#12245,.T.);
#12245 = EDGE_LOOP('',(#12246,#12247,#12255,#12263));
#12246 = ORIENTED_EDGE('',*,*,#12225,.T.);
#12247 = ORIENTED_EDGE('',*,*,#12248,.T.);
#12248 = EDGE_CURVE('',#12218,#12249,#12251,.T.);
#12249 = VERTEX_POINT('',#12250);
#12250 = CARTESIAN_POINT('',(1.10000034,0.85000084,0.5999988));
#12251 = LINE('',#12252,#12253);
#12252 = CARTESIAN_POINT('',(-1.0999978,0.85000084,0.5999988));
#12253 = VECTOR('',#12254,1.);
#12254 = DIRECTION('',(1.,0.,0.));
#12255 = ORIENTED_EDGE('',*,*,#12256,.F.);
#12256 = EDGE_CURVE('',#12257,#12249,#12259,.T.);
#12257 = VERTEX_POINT('',#12258);
#12258 = CARTESIAN_POINT('',(1.10000034,0.85000084,0.));
#12259 = LINE('',#12260,#12261);
#12260 = CARTESIAN_POINT('',(1.10000034,0.85000084,0.));
#12261 = VECTOR('',#12262,1.);
#12262 = DIRECTION('',(0.,0.,1.));
#12263 = ORIENTED_EDGE('',*,*,#12264,.F.);
#12264 = EDGE_CURVE('',#12226,#12257,#12265,.T.);
#12265 = LINE('',#12266,#12267);
#12266 = CARTESIAN_POINT('',(-1.0999978,0.85000084,0.));
#12267 = VECTOR('',#12268,1.);
#12268 = DIRECTION('',(1.,0.,0.));
#12269 = PLANE('',#12270);
#12270 = AXIS2_PLACEMENT_3D('',#12271,#12272,#12273);
#12271 = CARTESIAN_POINT('',(-1.0999978,0.85000084,0.));
#12272 = DIRECTION('',(0.,1.,0.));
#12273 = DIRECTION('',(1.,0.,0.));
#12274 = ADVANCED_FACE('',(#12275),#12300,.T.);
#12275 = FACE_BOUND('',#12276,.T.);
#12276 = EDGE_LOOP('',(#12277,#12278,#12286,#12294));
#12277 = ORIENTED_EDGE('',*,*,#12256,.T.);
#12278 = ORIENTED_EDGE('',*,*,#12279,.T.);
#12279 = EDGE_CURVE('',#12249,#12280,#12282,.T.);
#12280 = VERTEX_POINT('',#12281);
#12281 = CARTESIAN_POINT('',(1.10000034,-0.8499983,0.5999988));
#12282 = LINE('',#12283,#12284);
#12283 = CARTESIAN_POINT('',(1.10000034,0.85000084,0.5999988));
#12284 = VECTOR('',#12285,1.);
#12285 = DIRECTION('',(0.,-1.,0.));
#12286 = ORIENTED_EDGE('',*,*,#12287,.F.);
#12287 = EDGE_CURVE('',#12288,#12280,#12290,.T.);
#12288 = VERTEX_POINT('',#12289);
#12289 = CARTESIAN_POINT('',(1.10000034,-0.8499983,0.));
#12290 = LINE('',#12291,#12292);
#12291 = CARTESIAN_POINT('',(1.10000034,-0.8499983,0.));
#12292 = VECTOR('',#12293,1.);
#12293 = DIRECTION('',(0.,0.,1.));
#12294 = ORIENTED_EDGE('',*,*,#12295,.F.);
#12295 = EDGE_CURVE('',#12257,#12288,#12296,.T.);
#12296 = LINE('',#12297,#12298);
#12297 = CARTESIAN_POINT('',(1.10000034,0.85000084,0.));
#12298 = VECTOR('',#12299,1.);
#12299 = DIRECTION('',(0.,-1.,0.));
#12300 = PLANE('',#12301);
#12301 = AXIS2_PLACEMENT_3D('',#12302,#12303,#12304);
#12302 = CARTESIAN_POINT('',(1.10000034,0.85000084,0.));
#12303 = DIRECTION('',(1.,0.,-0.));
#12304 = DIRECTION('',(0.,-1.,0.));
#12305 = ADVANCED_FACE('',(#12306),#12322,.T.);
#12306 = FACE_BOUND('',#12307,.T.);
#12307 = EDGE_LOOP('',(#12308,#12309,#12315,#12316));
#12308 = ORIENTED_EDGE('',*,*,#12287,.T.);
#12309 = ORIENTED_EDGE('',*,*,#12310,.T.);
#12310 = EDGE_CURVE('',#12280,#12210,#12311,.T.);
#12311 = LINE('',#12312,#12313);
#12312 = CARTESIAN_POINT('',(1.10000034,-0.8499983,0.5999988));
#12313 = VECTOR('',#12314,1.);
#12314 = DIRECTION('',(-1.,0.,0.));
#12315 = ORIENTED_EDGE('',*,*,#12207,.F.);
#12316 = ORIENTED_EDGE('',*,*,#12317,.F.);
#12317 = EDGE_CURVE('',#12288,#12208,#12318,.T.);
#12318 = LINE('',#12319,#12320);
#12319 = CARTESIAN_POINT('',(1.10000034,-0.8499983,0.));
#12320 = VECTOR('',#12321,1.);
#12321 = DIRECTION('',(-1.,0.,0.));
#12322 = PLANE('',#12323);
#12323 = AXIS2_PLACEMENT_3D('',#12324,#12325,#12326);
#12324 = CARTESIAN_POINT('',(1.10000034,-0.8499983,0.));
#12325 = DIRECTION('',(0.,-1.,0.));
#12326 = DIRECTION('',(-1.,0.,0.));
#12327 = ADVANCED_FACE('',(#12328),#12334,.T.);
#12328 = FACE_BOUND('',#12329,.T.);
#12329 = EDGE_LOOP('',(#12330,#12331,#12332,#12333));
#12330 = ORIENTED_EDGE('',*,*,#12233,.T.);
#12331 = ORIENTED_EDGE('',*,*,#12264,.T.);
#12332 = ORIENTED_EDGE('',*,*,#12295,.T.);
#12333 = ORIENTED_EDGE('',*,*,#12317,.T.);
#12334 = PLANE('',#12335);
#12335 = AXIS2_PLACEMENT_3D('',#12336,#12337,#12338);
#12336 = CARTESIAN_POINT('',(1.269999998455E-06,1.269999998512E-06,0.));
#12337 = DIRECTION('',(-0.,-0.,-1.));
#12338 = DIRECTION('',(-1.,0.,0.));
#12339 = ADVANCED_FACE('',(#12340),#12346,.F.);
#12340 = FACE_BOUND('',#12341,.F.);
#12341 = EDGE_LOOP('',(#12342,#12343,#12344,#12345));
#12342 = ORIENTED_EDGE('',*,*,#12217,.T.);
#12343 = ORIENTED_EDGE('',*,*,#12248,.T.);
#12344 = ORIENTED_EDGE('',*,*,#12279,.T.);
#12345 = ORIENTED_EDGE('',*,*,#12310,.T.);
#12346 = PLANE('',#12347);
#12347 = AXIS2_PLACEMENT_3D('',#12348,#12349,#12350);
#12348 = CARTESIAN_POINT('',(1.269999998455E-06,1.269999998512E-06,
    0.5999988));
#12349 = DIRECTION('',(-0.,-0.,-1.));
#12350 = DIRECTION('',(-1.,0.,0.));
#12351 = ( GEOMETRIC_REPRESENTATION_CONTEXT(3) 
GLOBAL_UNCERTAINTY_ASSIGNED_CONTEXT((#12355)) 
GLOBAL_UNIT_ASSIGNED_CONTEXT((#12352,#12353,#12354)) 
REPRESENTATION_CONTEXT('Context #1',
  '3D Context with UNIT and UNCERTAINTY') );
#12352 = ( LENGTH_UNIT() NAMED_UNIT(*) SI_UNIT(.MILLI.,.METRE.) );
#12353 = ( NAMED_UNIT(*) PLANE_ANGLE_UNIT() SI_UNIT($,.RADIAN.) );
#12354 = ( NAMED_UNIT(*) SI_UNIT($,.STERADIAN.) SOLID_ANGLE_UNIT() );
#12355 = UNCERTAINTY_MEASURE_WITH_UNIT(LENGTH_MEASURE(1.E-07),#12352,
  'distance_accuracy_value','confusion accuracy');
#12356 = SHAPE_DEFINITION_REPRESENTATION(#12357,#12200);
#12357 = PRODUCT_DEFINITION_SHAPE('','',#12358);
#12358 = PRODUCT_DEFINITION('design','',#12359,#12362);
#12359 = PRODUCT_DEFINITION_FORMATION('','',#12360);
#12360 = PRODUCT('Extruded','Extruded','',(#12361));
#12361 = PRODUCT_CONTEXT('',#2,'mechanical');
#12362 = PRODUCT_DEFINITION_CONTEXT('part definition',#2,'design');
#12363 = CONTEXT_DEPENDENT_SHAPE_REPRESENTATION(#12364,#12366);
#12364 = ( REPRESENTATION_RELATIONSHIP('','',#12200,#12190) 
REPRESENTATION_RELATIONSHIP_WITH_TRANSFORMATION(#12365) 
SHAPE_REPRESENTATION_RELATIONSHIP() );
#12365 = ITEM_DEFINED_TRANSFORMATION('','',#11,#12191);
#12366 = PRODUCT_DEFINITION_SHAPE('Placement','Placement of an item',
  #12367);
#12367 = NEXT_ASSEMBLY_USAGE_OCCURRENCE('273','12','',#12185,#12358,$);
#12368 = PRODUCT_RELATED_PRODUCT_CATEGORY('part',$,(#12360));
#12369 = CONTEXT_DEPENDENT_SHAPE_REPRESENTATION(#12370,#12372);
#12370 = ( REPRESENTATION_RELATIONSHIP('','',#12190,#11968) 
REPRESENTATION_RELATIONSHIP_WITH_TRANSFORMATION(#12371) 
SHAPE_REPRESENTATION_RELATIONSHIP() );
#12371 = ITEM_DEFINED_TRANSFORMATION('','',#11,#11977);
#12372 = PRODUCT_DEFINITION_SHAPE('Placement','Placement of an item',
  #12373);
#12373 = NEXT_ASSEMBLY_USAGE_OCCURRENCE('274','','',#11963,#12185,$);
#12374 = PRODUCT_RELATED_PRODUCT_CATEGORY('part',$,(#12187));
#12375 = CONTEXT_DEPENDENT_SHAPE_REPRESENTATION(#12376,#12378);
#12376 = ( REPRESENTATION_RELATIONSHIP('','',#11968,#10) 
REPRESENTATION_RELATIONSHIP_WITH_TRANSFORMATION(#12377) 
SHAPE_REPRESENTATION_RELATIONSHIP() );
#12377 = ITEM_DEFINED_TRANSFORMATION('','',#11,#275);
#12378 = PRODUCT_DEFINITION_SHAPE('Placement','Placement of an item',
  #12379);
#12379 = NEXT_ASSEMBLY_USAGE_OCCURRENCE('275','','',#5,#11963,$);
#12380 = PRODUCT_RELATED_PRODUCT_CATEGORY('part',$,(#11965));
#12381 = SHAPE_DEFINITION_REPRESENTATION(#12382,#12388);
#12382 = PRODUCT_DEFINITION_SHAPE('','',#12383);
#12383 = PRODUCT_DEFINITION('design','',#12384,#12387);
#12384 = PRODUCT_DEFINITION_FORMATION('','',#12385);
#12385 = PRODUCT('C2','C2','',(#12386));
#12386 = PRODUCT_CONTEXT('',#2,'mechanical');
#12387 = PRODUCT_DEFINITION_CONTEXT('part definition',#2,'design');
#12388 = SHAPE_REPRESENTATION('',(#11,#12389,#12393,#12397),#12401);
#12389 = AXIS2_PLACEMENT_3D('',#12390,#12391,#12392);
#12390 = CARTESIAN_POINT('',(-20.75000514351,-21.04999986,-1.0114787817)
  );
#12391 = DIRECTION('',(0.,0.,1.));
#12392 = DIRECTION('',(1.,0.,0.));
#12393 = AXIS2_PLACEMENT_3D('',#12394,#12395,#12396);
#12394 = CARTESIAN_POINT('',(-18.05000056587,-21.04999986,-1.0114787817)
  );
#12395 = DIRECTION('',(0.,0.,1.));
#12396 = DIRECTION('',(1.,0.,0.));
#12397 = AXIS2_PLACEMENT_3D('',#12398,#12399,#12400);
#12398 = CARTESIAN_POINT('',(-19.39999904,-21.04999986,-1.0114787817));
#12399 = DIRECTION('',(0.,0.,1.));
#12400 = DIRECTION('',(1.,0.,0.));
#12401 = ( GEOMETRIC_REPRESENTATION_CONTEXT(3) 
GLOBAL_UNCERTAINTY_ASSIGNED_CONTEXT((#12405)) 
GLOBAL_UNIT_ASSIGNED_CONTEXT((#12402,#12403,#12404)) 
REPRESENTATION_CONTEXT('Context #1',
  '3D Context with UNIT and UNCERTAINTY') );
#12402 = ( LENGTH_UNIT() NAMED_UNIT(*) SI_UNIT(.MILLI.,.METRE.) );
#12403 = ( NAMED_UNIT(*) PLANE_ANGLE_UNIT() SI_UNIT($,.RADIAN.) );
#12404 = ( NAMED_UNIT(*) SI_UNIT($,.STERADIAN.) SOLID_ANGLE_UNIT() );
#12405 = UNCERTAINTY_MEASURE_WITH_UNIT(LENGTH_MEASURE(1.E-07),#12402,
  'distance_accuracy_value','confusion accuracy');
#12406 = CONTEXT_DEPENDENT_SHAPE_REPRESENTATION(#12407,#12409);
#12407 = ( REPRESENTATION_RELATIONSHIP('','',#11993,#12388) 
REPRESENTATION_RELATIONSHIP_WITH_TRANSFORMATION(#12408) 
SHAPE_REPRESENTATION_RELATIONSHIP() );
#12408 = ITEM_DEFINED_TRANSFORMATION('','',#11,#12389);
#12409 = PRODUCT_DEFINITION_SHAPE('Placement','Placement of an item',
  #12410);
#12410 = NEXT_ASSEMBLY_USAGE_OCCURRENCE('276','','',#12383,#11988,$);
#12411 = CONTEXT_DEPENDENT_SHAPE_REPRESENTATION(#12412,#12414);
#12412 = ( REPRESENTATION_RELATIONSHIP('','',#11993,#12388) 
REPRESENTATION_RELATIONSHIP_WITH_TRANSFORMATION(#12413) 
SHAPE_REPRESENTATION_RELATIONSHIP() );
#12413 = ITEM_DEFINED_TRANSFORMATION('','',#11,#12393);
#12414 = PRODUCT_DEFINITION_SHAPE('Placement','Placement of an item',
  #12415);
#12415 = NEXT_ASSEMBLY_USAGE_OCCURRENCE('277','','',#12383,#11988,$);
#12416 = CONTEXT_DEPENDENT_SHAPE_REPRESENTATION(#12417,#12419);
#12417 = ( REPRESENTATION_RELATIONSHIP('','',#12190,#12388) 
REPRESENTATION_RELATIONSHIP_WITH_TRANSFORMATION(#12418) 
SHAPE_REPRESENTATION_RELATIONSHIP() );
#12418 = ITEM_DEFINED_TRANSFORMATION('','',#11,#12397);
#12419 = PRODUCT_DEFINITION_SHAPE('Placement','Placement of an item',
  #12420);
#12420 = NEXT_ASSEMBLY_USAGE_OCCURRENCE('278','','',#12383,#12185,$);
#12421 = CONTEXT_DEPENDENT_SHAPE_REPRESENTATION(#12422,#12424);
#12422 = ( REPRESENTATION_RELATIONSHIP('','',#12388,#10) 
REPRESENTATION_RELATIONSHIP_WITH_TRANSFORMATION(#12423) 
SHAPE_REPRESENTATION_RELATIONSHIP() );
#12423 = ITEM_DEFINED_TRANSFORMATION('','',#11,#279);
#12424 = PRODUCT_DEFINITION_SHAPE('Placement','Placement of an item',
  #12425);
#12425 = NEXT_ASSEMBLY_USAGE_OCCURRENCE('279','','',#5,#12383,$);
#12426 = PRODUCT_RELATED_PRODUCT_CATEGORY('part',$,(#12385));
#12427 = SHAPE_DEFINITION_REPRESENTATION(#12428,#12434);
#12428 = PRODUCT_DEFINITION_SHAPE('','',#12429);
#12429 = PRODUCT_DEFINITION('design','',#12430,#12433);
#12430 = PRODUCT_DEFINITION_FORMATION('','',#12431);
#12431 = PRODUCT('C1','C1','',(#12432));
#12432 = PRODUCT_CONTEXT('',#2,'mechanical');
#12433 = PRODUCT_DEFINITION_CONTEXT('part definition',#2,'design');
#12434 = SHAPE_REPRESENTATION('',(#11,#12435,#12439,#12443),#12447);
#12435 = AXIS2_PLACEMENT_3D('',#12436,#12437,#12438);
#12436 = CARTESIAN_POINT('',(-10.25000514351,-34.04999986,-1.0114787817)
  );
#12437 = DIRECTION('',(0.,0.,1.));
#12438 = DIRECTION('',(1.,0.,0.));
#12439 = AXIS2_PLACEMENT_3D('',#12440,#12441,#12442);
#12440 = CARTESIAN_POINT('',(-7.550000565879,-34.04999986,-1.0114787817)
  );
#12441 = DIRECTION('',(0.,0.,1.));
#12442 = DIRECTION('',(1.,0.,0.));
#12443 = AXIS2_PLACEMENT_3D('',#12444,#12445,#12446);
#12444 = CARTESIAN_POINT('',(-8.89999904,-34.04999986,-1.0114787817));
#12445 = DIRECTION('',(0.,0.,1.));
#12446 = DIRECTION('',(1.,0.,0.));
#12447 = ( GEOMETRIC_REPRESENTATION_CONTEXT(3) 
GLOBAL_UNCERTAINTY_ASSIGNED_CONTEXT((#12451)) 
GLOBAL_UNIT_ASSIGNED_CONTEXT((#12448,#12449,#12450)) 
REPRESENTATION_CONTEXT('Context #1',
  '3D Context with UNIT and UNCERTAINTY') );
#12448 = ( LENGTH_UNIT() NAMED_UNIT(*) SI_UNIT(.MILLI.,.METRE.) );
#12449 = ( NAMED_UNIT(*) PLANE_ANGLE_UNIT() SI_UNIT($,.RADIAN.) );
#12450 = ( NAMED_UNIT(*) SI_UNIT($,.STERADIAN.) SOLID_ANGLE_UNIT() );
#12451 = UNCERTAINTY_MEASURE_WITH_UNIT(LENGTH_MEASURE(1.E-07),#12448,
  'distance_accuracy_value','confusion accuracy');
#12452 = CONTEXT_DEPENDENT_SHAPE_REPRESENTATION(#12453,#12455);
#12453 = ( REPRESENTATION_RELATIONSHIP('','',#11993,#12434) 
REPRESENTATION_RELATIONSHIP_WITH_TRANSFORMATION(#12454) 
SHAPE_REPRESENTATION_RELATIONSHIP() );
#12454 = ITEM_DEFINED_TRANSFORMATION('','',#11,#12435);
#12455 = PRODUCT_DEFINITION_SHAPE('Placement','Placement of an item',
  #12456);
#12456 = NEXT_ASSEMBLY_USAGE_OCCURRENCE('280','','',#12429,#11988,$);
#12457 = CONTEXT_DEPENDENT_SHAPE_REPRESENTATION(#12458,#12460);
#12458 = ( REPRESENTATION_RELATIONSHIP('','',#11993,#12434) 
REPRESENTATION_RELATIONSHIP_WITH_TRANSFORMATION(#12459) 
SHAPE_REPRESENTATION_RELATIONSHIP() );
#12459 = ITEM_DEFINED_TRANSFORMATION('','',#11,#12439);
#12460 = PRODUCT_DEFINITION_SHAPE('Placement','Placement of an item',
  #12461);
#12461 = NEXT_ASSEMBLY_USAGE_OCCURRENCE('281','','',#12429,#11988,$);
#12462 = CONTEXT_DEPENDENT_SHAPE_REPRESENTATION(#12463,#12465);
#12463 = ( REPRESENTATION_RELATIONSHIP('','',#12190,#12434) 
REPRESENTATION_RELATIONSHIP_WITH_TRANSFORMATION(#12464) 
SHAPE_REPRESENTATION_RELATIONSHIP() );
#12464 = ITEM_DEFINED_TRANSFORMATION('','',#11,#12443);
#12465 = PRODUCT_DEFINITION_SHAPE('Placement','Placement of an item',
  #12466);
#12466 = NEXT_ASSEMBLY_USAGE_OCCURRENCE('282','','',#12429,#12185,$);
#12467 = CONTEXT_DEPENDENT_SHAPE_REPRESENTATION(#12468,#12470);
#12468 = ( REPRESENTATION_RELATIONSHIP('','',#12434,#10) 
REPRESENTATION_RELATIONSHIP_WITH_TRANSFORMATION(#12469) 
SHAPE_REPRESENTATION_RELATIONSHIP() );
#12469 = ITEM_DEFINED_TRANSFORMATION('','',#11,#283);
#12470 = PRODUCT_DEFINITION_SHAPE('Placement','Placement of an item',
  #12471);
#12471 = NEXT_ASSEMBLY_USAGE_OCCURRENCE('283','','',#5,#12429,$);
#12472 = PRODUCT_RELATED_PRODUCT_CATEGORY('part',$,(#12431));
#12473 = MECHANICAL_DESIGN_GEOMETRIC_PRESENTATION_REPRESENTATION('',(
    #12474),#7944);
#12474 = STYLED_ITEM('color',(#12475),#7794);
#12475 = PRESENTATION_STYLE_ASSIGNMENT((#12476,#12482));
#12476 = SURFACE_STYLE_USAGE(.BOTH.,#12477);
#12477 = SURFACE_SIDE_STYLE('',(#12478));
#12478 = SURFACE_STYLE_FILL_AREA(#12479);
#12479 = FILL_AREA_STYLE('',(#12480));
#12480 = FILL_AREA_STYLE_COLOUR('',#12481);
#12481 = COLOUR_RGB('',0.752941164258,0.752941164258,0.752941164258);
#12482 = CURVE_STYLE('',#12483,POSITIVE_LENGTH_MEASURE(0.1),#12481);
#12483 = DRAUGHTING_PRE_DEFINED_CURVE_FONT('continuous');
#12484 = MECHANICAL_DESIGN_GEOMETRIC_PRESENTATION_REPRESENTATION('',(
    #12485),#12351);
#12485 = STYLED_ITEM('color',(#12486),#12201);
#12486 = PRESENTATION_STYLE_ASSIGNMENT((#12487,#12493));
#12487 = SURFACE_STYLE_USAGE(.BOTH.,#12488);
#12488 = SURFACE_SIDE_STYLE('',(#12489));
#12489 = SURFACE_STYLE_FILL_AREA(#12490);
#12490 = FILL_AREA_STYLE('',(#12491));
#12491 = FILL_AREA_STYLE_COLOUR('',#12492);
#12492 = COLOUR_RGB('',0.811764696686,0.788235302081,0.709803916149);
#12493 = CURVE_STYLE('',#12494,POSITIVE_LENGTH_MEASURE(0.1),#12492);
#12494 = DRAUGHTING_PRE_DEFINED_CURVE_FONT('continuous');
#12495 = MECHANICAL_DESIGN_GEOMETRIC_PRESENTATION_REPRESENTATION('',(
    #12496),#11734);
#12496 = STYLED_ITEM('color',(#12497),#11584);
#12497 = PRESENTATION_STYLE_ASSIGNMENT((#12498,#12503));
#12498 = SURFACE_STYLE_USAGE(.BOTH.,#12499);
#12499 = SURFACE_SIDE_STYLE('',(#12500));
#12500 = SURFACE_STYLE_FILL_AREA(#12501);
#12501 = FILL_AREA_STYLE('',(#12502));
#12502 = FILL_AREA_STYLE_COLOUR('',#12481);
#12503 = CURVE_STYLE('',#12504,POSITIVE_LENGTH_MEASURE(0.1),#12481);
#12504 = DRAUGHTING_PRE_DEFINED_CURVE_FONT('continuous');
#12505 = MECHANICAL_DESIGN_GEOMETRIC_PRESENTATION_REPRESENTATION('',(
    #12506),#1259);
#12506 = STYLED_ITEM('color',(#12507),#311);
#12507 = PRESENTATION_STYLE_ASSIGNMENT((#12508,#12514));
#12508 = SURFACE_STYLE_USAGE(.BOTH.,#12509);
#12509 = SURFACE_SIDE_STYLE('',(#12510));
#12510 = SURFACE_STYLE_FILL_AREA(#12511);
#12511 = FILL_AREA_STYLE('',(#12512));
#12512 = FILL_AREA_STYLE_COLOUR('',#12513);
#12513 = COLOUR_RGB('',0.,0.501960785193,0.);
#12514 = CURVE_STYLE('',#12515,POSITIVE_LENGTH_MEASURE(0.1),#12513);
#12515 = DRAUGHTING_PRE_DEFINED_CURVE_FONT('continuous');
#12516 = MECHANICAL_DESIGN_GEOMETRIC_PRESENTATION_REPRESENTATION('',(
    #12517),#1476);
#12517 = STYLED_ITEM('color',(#12518),#1326);
#12518 = PRESENTATION_STYLE_ASSIGNMENT((#12519,#12524));
#12519 = SURFACE_STYLE_USAGE(.BOTH.,#12520);
#12520 = SURFACE_SIDE_STYLE('',(#12521));
#12521 = SURFACE_STYLE_FILL_AREA(#12522);
#12522 = FILL_AREA_STYLE('',(#12523));
#12523 = FILL_AREA_STYLE_COLOUR('',#12481);
#12524 = CURVE_STYLE('',#12525,POSITIVE_LENGTH_MEASURE(0.1),#12481);
#12525 = DRAUGHTING_PRE_DEFINED_CURVE_FONT('continuous');
#12526 = MECHANICAL_DESIGN_GEOMETRIC_PRESENTATION_REPRESENTATION('',(
    #12527),#11931);
#12527 = STYLED_ITEM('color',(#12528),#11781);
#12528 = PRESENTATION_STYLE_ASSIGNMENT((#12529,#12534));
#12529 = SURFACE_STYLE_USAGE(.BOTH.,#12530);
#12530 = SURFACE_SIDE_STYLE('',(#12531));
#12531 = SURFACE_STYLE_FILL_AREA(#12532);
#12532 = FILL_AREA_STYLE('',(#12533));
#12533 = FILL_AREA_STYLE_COLOUR('',#12492);
#12534 = CURVE_STYLE('',#12535,POSITIVE_LENGTH_MEASURE(0.1),#12492);
#12535 = DRAUGHTING_PRE_DEFINED_CURVE_FONT('continuous');
#12536 = MECHANICAL_DESIGN_GEOMETRIC_PRESENTATION_REPRESENTATION('',(
    #12537),#1673);
#12537 = STYLED_ITEM('color',(#12538),#1523);
#12538 = PRESENTATION_STYLE_ASSIGNMENT((#12539,#12544));
#12539 = SURFACE_STYLE_USAGE(.BOTH.,#12540);
#12540 = SURFACE_SIDE_STYLE('',(#12541));
#12541 = SURFACE_STYLE_FILL_AREA(#12542);
#12542 = FILL_AREA_STYLE('',(#12543));
#12543 = FILL_AREA_STYLE_COLOUR('',#12492);
#12544 = CURVE_STYLE('',#12545,POSITIVE_LENGTH_MEASURE(0.1),#12492);
#12545 = DRAUGHTING_PRE_DEFINED_CURVE_FONT('continuous');
#12546 = MECHANICAL_DESIGN_GEOMETRIC_PRESENTATION_REPRESENTATION('',(
    #12547),#11368);
#12547 = STYLED_ITEM('color',(#12548),#11218);
#12548 = PRESENTATION_STYLE_ASSIGNMENT((#12549,#12554));
#12549 = SURFACE_STYLE_USAGE(.BOTH.,#12550);
#12550 = SURFACE_SIDE_STYLE('',(#12551));
#12551 = SURFACE_STYLE_FILL_AREA(#12552);
#12552 = FILL_AREA_STYLE('',(#12553));
#12553 = FILL_AREA_STYLE_COLOUR('',#12481);
#12554 = CURVE_STYLE('',#12555,POSITIVE_LENGTH_MEASURE(0.1),#12481);
#12555 = DRAUGHTING_PRE_DEFINED_CURVE_FONT('continuous');
#12556 = MECHANICAL_DESIGN_GEOMETRIC_PRESENTATION_REPRESENTATION('',(
    #12557,#12565,#12573,#12580,#12588,#12596,#12603,#12610,#12617,
    #12624,#12631,#12638,#12645,#12652,#12659,#12666,#12673,#12680,
    #12687,#12694,#12701,#12708,#12715,#12722,#12729,#12736,#12743,
    #12750,#12757,#12764,#12771,#12778,#12785,#12792,#12799,#12806,
    #12813,#12820,#12827,#12834,#12841,#12848,#12855,#12862,#12869,
    #12876,#12883,#12890,#12897,#12904,#12911,#12918,#12925,#12932,
    #12939,#12946,#12953),#7438);
#12557 = STYLED_ITEM('color',(#12558),#1775);
#12558 = PRESENTATION_STYLE_ASSIGNMENT((#12559));
#12559 = SURFACE_STYLE_USAGE(.BOTH.,#12560);
#12560 = SURFACE_SIDE_STYLE('',(#12561));
#12561 = SURFACE_STYLE_FILL_AREA(#12562);
#12562 = FILL_AREA_STYLE('',(#12563));
#12563 = FILL_AREA_STYLE_COLOUR('',#12564);
#12564 = COLOUR_RGB('',0.843137261657,0.815686284108,0.752941164258);
#12565 = STYLED_ITEM('color',(#12566),#1925);
#12566 = PRESENTATION_STYLE_ASSIGNMENT((#12567));
#12567 = SURFACE_STYLE_USAGE(.BOTH.,#12568);
#12568 = SURFACE_SIDE_STYLE('',(#12569));
#12569 = SURFACE_STYLE_FILL_AREA(#12570);
#12570 = FILL_AREA_STYLE('',(#12571));
#12571 = FILL_AREA_STYLE_COLOUR('',#12572);
#12572 = COLOUR_RGB('',0.898039222556,0.917647049334,0.929411760963);
#12573 = STYLED_ITEM('color',(#12574),#2339);
#12574 = PRESENTATION_STYLE_ASSIGNMENT((#12575));
#12575 = SURFACE_STYLE_USAGE(.BOTH.,#12576);
#12576 = SURFACE_SIDE_STYLE('',(#12577));
#12577 = SURFACE_STYLE_FILL_AREA(#12578);
#12578 = FILL_AREA_STYLE('',(#12579));
#12579 = FILL_AREA_STYLE_COLOUR('',#12572);
#12580 = STYLED_ITEM('color',(#12581),#2753);
#12581 = PRESENTATION_STYLE_ASSIGNMENT((#12582));
#12582 = SURFACE_STYLE_USAGE(.BOTH.,#12583);
#12583 = SURFACE_SIDE_STYLE('',(#12584));
#12584 = SURFACE_STYLE_FILL_AREA(#12585);
#12585 = FILL_AREA_STYLE('',(#12586));
#12586 = FILL_AREA_STYLE_COLOUR('',#12587);
#12587 = COLOUR_RGB('',9.803921802644E-02,9.803921802644E-02,
  9.803921802644E-02);
#12588 = OVER_RIDING_STYLED_ITEM('overriding color',(#12589),#3567,
  #12580);
#12589 = PRESENTATION_STYLE_ASSIGNMENT((#12590));
#12590 = SURFACE_STYLE_USAGE(.BOTH.,#12591);
#12591 = SURFACE_SIDE_STYLE('',(#12592));
#12592 = SURFACE_STYLE_FILL_AREA(#12593);
#12593 = FILL_AREA_STYLE('',(#12594));
#12594 = FILL_AREA_STYLE_COLOUR('',#12595);
#12595 = DRAUGHTING_PRE_DEFINED_COLOUR('white');
#12596 = OVER_RIDING_STYLED_ITEM('overriding color',(#12597),#3825,
  #12580);
#12597 = PRESENTATION_STYLE_ASSIGNMENT((#12598));
#12598 = SURFACE_STYLE_USAGE(.BOTH.,#12599);
#12599 = SURFACE_SIDE_STYLE('',(#12600));
#12600 = SURFACE_STYLE_FILL_AREA(#12601);
#12601 = FILL_AREA_STYLE('',(#12602));
#12602 = FILL_AREA_STYLE_COLOUR('',#12595);
#12603 = OVER_RIDING_STYLED_ITEM('overriding color',(#12604),#3897,
  #12580);
#12604 = PRESENTATION_STYLE_ASSIGNMENT((#12605));
#12605 = SURFACE_STYLE_USAGE(.BOTH.,#12606);
#12606 = SURFACE_SIDE_STYLE('',(#12607));
#12607 = SURFACE_STYLE_FILL_AREA(#12608);
#12608 = FILL_AREA_STYLE('',(#12609));
#12609 = FILL_AREA_STYLE_COLOUR('',#12595);
#12610 = OVER_RIDING_STYLED_ITEM('overriding color',(#12611),#3964,
  #12580);
#12611 = PRESENTATION_STYLE_ASSIGNMENT((#12612));
#12612 = SURFACE_STYLE_USAGE(.BOTH.,#12613);
#12613 = SURFACE_SIDE_STYLE('',(#12614));
#12614 = SURFACE_STYLE_FILL_AREA(#12615);
#12615 = FILL_AREA_STYLE('',(#12616));
#12616 = FILL_AREA_STYLE_COLOUR('',#12595);
#12617 = OVER_RIDING_STYLED_ITEM('overriding color',(#12618),#4031,
  #12580);
#12618 = PRESENTATION_STYLE_ASSIGNMENT((#12619));
#12619 = SURFACE_STYLE_USAGE(.BOTH.,#12620);
#12620 = SURFACE_SIDE_STYLE('',(#12621));
#12621 = SURFACE_STYLE_FILL_AREA(#12622);
#12622 = FILL_AREA_STYLE('',(#12623));
#12623 = FILL_AREA_STYLE_COLOUR('',#12595);
#12624 = OVER_RIDING_STYLED_ITEM('overriding color',(#12625),#4093,
  #12580);
#12625 = PRESENTATION_STYLE_ASSIGNMENT((#12626));
#12626 = SURFACE_STYLE_USAGE(.BOTH.,#12627);
#12627 = SURFACE_SIDE_STYLE('',(#12628));
#12628 = SURFACE_STYLE_FILL_AREA(#12629);
#12629 = FILL_AREA_STYLE('',(#12630));
#12630 = FILL_AREA_STYLE_COLOUR('',#12595);
#12631 = OVER_RIDING_STYLED_ITEM('overriding color',(#12632),#4186,
  #12580);
#12632 = PRESENTATION_STYLE_ASSIGNMENT((#12633));
#12633 = SURFACE_STYLE_USAGE(.BOTH.,#12634);
#12634 = SURFACE_SIDE_STYLE('',(#12635));
#12635 = SURFACE_STYLE_FILL_AREA(#12636);
#12636 = FILL_AREA_STYLE('',(#12637));
#12637 = FILL_AREA_STYLE_COLOUR('',#12595);
#12638 = OVER_RIDING_STYLED_ITEM('overriding color',(#12639),#4272,
  #12580);
#12639 = PRESENTATION_STYLE_ASSIGNMENT((#12640));
#12640 = SURFACE_STYLE_USAGE(.BOTH.,#12641);
#12641 = SURFACE_SIDE_STYLE('',(#12642));
#12642 = SURFACE_STYLE_FILL_AREA(#12643);
#12643 = FILL_AREA_STYLE('',(#12644));
#12644 = FILL_AREA_STYLE_COLOUR('',#12595);
#12645 = OVER_RIDING_STYLED_ITEM('overriding color',(#12646),#4334,
  #12580);
#12646 = PRESENTATION_STYLE_ASSIGNMENT((#12647));
#12647 = SURFACE_STYLE_USAGE(.BOTH.,#12648);
#12648 = SURFACE_SIDE_STYLE('',(#12649));
#12649 = SURFACE_STYLE_FILL_AREA(#12650);
#12650 = FILL_AREA_STYLE('',(#12651));
#12651 = FILL_AREA_STYLE_COLOUR('',#12595);
#12652 = OVER_RIDING_STYLED_ITEM('overriding color',(#12653),#4384,
  #12580);
#12653 = PRESENTATION_STYLE_ASSIGNMENT((#12654));
#12654 = SURFACE_STYLE_USAGE(.BOTH.,#12655);
#12655 = SURFACE_SIDE_STYLE('',(#12656));
#12656 = SURFACE_STYLE_FILL_AREA(#12657);
#12657 = FILL_AREA_STYLE('',(#12658));
#12658 = FILL_AREA_STYLE_COLOUR('',#12595);
#12659 = OVER_RIDING_STYLED_ITEM('overriding color',(#12660),#4476,
  #12580);
#12660 = PRESENTATION_STYLE_ASSIGNMENT((#12661));
#12661 = SURFACE_STYLE_USAGE(.BOTH.,#12662);
#12662 = SURFACE_SIDE_STYLE('',(#12663));
#12663 = SURFACE_STYLE_FILL_AREA(#12664);
#12664 = FILL_AREA_STYLE('',(#12665));
#12665 = FILL_AREA_STYLE_COLOUR('',#12595);
#12666 = OVER_RIDING_STYLED_ITEM('overriding color',(#12667),#4848,
  #12580);
#12667 = PRESENTATION_STYLE_ASSIGNMENT((#12668));
#12668 = SURFACE_STYLE_USAGE(.BOTH.,#12669);
#12669 = SURFACE_SIDE_STYLE('',(#12670));
#12670 = SURFACE_STYLE_FILL_AREA(#12671);
#12671 = FILL_AREA_STYLE('',(#12672));
#12672 = FILL_AREA_STYLE_COLOUR('',#12595);
#12673 = OVER_RIDING_STYLED_ITEM('overriding color',(#12674),#4888,
  #12580);
#12674 = PRESENTATION_STYLE_ASSIGNMENT((#12675));
#12675 = SURFACE_STYLE_USAGE(.BOTH.,#12676);
#12676 = SURFACE_SIDE_STYLE('',(#12677));
#12677 = SURFACE_STYLE_FILL_AREA(#12678);
#12678 = FILL_AREA_STYLE('',(#12679));
#12679 = FILL_AREA_STYLE_COLOUR('',#12595);
#12680 = OVER_RIDING_STYLED_ITEM('overriding color',(#12681),#4931,
  #12580);
#12681 = PRESENTATION_STYLE_ASSIGNMENT((#12682));
#12682 = SURFACE_STYLE_USAGE(.BOTH.,#12683);
#12683 = SURFACE_SIDE_STYLE('',(#12684));
#12684 = SURFACE_STYLE_FILL_AREA(#12685);
#12685 = FILL_AREA_STYLE('',(#12686));
#12686 = FILL_AREA_STYLE_COLOUR('',#12595);
#12687 = OVER_RIDING_STYLED_ITEM('overriding color',(#12688),#4974,
  #12580);
#12688 = PRESENTATION_STYLE_ASSIGNMENT((#12689));
#12689 = SURFACE_STYLE_USAGE(.BOTH.,#12690);
#12690 = SURFACE_SIDE_STYLE('',(#12691));
#12691 = SURFACE_STYLE_FILL_AREA(#12692);
#12692 = FILL_AREA_STYLE('',(#12693));
#12693 = FILL_AREA_STYLE_COLOUR('',#12595);
#12694 = OVER_RIDING_STYLED_ITEM('overriding color',(#12695),#5009,
  #12580);
#12695 = PRESENTATION_STYLE_ASSIGNMENT((#12696));
#12696 = SURFACE_STYLE_USAGE(.BOTH.,#12697);
#12697 = SURFACE_SIDE_STYLE('',(#12698));
#12698 = SURFACE_STYLE_FILL_AREA(#12699);
#12699 = FILL_AREA_STYLE('',(#12700));
#12700 = FILL_AREA_STYLE_COLOUR('',#12595);
#12701 = OVER_RIDING_STYLED_ITEM('overriding color',(#12702),#5060,
  #12580);
#12702 = PRESENTATION_STYLE_ASSIGNMENT((#12703));
#12703 = SURFACE_STYLE_USAGE(.BOTH.,#12704);
#12704 = SURFACE_SIDE_STYLE('',(#12705));
#12705 = SURFACE_STYLE_FILL_AREA(#12706);
#12706 = FILL_AREA_STYLE('',(#12707));
#12707 = FILL_AREA_STYLE_COLOUR('',#12595);
#12708 = OVER_RIDING_STYLED_ITEM('overriding color',(#12709),#5111,
  #12580);
#12709 = PRESENTATION_STYLE_ASSIGNMENT((#12710));
#12710 = SURFACE_STYLE_USAGE(.BOTH.,#12711);
#12711 = SURFACE_SIDE_STYLE('',(#12712));
#12712 = SURFACE_STYLE_FILL_AREA(#12713);
#12713 = FILL_AREA_STYLE('',(#12714));
#12714 = FILL_AREA_STYLE_COLOUR('',#12595);
#12715 = OVER_RIDING_STYLED_ITEM('overriding color',(#12716),#5146,
  #12580);
#12716 = PRESENTATION_STYLE_ASSIGNMENT((#12717));
#12717 = SURFACE_STYLE_USAGE(.BOTH.,#12718);
#12718 = SURFACE_SIDE_STYLE('',(#12719));
#12719 = SURFACE_STYLE_FILL_AREA(#12720);
#12720 = FILL_AREA_STYLE('',(#12721));
#12721 = FILL_AREA_STYLE_COLOUR('',#12595);
#12722 = OVER_RIDING_STYLED_ITEM('overriding color',(#12723),#5181,
  #12580);
#12723 = PRESENTATION_STYLE_ASSIGNMENT((#12724));
#12724 = SURFACE_STYLE_USAGE(.BOTH.,#12725);
#12725 = SURFACE_SIDE_STYLE('',(#12726));
#12726 = SURFACE_STYLE_FILL_AREA(#12727);
#12727 = FILL_AREA_STYLE('',(#12728));
#12728 = FILL_AREA_STYLE_COLOUR('',#12595);
#12729 = OVER_RIDING_STYLED_ITEM('overriding color',(#12730),#5227,
  #12580);
#12730 = PRESENTATION_STYLE_ASSIGNMENT((#12731));
#12731 = SURFACE_STYLE_USAGE(.BOTH.,#12732);
#12732 = SURFACE_SIDE_STYLE('',(#12733));
#12733 = SURFACE_STYLE_FILL_AREA(#12734);
#12734 = FILL_AREA_STYLE('',(#12735));
#12735 = FILL_AREA_STYLE_COLOUR('',#12595);
#12736 = OVER_RIDING_STYLED_ITEM('overriding color',(#12737),#5308,
  #12580);
#12737 = PRESENTATION_STYLE_ASSIGNMENT((#12738));
#12738 = SURFACE_STYLE_USAGE(.BOTH.,#12739);
#12739 = SURFACE_SIDE_STYLE('',(#12740));
#12740 = SURFACE_STYLE_FILL_AREA(#12741);
#12741 = FILL_AREA_STYLE('',(#12742));
#12742 = FILL_AREA_STYLE_COLOUR('',#12595);
#12743 = OVER_RIDING_STYLED_ITEM('overriding color',(#12744),#5382,
  #12580);
#12744 = PRESENTATION_STYLE_ASSIGNMENT((#12745));
#12745 = SURFACE_STYLE_USAGE(.BOTH.,#12746);
#12746 = SURFACE_SIDE_STYLE('',(#12747));
#12747 = SURFACE_STYLE_FILL_AREA(#12748);
#12748 = FILL_AREA_STYLE('',(#12749));
#12749 = FILL_AREA_STYLE_COLOUR('',#12595);
#12750 = OVER_RIDING_STYLED_ITEM('overriding color',(#12751),#5456,
  #12580);
#12751 = PRESENTATION_STYLE_ASSIGNMENT((#12752));
#12752 = SURFACE_STYLE_USAGE(.BOTH.,#12753);
#12753 = SURFACE_SIDE_STYLE('',(#12754));
#12754 = SURFACE_STYLE_FILL_AREA(#12755);
#12755 = FILL_AREA_STYLE('',(#12756));
#12756 = FILL_AREA_STYLE_COLOUR('',#12595);
#12757 = OVER_RIDING_STYLED_ITEM('overriding color',(#12758),#5511,
  #12580);
#12758 = PRESENTATION_STYLE_ASSIGNMENT((#12759));
#12759 = SURFACE_STYLE_USAGE(.BOTH.,#12760);
#12760 = SURFACE_SIDE_STYLE('',(#12761));
#12761 = SURFACE_STYLE_FILL_AREA(#12762);
#12762 = FILL_AREA_STYLE('',(#12763));
#12763 = FILL_AREA_STYLE_COLOUR('',#12595);
#12764 = OVER_RIDING_STYLED_ITEM('overriding color',(#12765),#5592,
  #12580);
#12765 = PRESENTATION_STYLE_ASSIGNMENT((#12766));
#12766 = SURFACE_STYLE_USAGE(.BOTH.,#12767);
#12767 = SURFACE_SIDE_STYLE('',(#12768));
#12768 = SURFACE_STYLE_FILL_AREA(#12769);
#12769 = FILL_AREA_STYLE('',(#12770));
#12770 = FILL_AREA_STYLE_COLOUR('',#12595);
#12771 = OVER_RIDING_STYLED_ITEM('overriding color',(#12772),#5666,
  #12580);
#12772 = PRESENTATION_STYLE_ASSIGNMENT((#12773));
#12773 = SURFACE_STYLE_USAGE(.BOTH.,#12774);
#12774 = SURFACE_SIDE_STYLE('',(#12775));
#12775 = SURFACE_STYLE_FILL_AREA(#12776);
#12776 = FILL_AREA_STYLE('',(#12777));
#12777 = FILL_AREA_STYLE_COLOUR('',#12595);
#12778 = OVER_RIDING_STYLED_ITEM('overriding color',(#12779),#5728,
  #12580);
#12779 = PRESENTATION_STYLE_ASSIGNMENT((#12780));
#12780 = SURFACE_STYLE_USAGE(.BOTH.,#12781);
#12781 = SURFACE_SIDE_STYLE('',(#12782));
#12782 = SURFACE_STYLE_FILL_AREA(#12783);
#12783 = FILL_AREA_STYLE('',(#12784));
#12784 = FILL_AREA_STYLE_COLOUR('',#12595);
#12785 = OVER_RIDING_STYLED_ITEM('overriding color',(#12786),#5819,
  #12580);
#12786 = PRESENTATION_STYLE_ASSIGNMENT((#12787));
#12787 = SURFACE_STYLE_USAGE(.BOTH.,#12788);
#12788 = SURFACE_SIDE_STYLE('',(#12789));
#12789 = SURFACE_STYLE_FILL_AREA(#12790);
#12790 = FILL_AREA_STYLE('',(#12791));
#12791 = FILL_AREA_STYLE_COLOUR('',#12595);
#12792 = OVER_RIDING_STYLED_ITEM('overriding color',(#12793),#6077,
  #12580);
#12793 = PRESENTATION_STYLE_ASSIGNMENT((#12794));
#12794 = SURFACE_STYLE_USAGE(.BOTH.,#12795);
#12795 = SURFACE_SIDE_STYLE('',(#12796));
#12796 = SURFACE_STYLE_FILL_AREA(#12797);
#12797 = FILL_AREA_STYLE('',(#12798));
#12798 = FILL_AREA_STYLE_COLOUR('',#12595);
#12799 = OVER_RIDING_STYLED_ITEM('overriding color',(#12800),#6149,
  #12580);
#12800 = PRESENTATION_STYLE_ASSIGNMENT((#12801));
#12801 = SURFACE_STYLE_USAGE(.BOTH.,#12802);
#12802 = SURFACE_SIDE_STYLE('',(#12803));
#12803 = SURFACE_STYLE_FILL_AREA(#12804);
#12804 = FILL_AREA_STYLE('',(#12805));
#12805 = FILL_AREA_STYLE_COLOUR('',#12595);
#12806 = OVER_RIDING_STYLED_ITEM('overriding color',(#12807),#6216,
  #12580);
#12807 = PRESENTATION_STYLE_ASSIGNMENT((#12808));
#12808 = SURFACE_STYLE_USAGE(.BOTH.,#12809);
#12809 = SURFACE_SIDE_STYLE('',(#12810));
#12810 = SURFACE_STYLE_FILL_AREA(#12811);
#12811 = FILL_AREA_STYLE('',(#12812));
#12812 = FILL_AREA_STYLE_COLOUR('',#12595);
#12813 = OVER_RIDING_STYLED_ITEM('overriding color',(#12814),#6283,
  #12580);
#12814 = PRESENTATION_STYLE_ASSIGNMENT((#12815));
#12815 = SURFACE_STYLE_USAGE(.BOTH.,#12816);
#12816 = SURFACE_SIDE_STYLE('',(#12817));
#12817 = SURFACE_STYLE_FILL_AREA(#12818);
#12818 = FILL_AREA_STYLE('',(#12819));
#12819 = FILL_AREA_STYLE_COLOUR('',#12595);
#12820 = OVER_RIDING_STYLED_ITEM('overriding color',(#12821),#6345,
  #12580);
#12821 = PRESENTATION_STYLE_ASSIGNMENT((#12822));
#12822 = SURFACE_STYLE_USAGE(.BOTH.,#12823);
#12823 = SURFACE_SIDE_STYLE('',(#12824));
#12824 = SURFACE_STYLE_FILL_AREA(#12825);
#12825 = FILL_AREA_STYLE('',(#12826));
#12826 = FILL_AREA_STYLE_COLOUR('',#12595);
#12827 = OVER_RIDING_STYLED_ITEM('overriding color',(#12828),#6438,
  #12580);
#12828 = PRESENTATION_STYLE_ASSIGNMENT((#12829));
#12829 = SURFACE_STYLE_USAGE(.BOTH.,#12830);
#12830 = SURFACE_SIDE_STYLE('',(#12831));
#12831 = SURFACE_STYLE_FILL_AREA(#12832);
#12832 = FILL_AREA_STYLE('',(#12833));
#12833 = FILL_AREA_STYLE_COLOUR('',#12595);
#12834 = OVER_RIDING_STYLED_ITEM('overriding color',(#12835),#6524,
  #12580);
#12835 = PRESENTATION_STYLE_ASSIGNMENT((#12836));
#12836 = SURFACE_STYLE_USAGE(.BOTH.,#12837);
#12837 = SURFACE_SIDE_STYLE('',(#12838));
#12838 = SURFACE_STYLE_FILL_AREA(#12839);
#12839 = FILL_AREA_STYLE('',(#12840));
#12840 = FILL_AREA_STYLE_COLOUR('',#12595);
#12841 = OVER_RIDING_STYLED_ITEM('overriding color',(#12842),#6586,
  #12580);
#12842 = PRESENTATION_STYLE_ASSIGNMENT((#12843));
#12843 = SURFACE_STYLE_USAGE(.BOTH.,#12844);
#12844 = SURFACE_SIDE_STYLE('',(#12845));
#12845 = SURFACE_STYLE_FILL_AREA(#12846);
#12846 = FILL_AREA_STYLE('',(#12847));
#12847 = FILL_AREA_STYLE_COLOUR('',#12595);
#12848 = OVER_RIDING_STYLED_ITEM('overriding color',(#12849),#6636,
  #12580);
#12849 = PRESENTATION_STYLE_ASSIGNMENT((#12850));
#12850 = SURFACE_STYLE_USAGE(.BOTH.,#12851);
#12851 = SURFACE_SIDE_STYLE('',(#12852));
#12852 = SURFACE_STYLE_FILL_AREA(#12853);
#12853 = FILL_AREA_STYLE('',(#12854));
#12854 = FILL_AREA_STYLE_COLOUR('',#12595);
#12855 = OVER_RIDING_STYLED_ITEM('overriding color',(#12856),#6728,
  #12580);
#12856 = PRESENTATION_STYLE_ASSIGNMENT((#12857));
#12857 = SURFACE_STYLE_USAGE(.BOTH.,#12858);
#12858 = SURFACE_SIDE_STYLE('',(#12859));
#12859 = SURFACE_STYLE_FILL_AREA(#12860);
#12860 = FILL_AREA_STYLE('',(#12861));
#12861 = FILL_AREA_STYLE_COLOUR('',#12595);
#12862 = OVER_RIDING_STYLED_ITEM('overriding color',(#12863),#6759,
  #12580);
#12863 = PRESENTATION_STYLE_ASSIGNMENT((#12864));
#12864 = SURFACE_STYLE_USAGE(.BOTH.,#12865);
#12865 = SURFACE_SIDE_STYLE('',(#12866));
#12866 = SURFACE_STYLE_FILL_AREA(#12867);
#12867 = FILL_AREA_STYLE('',(#12868));
#12868 = FILL_AREA_STYLE_COLOUR('',#12595);
#12869 = OVER_RIDING_STYLED_ITEM('overriding color',(#12870),#6783,
  #12580);
#12870 = PRESENTATION_STYLE_ASSIGNMENT((#12871));
#12871 = SURFACE_STYLE_USAGE(.BOTH.,#12872);
#12872 = SURFACE_SIDE_STYLE('',(#12873));
#12873 = SURFACE_STYLE_FILL_AREA(#12874);
#12874 = FILL_AREA_STYLE('',(#12875));
#12875 = FILL_AREA_STYLE_COLOUR('',#12595);
#12876 = OVER_RIDING_STYLED_ITEM('overriding color',(#12877),#6833,
  #12580);
#12877 = PRESENTATION_STYLE_ASSIGNMENT((#12878));
#12878 = SURFACE_STYLE_USAGE(.BOTH.,#12879);
#12879 = SURFACE_SIDE_STYLE('',(#12880));
#12880 = SURFACE_STYLE_FILL_AREA(#12881);
#12881 = FILL_AREA_STYLE('',(#12882));
#12882 = FILL_AREA_STYLE_COLOUR('',#12595);
#12883 = OVER_RIDING_STYLED_ITEM('overriding color',(#12884),#6907,
  #12580);
#12884 = PRESENTATION_STYLE_ASSIGNMENT((#12885));
#12885 = SURFACE_STYLE_USAGE(.BOTH.,#12886);
#12886 = SURFACE_SIDE_STYLE('',(#12887));
#12887 = SURFACE_STYLE_FILL_AREA(#12888);
#12888 = FILL_AREA_STYLE('',(#12889));
#12889 = FILL_AREA_STYLE_COLOUR('',#12595);
#12890 = OVER_RIDING_STYLED_ITEM('overriding color',(#12891),#6981,
  #12580);
#12891 = PRESENTATION_STYLE_ASSIGNMENT((#12892));
#12892 = SURFACE_STYLE_USAGE(.BOTH.,#12893);
#12893 = SURFACE_SIDE_STYLE('',(#12894));
#12894 = SURFACE_STYLE_FILL_AREA(#12895);
#12895 = FILL_AREA_STYLE('',(#12896));
#12896 = FILL_AREA_STYLE_COLOUR('',#12595);
#12897 = OVER_RIDING_STYLED_ITEM('overriding color',(#12898),#7043,
  #12580);
#12898 = PRESENTATION_STYLE_ASSIGNMENT((#12899));
#12899 = SURFACE_STYLE_USAGE(.BOTH.,#12900);
#12900 = SURFACE_SIDE_STYLE('',(#12901));
#12901 = SURFACE_STYLE_FILL_AREA(#12902);
#12902 = FILL_AREA_STYLE('',(#12903));
#12903 = FILL_AREA_STYLE_COLOUR('',#12595);
#12904 = OVER_RIDING_STYLED_ITEM('overriding color',(#12905),#7067,
  #12580);
#12905 = PRESENTATION_STYLE_ASSIGNMENT((#12906));
#12906 = SURFACE_STYLE_USAGE(.BOTH.,#12907);
#12907 = SURFACE_SIDE_STYLE('',(#12908));
#12908 = SURFACE_STYLE_FILL_AREA(#12909);
#12909 = FILL_AREA_STYLE('',(#12910));
#12910 = FILL_AREA_STYLE_COLOUR('',#12595);
#12911 = OVER_RIDING_STYLED_ITEM('overriding color',(#12912),#7141,
  #12580);
#12912 = PRESENTATION_STYLE_ASSIGNMENT((#12913));
#12913 = SURFACE_STYLE_USAGE(.BOTH.,#12914);
#12914 = SURFACE_SIDE_STYLE('',(#12915));
#12915 = SURFACE_STYLE_FILL_AREA(#12916);
#12916 = FILL_AREA_STYLE('',(#12917));
#12917 = FILL_AREA_STYLE_COLOUR('',#12595);
#12918 = OVER_RIDING_STYLED_ITEM('overriding color',(#12919),#7239,
  #12580);
#12919 = PRESENTATION_STYLE_ASSIGNMENT((#12920));
#12920 = SURFACE_STYLE_USAGE(.BOTH.,#12921);
#12921 = SURFACE_SIDE_STYLE('',(#12922));
#12922 = SURFACE_STYLE_FILL_AREA(#12923);
#12923 = FILL_AREA_STYLE('',(#12924));
#12924 = FILL_AREA_STYLE_COLOUR('',#12595);
#12925 = OVER_RIDING_STYLED_ITEM('overriding color',(#12926),#7313,
  #12580);
#12926 = PRESENTATION_STYLE_ASSIGNMENT((#12927));
#12927 = SURFACE_STYLE_USAGE(.BOTH.,#12928);
#12928 = SURFACE_SIDE_STYLE('',(#12929));
#12929 = SURFACE_STYLE_FILL_AREA(#12930);
#12930 = FILL_AREA_STYLE('',(#12931));
#12931 = FILL_AREA_STYLE_COLOUR('',#12595);
#12932 = OVER_RIDING_STYLED_ITEM('overriding color',(#12933),#7351,
  #12580);
#12933 = PRESENTATION_STYLE_ASSIGNMENT((#12934));
#12934 = SURFACE_STYLE_USAGE(.BOTH.,#12935);
#12935 = SURFACE_SIDE_STYLE('',(#12936));
#12936 = SURFACE_STYLE_FILL_AREA(#12937);
#12937 = FILL_AREA_STYLE('',(#12938));
#12938 = FILL_AREA_STYLE_COLOUR('',#12595);
#12939 = OVER_RIDING_STYLED_ITEM('overriding color',(#12940),#7375,
  #12580);
#12940 = PRESENTATION_STYLE_ASSIGNMENT((#12941));
#12941 = SURFACE_STYLE_USAGE(.BOTH.,#12942);
#12942 = SURFACE_SIDE_STYLE('',(#12943));
#12943 = SURFACE_STYLE_FILL_AREA(#12944);
#12944 = FILL_AREA_STYLE('',(#12945));
#12945 = FILL_AREA_STYLE_COLOUR('',#12595);
#12946 = OVER_RIDING_STYLED_ITEM('overriding color',(#12947),#7399,
  #12580);
#12947 = PRESENTATION_STYLE_ASSIGNMENT((#12948));
#12948 = SURFACE_STYLE_USAGE(.BOTH.,#12949);
#12949 = SURFACE_SIDE_STYLE('',(#12950));
#12950 = SURFACE_STYLE_FILL_AREA(#12951);
#12951 = FILL_AREA_STYLE('',(#12952));
#12952 = FILL_AREA_STYLE_COLOUR('',#12595);
#12953 = OVER_RIDING_STYLED_ITEM('overriding color',(#12954),#7416,
  #12580);
#12954 = PRESENTATION_STYLE_ASSIGNMENT((#12955));
#12955 = SURFACE_STYLE_USAGE(.BOTH.,#12956);
#12956 = SURFACE_SIDE_STYLE('',(#12957));
#12957 = SURFACE_STYLE_FILL_AREA(#12958);
#12958 = FILL_AREA_STYLE('',(#12959));
#12959 = FILL_AREA_STYLE_COLOUR('',#12595);
#12960 = MECHANICAL_DESIGN_GEOMETRIC_PRESENTATION_REPRESENTATION('',(
    #12961),#11176);
#12961 = STYLED_ITEM('color',(#12962),#11026);
#12962 = PRESENTATION_STYLE_ASSIGNMENT((#12963,#12968));
#12963 = SURFACE_STYLE_USAGE(.BOTH.,#12964);
#12964 = SURFACE_SIDE_STYLE('',(#12965));
#12965 = SURFACE_STYLE_FILL_AREA(#12966);
#12966 = FILL_AREA_STYLE('',(#12967));
#12967 = FILL_AREA_STYLE_COLOUR('',#12492);
#12968 = CURVE_STYLE('',#12969,POSITIVE_LENGTH_MEASURE(0.1),#12492);
#12969 = DRAUGHTING_PRE_DEFINED_CURVE_FONT('continuous');
#12970 = MECHANICAL_DESIGN_GEOMETRIC_PRESENTATION_REPRESENTATION('',(
    #12971),#10756);
#12971 = STYLED_ITEM('color',(#12972),#10606);
#12972 = PRESENTATION_STYLE_ASSIGNMENT((#12973,#12978));
#12973 = SURFACE_STYLE_USAGE(.BOTH.,#12974);
#12974 = SURFACE_SIDE_STYLE('',(#12975));
#12975 = SURFACE_STYLE_FILL_AREA(#12976);
#12976 = FILL_AREA_STYLE('',(#12977));
#12977 = FILL_AREA_STYLE_COLOUR('',#12492);
#12978 = CURVE_STYLE('',#12979,POSITIVE_LENGTH_MEASURE(0.1),#12492);
#12979 = DRAUGHTING_PRE_DEFINED_CURVE_FONT('continuous');
#12980 = MECHANICAL_DESIGN_GEOMETRIC_PRESENTATION_REPRESENTATION('',(
    #12981),#8141);
#12981 = STYLED_ITEM('color',(#12982),#7991);
#12982 = PRESENTATION_STYLE_ASSIGNMENT((#12983,#12988));
#12983 = SURFACE_STYLE_USAGE(.BOTH.,#12984);
#12984 = SURFACE_SIDE_STYLE('',(#12985));
#12985 = SURFACE_STYLE_FILL_AREA(#12986);
#12986 = FILL_AREA_STYLE('',(#12987));
#12987 = FILL_AREA_STYLE_COLOUR('',#12492);
#12988 = CURVE_STYLE('',#12989,POSITIVE_LENGTH_MEASURE(0.1),#12492);
#12989 = DRAUGHTING_PRE_DEFINED_CURVE_FONT('continuous');
#12990 = MECHANICAL_DESIGN_GEOMETRIC_PRESENTATION_REPRESENTATION('',(
    #12991),#7624);
#12991 = STYLED_ITEM('color',(#12992),#7474);
#12992 = PRESENTATION_STYLE_ASSIGNMENT((#12993,#12998));
#12993 = SURFACE_STYLE_USAGE(.BOTH.,#12994);
#12994 = SURFACE_SIDE_STYLE('',(#12995));
#12995 = SURFACE_STYLE_FILL_AREA(#12996);
#12996 = FILL_AREA_STYLE('',(#12997));
#12997 = FILL_AREA_STYLE_COLOUR('',#12481);
#12998 = CURVE_STYLE('',#12999,POSITIVE_LENGTH_MEASURE(0.1),#12481);
#12999 = DRAUGHTING_PRE_DEFINED_CURVE_FONT('continuous');
#13000 = MECHANICAL_DESIGN_GEOMETRIC_PRESENTATION_REPRESENTATION('',(
    #13001),#10948);
#13001 = STYLED_ITEM('color',(#13002),#10798);
#13002 = PRESENTATION_STYLE_ASSIGNMENT((#13003,#13008));
#13003 = SURFACE_STYLE_USAGE(.BOTH.,#13004);
#13004 = SURFACE_SIDE_STYLE('',(#13005));
#13005 = SURFACE_STYLE_FILL_AREA(#13006);
#13006 = FILL_AREA_STYLE('',(#13007));
#13007 = FILL_AREA_STYLE_COLOUR('',#12481);
#13008 = CURVE_STYLE('',#13009,POSITIVE_LENGTH_MEASURE(0.1),#12481);
#13009 = DRAUGHTING_PRE_DEFINED_CURVE_FONT('continuous');
#13010 = MECHANICAL_DESIGN_GEOMETRIC_PRESENTATION_REPRESENTATION('',(
    #13011),#12154);
#13011 = STYLED_ITEM('color',(#13012),#12004);
#13012 = PRESENTATION_STYLE_ASSIGNMENT((#13013,#13018));
#13013 = SURFACE_STYLE_USAGE(.BOTH.,#13014);
#13014 = SURFACE_SIDE_STYLE('',(#13015));
#13015 = SURFACE_STYLE_FILL_AREA(#13016);
#13016 = FILL_AREA_STYLE('',(#13017));
#13017 = FILL_AREA_STYLE_COLOUR('',#12481);
#13018 = CURVE_STYLE('',#13019,POSITIVE_LENGTH_MEASURE(0.1),#12481);
#13019 = DRAUGHTING_PRE_DEFINED_CURVE_FONT('continuous');
ENDSEC;
END-ISO-10303-21;
